order_id,supplier_id,product_id,order_date,quantity,priority,expected_delivery,actual_delivery,delivery_delay,status
ORD000001,SUP0025,PRD0036,2025-08-10,1106,Standard,2025-08-18,2025-08-18,0,On Time
ORD000002,SUP0016,PRD0042,2025-12-08,492,Standard,2025-12-16,2025-12-15,0,On Time
ORD000003,SUP0045,PRD0042,2025-05-29,501,High,2025-06-04,2025-06-08,4,Delayed
ORD000004,SUP0028,PRD0028,2025-02-16,309,High,2025-02-25,2025-02-26,1,Delayed
ORD000005,SUP0006,PRD0009,2024-10-07,1866,Standard,2024-10-19,2024-10-21,2,Delayed
ORD000006,SUP0007,PRD0004,2025-09-11,490,High,2025-09-22,2025-09-22,0,On Time
ORD000007,SUP0030,PRD0039,2024-10-04,568,High,2024-10-13,2024-10-12,0,On Time
ORD000008,SUP0010,PRD0014,2026-09-23,1712,Standard,2026-09-30,,,In Transit
ORD000009,SUP0059,PRD0045,2025-12-13,1819,Standard,2025-12-18,2025-12-18,0,On Time
ORD000010,SUP0049,PRD0006,2025-11-02,1600,Standard,2025-11-09,2025-11-09,0,On Time
ORD000011,SUP0039,PRD0004,2025-05-19,1648,Standard,2025-05-23,2025-05-29,6,Delayed
ORD000012,SUP0021,PRD0030,2026-02-22,339,High,2026-03-01,2026-03-01,0,On Time
ORD000013,SUP0050,PRD0041,2025-05-19,257,Standard,2025-05-21,2025-05-20,0,On Time
ORD000014,SUP0008,PRD0003,2026-01-30,1389,Urgent,2026-02-08,2026-02-07,0,On Time
ORD000015,SUP0016,PRD0001,2024-10-03,1849,Standard,2024-10-11,2024-10-11,0,On Time
ORD000016,SUP0036,PRD0005,2025-11-20,1795,Standard,2025-11-26,2025-11-26,0,On Time
ORD000017,SUP0011,PRD0003,2025-04-17,1446,Standard,2025-04-22,2025-04-21,0,On Time
ORD000018,SUP0018,PRD0009,2026-09-10,1674,Standard,2026-09-16,2026-09-15,0,On Time
ORD000019,SUP0051,PRD0012,2026-06-27,1679,Standard,2026-07-02,2026-07-01,0,On Time
ORD000020,SUP0034,PRD0024,2026-03-30,1358,High,2026-04-03,2026-04-03,0,On Time
ORD000021,SUP0044,PRD0019,2026-09-14,308,High,2026-09-20,2026-09-20,0,On Time
ORD000022,SUP0001,PRD0020,2025-06-18,1045,High,2025-06-30,2025-07-03,3,Delayed
ORD000023,SUP0040,PRD0031,2025-07-14,328,Standard,2025-07-20,2025-07-23,3,Delayed
ORD000024,SUP0058,PRD0042,2026-02-08,407,Standard,2026-02-14,2026-02-14,0,On Time
ORD000025,SUP0021,PRD0034,2025-09-07,1761,Standard,2025-09-14,2025-09-14,0,On Time
ORD000026,SUP0023,PRD0030,2024-12-04,1486,Standard,2024-12-11,2024-12-11,0,On Time
ORD000027,SUP0027,PRD0041,2024-12-15,1559,Standard,2024-12-21,2024-12-21,0,On Time
ORD000028,SUP0048,PRD0020,2024-10-03,416,Urgent,2024-10-10,2024-10-16,6,Delayed
ORD000029,SUP0060,PRD0033,2025-07-01,1611,Standard,2025-07-08,2025-07-08,0,On Time
ORD000030,SUP0024,PRD0026,2025-06-10,1221,Standard,2025-06-18,2025-06-18,0,On Time
ORD000031,SUP0035,PRD0022,2026-08-11,1013,Standard,2026-08-16,2026-08-15,0,On Time
ORD000032,SUP0023,PRD0015,2026-04-12,270,Standard,2026-04-19,2026-04-18,0,On Time
ORD000033,SUP0002,PRD0011,2026-08-25,1457,High,2026-09-03,2026-09-07,4,Delayed
ORD000034,SUP0046,PRD0022,2025-06-07,563,Standard,2025-06-10,2025-06-09,0,On Time
ORD000035,SUP0004,PRD0012,2025-09-06,914,Urgent,2025-09-18,2025-09-19,1,Delayed
ORD000036,SUP0029,PRD0031,2025-03-27,1308,Standard,2025-04-01,2025-04-05,4,Delayed
ORD000037,SUP0009,PRD0035,2025-05-03,632,Urgent,2025-05-09,2025-05-09,0,On Time
ORD000038,SUP0055,PRD0016,2025-12-20,1964,Standard,2025-12-29,2025-12-29,0,On Time
ORD000039,SUP0057,PRD0025,2025-05-10,452,Standard,2025-05-15,2025-05-15,0,On Time
ORD000040,SUP0051,PRD0024,2025-07-20,1089,Standard,2025-07-25,2025-07-24,0,On Time
ORD000041,SUP0007,PRD0027,2026-06-11,756,Standard,2026-06-22,2026-07-03,11,Delayed
ORD000042,SUP0018,PRD0005,2026-05-30,815,Standard,2026-06-05,2026-06-05,0,On Time
ORD000043,SUP0037,PRD0006,2026-08-15,822,Standard,2026-08-22,2026-08-22,0,On Time
ORD000044,SUP0007,PRD0028,2025-02-07,1694,Standard,2025-02-18,2025-02-17,0,On Time
ORD000045,SUP0012,PRD0032,2025-03-28,1759,Standard,2025-04-02,2025-04-02,0,On Time
ORD000046,SUP0053,PRD0033,2025-10-24,1066,Standard,2025-10-29,2025-10-28,0,On Time
ORD000047,SUP0003,PRD0040,2026-08-14,157,Standard,2026-08-23,2026-08-22,0,On Time
ORD000048,SUP0032,PRD0018,2025-08-24,1064,Standard,2025-08-30,2025-08-30,0,On Time
ORD000049,SUP0022,PRD0043,2024-12-31,373,Standard,2025-01-08,2025-01-08,0,On Time
ORD000050,SUP0058,PRD0044,2025-06-28,1113,Standard,2025-07-04,2025-07-03,0,On Time
ORD000051,SUP0023,PRD0042,2024-12-26,322,Standard,2025-01-02,2025-01-02,0,On Time
ORD000052,SUP0037,PRD0024,2026-09-05,806,Urgent,2026-09-12,2026-09-12,0,On Time
ORD000053,SUP0009,PRD0034,2026-05-18,1635,Urgent,2026-05-24,2026-05-24,0,On Time
ORD000054,SUP0010,PRD0026,2026-02-08,689,High,2026-02-15,2026-02-14,0,On Time
ORD000055,SUP0040,PRD0034,2025-12-27,117,Urgent,2026-01-02,2026-01-02,0,On Time
ORD000056,SUP0013,PRD0013,2025-10-21,881,Urgent,2025-10-26,2025-10-31,5,Delayed
ORD000057,SUP0017,PRD0003,2025-04-22,1757,Standard,2025-04-26,2025-04-26,0,On Time
ORD000058,SUP0008,PRD0023,2026-04-25,1268,Standard,2026-05-04,2026-05-03,0,On Time
ORD000059,SUP0025,PRD0021,2026-03-12,1441,Standard,2026-03-20,2026-03-20,0,On Time
ORD000060,SUP0036,PRD0024,2025-12-20,1900,Standard,2025-12-26,2025-12-25,0,On Time
ORD000061,SUP0060,PRD0002,2026-06-07,1171,High,2026-06-14,2026-06-13,0,On Time
ORD000062,SUP0054,PRD0021,2025-04-20,1983,Standard,2025-04-26,2025-04-26,0,On Time
ORD000063,SUP0022,PRD0017,2026-08-19,1431,Standard,2026-08-27,2026-08-26,0,On Time
ORD000064,SUP0025,PRD0027,2025-01-17,1442,Standard,2025-01-25,2025-01-25,0,On Time
ORD000065,SUP0012,PRD0016,2026-01-13,811,Standard,2026-01-18,2026-01-17,0,On Time
ORD000066,SUP0027,PRD0015,2026-05-24,192,Standard,2026-05-30,2026-05-30,0,On Time
ORD000067,SUP0019,PRD0015,2024-10-15,1775,High,2024-10-19,2024-10-18,0,On Time
ORD000068,SUP0047,PRD0042,2026-03-30,500,Standard,2026-04-04,2026-04-04,0,On Time
ORD000069,SUP0046,PRD0013,2025-01-09,568,Standard,2025-01-12,2025-01-12,0,On Time
ORD000070,SUP0055,PRD0025,2026-08-29,1088,Standard,2026-09-07,2026-09-07,0,On Time
ORD000071,SUP0045,PRD0029,2025-04-04,622,Standard,2025-04-10,2025-04-10,0,On Time
ORD000072,SUP0059,PRD0025,2025-08-16,1374,High,2025-08-21,2025-08-20,0,On Time
ORD000073,SUP0058,PRD0020,2025-12-18,731,Standard,2025-12-24,2025-12-24,0,On Time
ORD000074,SUP0052,PRD0032,2026-06-14,1093,Standard,2026-06-23,2026-06-22,0,On Time
ORD000075,SUP0049,PRD0042,2025-03-27,811,Urgent,2025-04-03,2025-04-02,0,On Time
ORD000076,SUP0051,PRD0045,2024-10-16,1492,Standard,2024-10-21,2024-10-21,0,On Time
ORD000077,SUP0038,PRD0011,2025-08-28,1402,Standard,2025-09-04,2025-09-04,0,On Time
ORD000078,SUP0018,PRD0017,2025-09-01,1176,High,2025-09-07,2025-09-06,0,On Time
ORD000079,SUP0018,PRD0008,2026-06-17,1146,High,2026-06-23,2026-06-24,1,Delayed
ORD000080,SUP0021,PRD0011,2025-01-06,1679,Standard,2025-01-13,2025-01-12,0,On Time
ORD000081,SUP0007,PRD0045,2025-07-11,906,Standard,2025-07-22,2025-07-29,7,Delayed
ORD000082,SUP0010,PRD0040,2025-07-19,1243,Standard,2025-07-26,2025-07-26,0,On Time
ORD000083,SUP0057,PRD0036,2025-01-09,1181,Standard,2025-01-14,2025-01-13,0,On Time
ORD000084,SUP0054,PRD0032,2025-08-25,232,Standard,2025-08-31,2025-08-31,0,On Time
ORD000085,SUP0031,PRD0023,2025-11-05,494,Urgent,2025-11-14,2025-11-14,0,On Time
ORD000086,SUP0040,PRD0002,2024-10-18,1998,High,2024-10-24,2024-10-28,4,Delayed
ORD000087,SUP0008,PRD0015,2026-09-10,647,Standard,2026-09-19,2026-09-18,0,On Time
ORD000088,SUP0026,PRD0035,2025-06-25,1347,High,2025-07-02,2025-07-01,0,On Time
ORD000089,SUP0055,PRD0019,2026-05-20,1873,High,2026-05-29,2026-05-28,0,On Time
ORD000090,SUP0045,PRD0010,2025-01-30,987,High,2025-02-05,2025-02-05,0,On Time
ORD000091,SUP0055,PRD0007,2024-12-09,658,Standard,2024-12-18,2024-12-17,0,On Time
ORD000092,SUP0005,PRD0004,2025-03-14,11,Standard,2025-03-26,2025-03-25,0,On Time
ORD000093,SUP0021,PRD0038,2026-01-17,1495,High,2026-01-24,2026-01-23,0,On Time
ORD000094,SUP0009,PRD0025,2025-04-13,1648,Standard,2025-04-19,2025-04-19,0,On Time
ORD000095,SUP0026,PRD0034,2025-07-14,1095,Standard,2025-07-21,2025-07-20,0,On Time
ORD000096,SUP0046,PRD0033,2025-10-27,1503,Standard,2025-10-30,2025-10-29,0,On Time
ORD000097,SUP0038,PRD0034,2025-03-01,1300,Standard,2025-03-08,2025-03-08,0,On Time
ORD000098,SUP0006,PRD0002,2025-01-26,358,Urgent,2025-02-07,2025-02-13,6,Delayed
ORD000099,SUP0052,PRD0030,2025-01-08,1975,High,2025-01-17,2025-01-17,0,On Time
ORD000100,SUP0024,PRD0044,2026-08-23,1951,Standard,2026-08-31,2026-08-31,0,On Time
ORD000101,SUP0029,PRD0014,2026-01-20,1893,Standard,2026-01-25,2026-01-24,0,On Time
ORD000102,SUP0034,PRD0017,2025-07-06,1658,Standard,2025-07-10,2025-07-15,5,Delayed
ORD000103,SUP0056,PRD0022,2025-12-11,750,High,2025-12-16,2025-12-15,0,On Time
ORD000104,SUP0026,PRD0016,2024-12-15,1654,Standard,2024-12-22,2024-12-22,0,On Time
ORD000105,SUP0008,PRD0015,2025-10-14,333,Standard,2025-10-23,2025-10-23,0,On Time
ORD000106,SUP0041,PRD0001,2025-06-21,12,Standard,2025-06-25,2025-06-24,0,On Time
ORD000107,SUP0047,PRD0041,2025-02-02,1681,Urgent,2025-02-07,2025-02-07,0,On Time
ORD000108,SUP0029,PRD0016,2025-09-10,128,Standard,2025-09-15,2025-09-14,0,On Time
ORD000109,SUP0019,PRD0010,2026-02-06,63,Standard,2026-02-10,2026-02-13,3,Delayed
ORD000110,SUP0013,PRD0004,2025-10-14,360,Standard,2025-10-19,2025-10-18,0,On Time
ORD000111,SUP0021,PRD0003,2025-06-19,496,Standard,2025-06-26,2025-06-25,0,On Time
ORD000112,SUP0016,PRD0037,2025-07-31,418,Standard,2025-08-08,2025-08-08,0,On Time
ORD000113,SUP0046,PRD0006,2024-12-17,111,High,2024-12-20,2024-12-19,0,On Time
ORD000114,SUP0008,PRD0005,2026-08-30,1511,Urgent,2026-09-08,2026-09-08,0,On Time
ORD000115,SUP0027,PRD0019,2024-11-02,427,Standard,2024-11-08,2024-11-07,0,On Time
ORD000116,SUP0057,PRD0042,2026-07-27,1614,Standard,2026-08-01,2026-07-31,0,On Time
ORD000117,SUP0032,PRD0044,2025-09-24,586,Standard,2025-09-30,2025-09-30,0,On Time
ORD000118,SUP0024,PRD0030,2025-09-07,264,Standard,2025-09-15,2025-09-14,0,On Time
ORD000119,SUP0048,PRD0027,2026-06-21,71,Standard,2026-06-28,2026-06-28,0,On Time
ORD000120,SUP0025,PRD0018,2026-05-05,1269,Standard,2026-05-13,2026-05-13,0,On Time
ORD000121,SUP0047,PRD0021,2025-05-28,549,Standard,2025-06-02,2025-06-01,0,On Time
ORD000122,SUP0028,PRD0017,2025-06-12,1113,Standard,2025-06-21,2025-06-20,0,On Time
ORD000123,SUP0032,PRD0008,2024-12-08,618,Standard,2024-12-14,2024-12-14,0,On Time
ORD000124,SUP0024,PRD0035,2026-04-20,1129,High,2026-04-28,2026-04-28,0,On Time
ORD000125,SUP0059,PRD0027,2026-08-05,371,Urgent,2026-08-10,2026-08-10,0,On Time
ORD000126,SUP0004,PRD0005,2026-06-08,791,Standard,2026-06-20,2026-06-20,0,On Time
ORD000127,SUP0037,PRD0031,2024-10-28,1872,High,2024-11-04,2024-11-03,0,On Time
ORD000128,SUP0002,PRD0011,2025-01-18,1705,Standard,2025-01-27,2025-01-26,0,On Time
ORD000129,SUP0035,PRD0015,2026-04-25,1873,Standard,2026-04-30,2026-04-30,0,On Time
ORD000130,SUP0023,PRD0031,2024-11-12,547,Standard,2024-11-19,2024-11-18,0,On Time
ORD000131,SUP0013,PRD0044,2025-10-25,489,Standard,2025-10-30,2025-10-30,0,On Time
ORD000132,SUP0052,PRD0044,2026-08-07,1192,Standard,2026-08-16,2026-08-16,0,On Time
ORD000133,SUP0024,PRD0022,2026-05-12,1015,Standard,2026-05-20,2026-05-20,0,On Time
ORD000134,SUP0059,PRD0043,2026-07-23,855,Standard,2026-07-28,2026-07-27,0,On Time
ORD000135,SUP0053,PRD0038,2026-04-30,450,High,2026-05-05,2026-05-05,0,On Time
ORD000136,SUP0019,PRD0043,2024-11-17,57,Standard,2024-11-21,2024-11-21,0,On Time
ORD000137,SUP0035,PRD0031,2025-01-27,1257,Standard,2025-02-01,2025-02-01,0,On Time
ORD000138,SUP0038,PRD0044,2025-11-26,928,Standard,2025-12-03,2025-12-03,0,On Time
ORD000139,SUP0035,PRD0016,2025-02-14,989,Standard,2025-02-19,2025-02-19,0,On Time
ORD000140,SUP0057,PRD0019,2025-03-13,1619,Standard,2025-03-18,2025-03-25,7,Delayed
ORD000141,SUP0060,PRD0029,2026-06-25,1769,Standard,2026-07-02,2026-07-01,0,On Time
ORD000142,SUP0026,PRD0017,2025-02-26,1073,Standard,2025-03-05,2025-03-05,0,On Time
ORD000143,SUP0013,PRD0014,2026-02-25,1094,Urgent,2026-03-02,2026-03-01,0,On Time
ORD000144,SUP0003,PRD0042,2026-04-07,1676,High,2026-04-16,2026-04-17,1,Delayed
ORD000145,SUP0057,PRD0025,2025-01-22,1447,Standard,2025-01-27,2025-01-27,0,On Time
ORD000146,SUP0035,PRD0045,2026-04-29,895,Standard,2026-05-04,2026-05-03,0,On Time
ORD000147,SUP0048,PRD0013,2025-02-15,1031,High,2025-02-22,2025-02-21,0,On Time
ORD000148,SUP0006,PRD0025,2025-01-01,1418,High,2025-01-13,2025-01-13,0,On Time
ORD000149,SUP0022,PRD0006,2026-08-16,1256,Standard,2026-08-24,2026-08-23,0,On Time
ORD000150,SUP0033,PRD0010,2026-09-01,1798,Standard,2026-09-07,2026-09-07,0,On Time
ORD000151,SUP0028,PRD0018,2025-08-28,1726,Standard,2025-09-06,2025-09-05,0,On Time
ORD000152,SUP0024,PRD0026,2026-03-10,164,Urgent,2026-03-18,2026-03-18,0,On Time
ORD000153,SUP0051,PRD0002,2025-12-19,182,Urgent,2025-12-24,2025-12-24,0,On Time
ORD000154,SUP0013,PRD0018,2026-05-18,445,Urgent,2026-05-23,2026-05-23,0,On Time
ORD000155,SUP0003,PRD0003,2025-03-21,1130,Standard,2025-03-30,2025-04-06,7,Delayed
ORD000156,SUP0004,PRD0017,2025-01-16,1141,Standard,2025-01-28,2025-01-28,0,On Time
ORD000157,SUP0048,PRD0037,2025-02-24,1019,Urgent,2025-03-03,2025-03-03,0,On Time
ORD000158,SUP0052,PRD0006,2025-01-01,702,Standard,2025-01-10,2025-01-11,1,Delayed
ORD000159,SUP0038,PRD0018,2026-08-18,1700,Standard,2026-08-25,2026-08-24,0,On Time
ORD000160,SUP0033,PRD0009,2025-12-22,648,Standard,2025-12-28,2025-12-28,0,On Time
ORD000161,SUP0049,PRD0033,2025-03-15,1537,Standard,2025-03-22,2025-03-22,0,On Time
ORD000162,SUP0057,PRD0027,2026-05-20,223,Standard,2026-05-25,2026-05-24,0,On Time
ORD000163,SUP0057,PRD0045,2025-08-14,561,Standard,2025-08-19,2025-08-19,0,On Time
ORD000164,SUP0029,PRD0034,2026-09-07,142,Standard,2026-09-12,2026-09-12,0,On Time
ORD000165,SUP0037,PRD0045,2024-11-06,1199,Standard,2024-11-13,2024-11-12,0,On Time
ORD000166,SUP0054,PRD0037,2026-03-05,130,High,2026-03-11,2026-03-11,0,On Time
ORD000167,SUP0055,PRD0029,2025-08-07,917,Standard,2025-08-16,2025-08-16,0,On Time
ORD000168,SUP0038,PRD0036,2025-08-12,1328,Standard,2025-08-19,2025-08-19,0,On Time
ORD000169,SUP0036,PRD0037,2025-08-05,1261,Standard,2025-08-11,2025-08-10,0,On Time
ORD000170,SUP0045,PRD0027,2025-10-22,438,Standard,2025-10-28,2025-10-28,0,On Time
ORD000171,SUP0023,PRD0034,2025-12-30,235,Standard,2026-01-06,2026-01-06,0,On Time
ORD000172,SUP0017,PRD0037,2024-12-12,1912,Standard,2024-12-16,2024-12-18,2,Delayed
ORD000173,SUP0020,PRD0040,2025-10-20,386,Standard,2025-10-24,2025-10-23,0,On Time
ORD000174,SUP0043,PRD0036,2026-03-30,721,Standard,2026-04-06,2026-04-05,0,On Time
ORD000175,SUP0015,PRD0006,2025-05-12,771,Standard,2025-05-18,2025-05-18,0,On Time
ORD000176,SUP0043,PRD0011,2025-08-03,967,High,2025-08-10,2025-08-10,0,On Time
ORD000177,SUP0013,PRD0037,2025-08-22,884,Standard,2025-08-27,2025-08-26,0,On Time
ORD000178,SUP0022,PRD0016,2025-03-17,940,High,2025-03-25,2025-03-24,0,On Time
ORD000179,SUP0011,PRD0013,2025-05-16,375,Standard,2025-05-21,2025-05-22,1,Delayed
ORD000180,SUP0027,PRD0041,2026-06-17,744,Urgent,2026-06-23,2026-06-22,0,On Time
ORD000181,SUP0022,PRD0029,2025-09-27,1260,Standard,2025-10-05,2025-10-05,0,On Time
ORD000182,SUP0060,PRD0038,2025-08-17,1780,Standard,2025-08-24,2025-08-24,0,On Time
ORD000183,SUP0046,PRD0001,2024-11-28,1423,Standard,2024-12-01,2024-11-30,0,On Time
ORD000184,SUP0030,PRD0035,2025-08-24,1140,Standard,2025-09-02,2025-09-02,0,On Time
ORD000185,SUP0043,PRD0036,2025-03-13,401,High,2025-03-20,2025-03-20,0,On Time
ORD000186,SUP0060,PRD0008,2024-12-26,1780,Standard,2025-01-02,2025-01-01,0,On Time
ORD000187,SUP0050,PRD0043,2025-12-15,1261,Standard,2025-12-17,2025-12-17,0,On Time
ORD000188,SUP0034,PRD0011,2025-03-06,347,Urgent,2025-03-10,2025-03-09,0,On Time
ORD000189,SUP0046,PRD0038,2025-07-20,128,Standard,2025-07-23,2025-07-23,0,On Time
ORD000190,SUP0012,PRD0045,2025-03-13,1625,Standard,2025-03-18,2025-03-17,0,On Time
ORD000191,SUP0018,PRD0037,2026-02-05,1998,Urgent,2026-02-11,2026-02-11,0,On Time
ORD000192,SUP0017,PRD0001,2025-11-12,536,Standard,2025-11-16,2025-11-15,0,On Time
ORD000193,SUP0047,PRD0035,2026-04-17,1220,Standard,2026-04-22,2026-04-22,0,On Time
ORD000194,SUP0051,PRD0026,2026-02-04,18,Standard,2026-02-09,2026-02-09,0,On Time
ORD000195,SUP0013,PRD0024,2025-03-01,1796,Standard,2025-03-06,2025-03-06,0,On Time
ORD000196,SUP0006,PRD0008,2025-06-03,1496,Standard,2025-06-15,2025-06-18,3,Delayed
ORD000197,SUP0034,PRD0022,2025-07-25,876,Standard,2025-07-29,2025-07-29,0,On Time
ORD000198,SUP0039,PRD0008,2025-01-06,1966,Urgent,2025-01-10,2025-01-09,0,On Time
ORD000199,SUP0005,PRD0033,2025-03-28,1986,Standard,2025-04-09,2025-04-09,0,On Time
ORD000200,SUP0006,PRD0008,2025-01-04,409,Standard,2025-01-16,2025-01-18,2,Delayed
ORD000201,SUP0012,PRD0041,2026-05-01,431,Standard,2026-05-06,2026-05-06,0,On Time
ORD000202,SUP0016,PRD0013,2024-12-26,516,Standard,2025-01-03,2025-01-02,0,On Time
ORD000203,SUP0056,PRD0039,2025-03-13,811,Standard,2025-03-18,2025-03-17,0,On Time
ORD000204,SUP0003,PRD0020,2026-04-25,1282,High,2026-05-04,2026-05-10,6,Delayed
ORD000205,SUP0037,PRD0039,2026-06-10,503,High,2026-06-17,2026-06-17,0,On Time
ORD000206,SUP0004,PRD0005,2025-10-29,618,Standard,2025-11-10,2025-11-10,0,On Time
ORD000207,SUP0008,PRD0043,2026-04-20,326,High,2026-04-29,2026-04-29,0,On Time
ORD000208,SUP0027,PRD0045,2025-02-13,1059,High,2025-02-19,2025-02-19,0,On Time
ORD000209,SUP0038,PRD0006,2025-04-27,852,Standard,2025-05-04,2025-05-03,0,On Time
ORD000210,SUP0031,PRD0039,2025-10-02,1169,High,2025-10-11,2025-10-10,0,On Time
ORD000211,SUP0048,PRD0034,2025-03-29,1550,Standard,2025-04-05,2025-04-04,0,On Time
ORD000212,SUP0032,PRD0021,2025-06-02,1592,High,2025-06-08,2025-06-08,0,On Time
ORD000213,SUP0010,PRD0016,2026-09-15,790,Urgent,2026-09-22,2026-09-22,0,On Time
ORD000214,SUP0029,PRD0027,2025-03-11,196,Standard,2025-03-16,2025-03-15,0,On Time
ORD000215,SUP0031,PRD0018,2026-04-25,1205,Standard,2026-05-04,2026-05-03,0,On Time
ORD000216,SUP0054,PRD0010,2025-03-31,1542,Standard,2025-04-06,2025-04-05,0,On Time
ORD000217,SUP0057,PRD0002,2026-05-26,1896,Standard,2026-05-31,2026-05-31,0,On Time
ORD000218,SUP0043,PRD0022,2025-12-14,996,High,2025-12-21,2025-12-20,0,On Time
ORD000219,SUP0046,PRD0018,2024-10-23,1684,High,2024-10-26,2024-10-26,0,On Time
ORD000220,SUP0004,PRD0024,2025-10-27,522,High,2025-11-08,2025-11-08,0,On Time
ORD000221,SUP0018,PRD0024,2025-03-06,1099,Standard,2025-03-12,2025-03-12,0,On Time
ORD000222,SUP0015,PRD0016,2025-07-23,64,Standard,2025-07-29,2025-07-29,0,On Time
ORD000223,SUP0023,PRD0024,2026-03-25,1856,Standard,2026-04-01,2026-03-31,0,On Time
ORD000224,SUP0027,PRD0001,2025-05-14,411,Standard,2025-05-20,2025-05-20,0,On Time
ORD000225,SUP0059,PRD0007,2025-11-25,265,Urgent,2025-11-30,2025-11-29,0,On Time
ORD000226,SUP0055,PRD0038,2026-05-23,671,Standard,2026-06-01,2026-05-31,0,On Time
ORD000227,SUP0012,PRD0004,2024-12-27,767,Standard,2025-01-01,2024-12-31,0,On Time
ORD000228,SUP0005,PRD0034,2025-10-19,1656,Standard,2025-10-31,2025-10-31,0,On Time
ORD000229,SUP0025,PRD0029,2026-07-03,621,Standard,2026-07-11,2026-07-11,0,On Time
ORD000230,SUP0043,PRD0008,2026-02-24,698,High,2026-03-03,2026-03-02,0,On Time
ORD000231,SUP0047,PRD0007,2025-04-08,849,Standard,2025-04-13,2025-04-13,0,On Time
ORD000232,SUP0051,PRD0030,2026-08-23,1375,High,2026-08-28,2026-08-28,0,On Time
ORD000233,SUP0013,PRD0010,2025-05-12,1507,Standard,2025-05-17,2025-05-17,0,On Time
ORD000234,SUP0055,PRD0012,2026-09-16,1141,Standard,2026-09-25,2026-09-24,0,On Time
ORD000235,SUP0027,PRD0029,2025-12-18,318,Standard,2025-12-24,2025-12-27,3,Delayed
ORD000236,SUP0042,PRD0028,2025-11-11,1368,Standard,2025-11-18,2025-11-17,0,On Time
ORD000237,SUP0027,PRD0011,2024-12-02,1992,Standard,2024-12-08,2024-12-08,0,On Time
ORD000238,SUP0045,PRD0021,2026-06-06,1661,Standard,2026-06-12,2026-06-12,0,On Time
ORD000239,SUP0033,PRD0028,2025-09-28,174,Standard,2025-10-04,2025-10-04,0,On Time
ORD000240,SUP0030,PRD0045,2026-01-10,1207,Standard,2026-01-19,2026-01-25,6,Delayed
ORD000241,SUP0041,PRD0042,2025-09-15,1034,Urgent,2025-09-19,2025-09-19,0,On Time
ORD000242,SUP0029,PRD0027,2025-10-08,906,Standard,2025-10-13,2025-10-12,0,On Time
ORD000243,SUP0036,PRD0020,2024-10-01,1295,Standard,2024-10-07,2024-10-07,0,On Time
ORD000244,SUP0045,PRD0044,2025-03-06,1144,Standard,2025-03-12,2025-03-11,0,On Time
ORD000245,SUP0025,PRD0015,2025-12-29,398,High,2026-01-06,2026-01-05,0,On Time
ORD000246,SUP0025,PRD0012,2025-01-20,469,High,2025-01-28,2025-01-28,0,On Time
ORD000247,SUP0030,PRD0045,2026-06-09,726,Standard,2026-06-18,2026-06-18,0,On Time
ORD000248,SUP0018,PRD0029,2026-02-08,533,Urgent,2026-02-14,2026-02-14,0,On Time
ORD000249,SUP0007,PRD0029,2025-10-18,688,Standard,2025-10-29,2025-10-28,0,On Time
ORD000250,SUP0056,PRD0031,2025-07-03,1061,Standard,2025-07-08,2025-07-08,0,On Time
ORD000251,SUP0015,PRD0045,2026-09-16,903,Standard,2026-09-22,2026-09-22,0,On Time
ORD000252,SUP0048,PRD0029,2024-10-28,648,Standard,2024-11-04,2024-11-04,0,On Time
ORD000253,SUP0035,PRD0019,2026-01-06,830,Standard,2026-01-11,2026-01-11,0,On Time
ORD000254,SUP0021,PRD0020,2025-10-18,263,Standard,2025-10-25,2025-10-24,0,On Time
ORD000255,SUP0004,PRD0035,2025-03-15,218,Standard,2025-03-27,2025-03-26,0,On Time
ORD000256,SUP0002,PRD0012,2024-12-21,362,Standard,2024-12-30,2025-01-04,5,Delayed
ORD000257,SUP0001,PRD0027,2024-11-09,1847,Standard,2024-11-21,2024-11-22,1,Delayed
ORD000258,SUP0051,PRD0011,2025-10-12,1217,Standard,2025-10-17,2025-10-16,0,On Time
ORD000259,SUP0028,PRD0041,2026-05-06,1257,High,2026-05-15,2026-05-19,4,Delayed
ORD000260,SUP0011,PRD0031,2025-06-02,1103,Standard,2025-06-07,2025-06-06,0,On Time
ORD000261,SUP0009,PRD0027,2026-03-11,400,Standard,2026-03-17,2026-03-17,0,On Time
ORD000262,SUP0030,PRD0035,2026-07-31,959,Standard,2026-08-09,2026-08-08,0,On Time
ORD000263,SUP0007,PRD0033,2025-06-13,969,Standard,2025-06-24,2025-06-27,3,Delayed
ORD000264,SUP0027,PRD0029,2025-03-29,1224,High,2025-04-04,2025-04-04,0,On Time
ORD000265,SUP0003,PRD0022,2024-12-14,1730,Standard,2024-12-23,2024-12-23,0,On Time
ORD000266,SUP0015,PRD0026,2026-06-20,454,Standard,2026-06-26,2026-06-25,0,On Time
ORD000267,SUP0009,PRD0042,2026-05-22,1139,Standard,2026-05-28,2026-05-28,0,On Time
ORD000268,SUP0056,PRD0024,2025-05-09,1850,High,2025-05-14,2025-05-21,7,Delayed
ORD000269,SUP0043,PRD0041,2026-09-05,400,Standard,2026-09-12,2026-09-11,0,On Time
ORD000270,SUP0034,PRD0003,2024-11-18,1701,Standard,2024-11-22,2024-11-22,0,On Time
ORD000271,SUP0039,PRD0007,2025-11-20,1008,High,2025-11-24,2025-11-24,0,On Time
ORD000272,SUP0005,PRD0024,2025-02-11,1699,Standard,2025-02-23,2025-02-22,0,On Time
ORD000273,SUP0056,PRD0033,2026-09-04,269,Standard,2026-09-09,2026-09-09,0,On Time
ORD000274,SUP0011,PRD0027,2026-03-13,933,Standard,2026-03-18,2026-03-18,0,On Time
ORD000275,SUP0057,PRD0018,2026-06-17,1316,Standard,2026-06-22,2026-06-22,0,On Time
ORD000276,SUP0015,PRD0006,2025-09-12,1854,Urgent,2025-09-18,2025-09-17,0,On Time
ORD000277,SUP0033,PRD0004,2025-01-18,907,Standard,2025-01-24,2025-01-24,0,On Time
ORD000278,SUP0021,PRD0034,2025-07-29,955,Standard,2025-08-05,2025-08-05,0,On Time
ORD000279,SUP0002,PRD0024,2026-06-06,1465,Urgent,2026-06-15,2026-06-14,0,On Time
ORD000280,SUP0027,PRD0009,2025-04-01,1305,Standard,2025-04-07,2025-04-06,0,On Time
ORD000281,SUP0017,PRD0007,2025-01-11,548,Standard,2025-01-15,2025-01-14,0,On Time
ORD000282,SUP0003,PRD0010,2025-08-27,288,Standard,2025-09-05,2025-09-04,0,On Time
ORD000283,SUP0017,PRD0002,2025-04-22,857,Standard,2025-04-26,2025-04-25,0,On Time
ORD000284,SUP0023,PRD0019,2026-04-05,226,Standard,2026-04-12,2026-04-11,0,On Time
ORD000285,SUP0020,PRD0037,2025-07-14,1531,Standard,2025-07-18,2025-07-18,0,On Time
ORD000286,SUP0032,PRD0029,2025-01-14,53,Standard,2025-01-20,2025-01-20,0,On Time
ORD000287,SUP0045,PRD0036,2024-12-12,203,Standard,2024-12-18,2024-12-17,0,On Time
ORD000288,SUP0002,PRD0041,2025-03-29,1530,Standard,2025-04-07,2025-04-06,0,On Time
ORD000289,SUP0017,PRD0045,2026-08-06,1966,Standard,2026-08-10,2026-08-13,3,Delayed
ORD000290,SUP0027,PRD0036,2025-10-25,302,Standard,2025-10-31,2025-10-30,0,On Time
ORD000291,SUP0005,PRD0038,2025-08-25,214,Urgent,2025-09-06,2025-09-05,0,On Time
ORD000292,SUP0029,PRD0001,2025-04-30,955,Urgent,2025-05-05,2025-05-06,1,Delayed
ORD000293,SUP0060,PRD0023,2025-04-11,1579,Urgent,2025-04-18,2025-04-22,4,Delayed
ORD000294,SUP0026,PRD0045,2026-03-15,1009,Standard,2026-03-22,2026-03-22,0,On Time
ORD000295,SUP0044,PRD0021,2026-06-17,335,Standard,2026-06-23,2026-06-22,0,On Time
ORD000296,SUP0052,PRD0042,2025-05-27,1066,Standard,2025-06-05,2025-06-05,0,On Time
ORD000297,SUP0012,PRD0018,2024-10-23,812,Standard,2024-10-28,2024-10-28,0,On Time
ORD000298,SUP0041,PRD0017,2025-10-04,1352,Standard,2025-10-08,2025-10-07,0,On Time
ORD000299,SUP0019,PRD0021,2026-03-05,925,Standard,2026-03-09,2026-03-08,0,On Time
ORD000300,SUP0052,PRD0002,2025-04-11,435,Standard,2025-04-20,2025-04-20,0,On Time
ORD000301,SUP0034,PRD0006,2025-09-25,1111,Standard,2025-09-29,2025-09-29,0,On Time
ORD000302,SUP0045,PRD0041,2025-05-04,1615,High,2025-05-10,2025-05-10,0,On Time
ORD000303,SUP0025,PRD0045,2026-03-03,1373,Standard,2026-03-11,2026-03-11,0,On Time
ORD000304,SUP0010,PRD0036,2026-05-23,1071,Standard,2026-05-30,2026-05-29,0,On Time
ORD000305,SUP0005,PRD0012,2026-08-05,1214,Standard,2026-08-17,2026-08-24,7,Delayed
ORD000306,SUP0007,PRD0038,2025-06-01,555,Standard,2025-06-12,2025-06-13,1,Delayed
ORD000307,SUP0055,PRD0018,2025-07-02,842,Standard,2025-07-11,2025-07-10,0,On Time
ORD000308,SUP0020,PRD0011,2025-12-13,60,Urgent,2025-12-17,2025-12-16,0,On Time
ORD000309,SUP0022,PRD0023,2026-08-06,99,High,2026-08-14,2026-08-14,0,On Time
ORD000310,SUP0019,PRD0034,2024-11-19,1531,Standard,2024-11-23,2024-11-23,0,On Time
ORD000311,SUP0008,PRD0037,2026-04-10,1431,Standard,2026-04-19,2026-04-20,1,Delayed
ORD000312,SUP0056,PRD0021,2026-08-05,1988,Standard,2026-08-10,2026-08-16,6,Delayed
ORD000313,SUP0009,PRD0035,2024-10-25,1340,High,2024-10-31,2024-10-31,0,On Time
ORD000314,SUP0037,PRD0034,2025-06-10,204,Standard,2025-06-17,2025-06-16,0,On Time
ORD000315,SUP0040,PRD0012,2025-08-22,930,High,2025-08-28,2025-08-28,0,On Time
ORD000316,SUP0026,PRD0039,2025-02-12,547,Standard,2025-02-19,2025-02-19,0,On Time
ORD000317,SUP0045,PRD0019,2025-09-30,113,Standard,2025-10-06,2025-10-05,0,On Time
ORD000318,SUP0031,PRD0028,2026-04-10,710,High,2026-04-19,2026-04-19,0,On Time
ORD000319,SUP0058,PRD0044,2025-04-05,1342,High,2025-04-11,2025-04-10,0,On Time
ORD000320,SUP0059,PRD0042,2025-01-29,292,High,2025-02-03,2025-02-03,0,On Time
ORD000321,SUP0019,PRD0012,2025-11-29,639,Standard,2025-12-03,2025-12-03,0,On Time
ORD000322,SUP0007,PRD0012,2025-07-06,1444,High,2025-07-17,2025-07-16,0,On Time
ORD000323,SUP0001,PRD0024,2024-11-19,1022,Standard,2024-12-01,2024-12-02,1,Delayed
ORD000324,SUP0040,PRD0012,2025-07-18,1874,Standard,2025-07-24,2025-07-24,0,On Time
ORD000325,SUP0008,PRD0033,2025-12-01,673,Standard,2025-12-10,2025-12-09,0,On Time
ORD000326,SUP0010,PRD0035,2026-03-08,1999,Standard,2026-03-15,2026-03-14,0,On Time
ORD000327,SUP0047,PRD0004,2026-08-01,1842,Urgent,2026-08-06,2026-08-06,0,On Time
ORD000328,SUP0056,PRD0015,2025-06-07,636,Standard,2025-06-12,2025-06-11,0,On Time
ORD000329,SUP0019,PRD0041,2025-02-15,1106,Standard,2025-02-19,2025-02-18,0,On Time
ORD000330,SUP0043,PRD0006,2025-12-04,87,Standard,2025-12-11,2025-12-11,0,On Time
ORD000331,SUP0027,PRD0043,2024-12-08,1600,Standard,2024-12-14,2024-12-13,0,On Time
ORD000332,SUP0053,PRD0043,2026-06-10,647,Standard,2026-06-15,2026-06-14,0,On Time
ORD000333,SUP0051,PRD0017,2024-11-14,943,Standard,2024-11-19,2024-11-19,0,On Time
ORD000334,SUP0024,PRD0014,2026-02-18,531,Standard,2026-02-26,2026-02-26,0,On Time
ORD000335,SUP0042,PRD0035,2025-10-23,1995,Urgent,2025-10-30,2025-10-29,0,On Time
ORD000336,SUP0036,PRD0006,2025-05-06,1048,Standard,2025-05-12,2025-05-12,0,On Time
ORD000337,SUP0043,PRD0032,2025-08-08,1980,Standard,2025-08-15,2025-08-15,0,On Time
ORD000338,SUP0028,PRD0002,2025-08-19,1128,Standard,2025-08-28,2025-08-27,0,On Time
ORD000339,SUP0005,PRD0040,2026-03-10,1669,High,2026-03-22,2026-03-22,0,On Time
ORD000340,SUP0037,PRD0024,2025-12-03,1686,Standard,2025-12-10,2025-12-17,7,Delayed
ORD000341,SUP0043,PRD0039,2025-03-07,319,Standard,2025-03-14,2025-03-13,0,On Time
ORD000342,SUP0026,PRD0032,2026-07-14,684,Standard,2026-07-21,2026-07-21,0,On Time
ORD000343,SUP0030,PRD0035,2026-07-07,1425,Urgent,2026-07-16,2026-07-15,0,On Time
ORD000344,SUP0018,PRD0027,2025-01-28,1419,Standard,2025-02-03,2025-02-03,0,On Time
ORD000345,SUP0042,PRD0033,2024-10-29,154,High,2024-11-05,2024-11-05,0,On Time
ORD000346,SUP0001,PRD0015,2026-09-18,1898,Standard,2026-09-30,,,In Transit
ORD000347,SUP0053,PRD0015,2025-08-13,193,Standard,2025-08-18,2025-08-18,0,On Time
ORD000348,SUP0026,PRD0028,2026-01-03,1797,Standard,2026-01-10,2026-01-17,7,Delayed
ORD000349,SUP0001,PRD0016,2025-02-09,1526,High,2025-02-21,2025-02-23,2,Delayed
ORD000350,SUP0011,PRD0028,2026-05-22,997,Standard,2026-05-27,2026-06-03,7,Delayed
ORD000351,SUP0002,PRD0004,2025-07-20,1494,Standard,2025-07-29,2025-08-01,3,Delayed
ORD000352,SUP0060,PRD0006,2024-12-28,404,Standard,2025-01-04,2025-01-04,0,On Time
ORD000353,SUP0010,PRD0038,2025-07-01,632,Standard,2025-07-08,2025-07-08,0,On Time
ORD000354,SUP0026,PRD0038,2025-03-02,1737,Standard,2025-03-09,2025-03-08,0,On Time
ORD000355,SUP0020,PRD0004,2025-02-01,1398,High,2025-02-05,2025-02-05,0,On Time
ORD000356,SUP0018,PRD0045,2024-10-02,142,Standard,2024-10-08,2024-10-08,0,On Time
ORD000357,SUP0019,PRD0003,2024-10-18,1777,Standard,2024-10-22,2024-10-22,0,On Time
ORD000358,SUP0015,PRD0013,2026-04-11,858,Standard,2026-04-17,2026-04-17,0,On Time
ORD000359,SUP0054,PRD0007,2026-09-19,808,Standard,2026-09-25,2026-09-25,0,On Time
ORD000360,SUP0004,PRD0006,2024-12-11,1773,Standard,2024-12-23,2024-12-23,0,On Time
ORD000361,SUP0050,PRD0017,2025-07-31,132,Standard,2025-08-02,2025-08-01,0,On Time
ORD000362,SUP0028,PRD0035,2026-02-18,617,Standard,2026-02-27,2026-02-26,0,On Time
ORD000363,SUP0049,PRD0028,2026-06-26,431,High,2026-07-03,2026-07-02,0,On Time
ORD000364,SUP0042,PRD0020,2024-12-11,482,Standard,2024-12-18,2024-12-20,2,Delayed
ORD000365,SUP0018,PRD0045,2026-04-07,362,Standard,2026-04-13,2026-04-16,3,Delayed
ORD000366,SUP0045,PRD0016,2026-06-09,1188,Standard,2026-06-15,2026-06-15,0,On Time
ORD000367,SUP0019,PRD0045,2025-12-07,402,Standard,2025-12-11,2025-12-10,0,On Time
ORD000368,SUP0012,PRD0028,2025-07-11,1114,High,2025-07-16,2025-07-16,0,On Time
ORD000369,SUP0029,PRD0037,2026-07-10,785,Standard,2026-07-15,2026-07-15,0,On Time
ORD000370,SUP0034,PRD0025,2026-06-26,666,Urgent,2026-06-30,2026-06-30,0,On Time
ORD000371,SUP0030,PRD0025,2025-07-30,401,Standard,2025-08-08,2025-08-07,0,On Time
ORD000372,SUP0007,PRD0007,2026-09-10,1059,Standard,2026-09-21,2026-09-20,0,On Time
ORD000373,SUP0006,PRD0035,2025-02-21,1504,High,2025-03-05,2025-03-07,2,Delayed
ORD000374,SUP0055,PRD0003,2024-12-16,146,High,2024-12-25,2024-12-25,0,On Time
ORD000375,SUP0004,PRD0033,2026-05-25,1784,Standard,2026-06-06,2026-06-05,0,On Time
ORD000376,SUP0020,PRD0003,2025-02-16,1914,Standard,2025-02-20,2025-02-20,0,On Time
ORD000377,SUP0041,PRD0045,2026-04-02,766,Standard,2026-04-06,2026-04-05,0,On Time
ORD000378,SUP0013,PRD0038,2025-06-03,967,Standard,2025-06-08,2025-06-08,0,On Time
ORD000379,SUP0052,PRD0027,2025-11-28,1516,Standard,2025-12-07,2025-12-07,0,On Time
ORD000380,SUP0044,PRD0036,2025-04-26,1582,Standard,2025-05-02,2025-05-02,0,On Time
ORD000381,SUP0047,PRD0013,2024-12-13,218,Standard,2024-12-18,2024-12-18,0,On Time
ORD000382,SUP0053,PRD0018,2025-05-29,189,High,2025-06-03,2025-06-03,0,On Time
ORD000383,SUP0054,PRD0027,2026-05-24,766,Standard,2026-05-30,2026-05-29,0,On Time
ORD000384,SUP0021,PRD0002,2026-05-31,1729,Standard,2026-06-07,2026-06-07,0,On Time
ORD000385,SUP0020,PRD0007,2024-11-06,1567,Urgent,2024-11-10,2024-11-12,2,Delayed
ORD000386,SUP0023,PRD0045,2025-07-05,1015,Standard,2025-07-12,2025-07-11,0,On Time
ORD000387,SUP0003,PRD0018,2026-05-16,1712,Standard,2026-05-25,2026-05-25,0,On Time
ORD000388,SUP0049,PRD0041,2026-08-02,1221,Standard,2026-08-09,2026-08-09,0,On Time
ORD000389,SUP0058,PRD0040,2026-08-02,1864,Standard,2026-08-08,2026-08-08,0,On Time
ORD000390,SUP0034,PRD0031,2026-03-27,1640,Standard,2026-03-31,2026-04-04,4,Delayed
ORD000391,SUP0047,PRD0038,2026-08-22,999,Urgent,2026-08-27,2026-08-27,0,On Time
ORD000392,SUP0004,PRD0003,2026-01-22,1874,Standard,2026-02-03,2026-02-03,0,On Time
ORD000393,SUP0041,PRD0006,2025-08-01,1745,High,2025-08-05,2025-08-10,5,Delayed
ORD000394,SUP0014,PRD0001,2025-06-19,300,Standard,2025-06-22,2025-06-21,0,On Time
ORD000395,SUP0022,PRD0026,2025-01-27,802,High,2025-02-04,2025-02-04,0,On Time
ORD000396,SUP0038,PRD0044,2025-08-12,310,High,2025-08-19,2025-08-19,0,On Time
ORD000397,SUP0016,PRD0028,2026-01-02,1081,Standard,2026-01-10,2026-01-10,0,On Time
ORD000398,SUP0042,PRD0041,2024-10-26,1916,Standard,2024-11-02,2024-11-02,0,On Time
ORD000399,SUP0020,PRD0023,2024-10-10,1615,Standard,2024-10-14,2024-10-13,0,On Time
ORD000400,SUP0027,PRD0007,2026-05-26,507,Urgent,2026-06-01,2026-06-01,0,On Time
ORD000401,SUP0027,PRD0015,2025-02-03,1235,Standard,2025-02-09,2025-02-09,0,On Time
ORD000402,SUP0033,PRD0035,2024-12-19,1291,Standard,2024-12-25,2024-12-25,0,On Time
ORD000403,SUP0060,PRD0012,2024-10-19,484,Standard,2024-10-26,2024-10-26,0,On Time
ORD000404,SUP0002,PRD0006,2025-12-21,1359,Standard,2025-12-30,2025-12-30,0,On Time
ORD000405,SUP0020,PRD0002,2025-07-15,958,Urgent,2025-07-19,2025-07-23,4,Delayed
ORD000406,SUP0040,PRD0030,2025-07-01,41,High,2025-07-07,2025-07-07,0,On Time
ORD000407,SUP0023,PRD0028,2025-10-31,325,Standard,2025-11-07,2025-11-07,0,On Time
ORD000408,SUP0052,PRD0018,2025-01-09,1853,Standard,2025-01-18,2025-01-17,0,On Time
ORD000409,SUP0044,PRD0001,2025-02-19,712,Standard,2025-02-25,2025-02-25,0,On Time
ORD000410,SUP0021,PRD0004,2025-02-23,907,High,2025-03-02,2025-03-01,0,On Time
ORD000411,SUP0047,PRD0006,2026-01-17,1727,Standard,2026-01-22,2026-01-22,0,On Time
ORD000412,SUP0055,PRD0043,2025-06-26,819,Standard,2025-07-05,2025-07-05,0,On Time
ORD000413,SUP0051,PRD0021,2026-01-28,1049,Standard,2026-02-02,2026-02-01,0,On Time
ORD000414,SUP0002,PRD0037,2025-09-01,1232,Standard,2025-09-10,2025-09-09,0,On Time
ORD000415,SUP0019,PRD0037,2026-07-06,1843,Standard,2026-07-10,2026-07-09,0,On Time
ORD000416,SUP0047,PRD0014,2025-01-07,993,High,2025-01-12,2025-01-11,0,On Time
ORD000417,SUP0055,PRD0040,2026-07-17,708,Urgent,2026-07-26,2026-07-25,0,On Time
ORD000418,SUP0014,PRD0007,2026-07-16,1146,Standard,2026-07-19,2026-07-18,0,On Time
ORD000419,SUP0004,PRD0011,2025-04-28,1342,High,2025-05-10,2025-05-15,5,Delayed
ORD000420,SUP0030,PRD0032,2025-10-30,1264,Standard,2025-11-08,2025-11-08,0,On Time
ORD000421,SUP0037,PRD0038,2025-03-01,506,High,2025-03-08,2025-03-08,0,On Time
ORD000422,SUP0043,PRD0013,2026-09-21,1153,High,2026-09-28,,,In Transit
ORD000423,SUP0021,PRD0036,2026-03-14,1845,Urgent,2026-03-21,2026-03-20,0,On Time
ORD000424,SUP0051,PRD0011,2025-02-06,846,Standard,2025-02-11,2025-02-11,0,On Time
ORD000425,SUP0055,PRD0018,2026-08-04,425,Standard,2026-08-13,2026-08-13,0,On Time
ORD000426,SUP0007,PRD0032,2025-05-17,1682,Standard,2025-05-28,2025-05-27,0,On Time
ORD000427,SUP0011,PRD0037,2025-09-22,1130,Standard,2025-09-27,2025-09-27,0,On Time
ORD000428,SUP0005,PRD0014,2025-07-10,939,Standard,2025-07-22,2025-07-22,0,On Time
ORD000429,SUP0030,PRD0027,2025-09-08,625,High,2025-09-17,2025-09-16,0,On Time
ORD000430,SUP0029,PRD0003,2026-02-17,1493,High,2026-02-22,2026-02-21,0,On Time
ORD000431,SUP0017,PRD0027,2025-01-20,181,Standard,2025-01-24,2025-01-24,0,On Time
ORD000432,SUP0045,PRD0008,2026-03-23,1346,Urgent,2026-03-29,2026-03-28,0,On Time
ORD000433,SUP0024,PRD0040,2025-07-04,130,Standard,2025-07-12,2025-07-11,0,On Time
ORD000434,SUP0053,PRD0025,2026-05-05,1641,High,2026-05-10,2026-05-09,0,On Time
ORD000435,SUP0052,PRD0024,2026-02-13,1349,High,2026-02-22,2026-02-22,0,On Time
ORD000436,SUP0049,PRD0023,2024-10-16,942,Standard,2024-10-23,2024-10-23,0,On Time
ORD000437,SUP0034,PRD0044,2026-01-10,1604,Standard,2026-01-14,2026-01-13,0,On Time
ORD000438,SUP0015,PRD0044,2024-10-22,1722,Urgent,2024-10-28,2024-10-27,0,On Time
ORD000439,SUP0025,PRD0026,2024-10-09,851,Standard,2024-10-17,2024-10-17,0,On Time
ORD000440,SUP0049,PRD0020,2026-01-28,826,High,2026-02-04,2026-02-03,0,On Time
ORD000441,SUP0019,PRD0018,2025-01-08,327,Standard,2025-01-12,2025-01-12,0,On Time
ORD000442,SUP0001,PRD0002,2025-02-21,1114,Standard,2025-03-05,2025-03-08,3,Delayed
ORD000443,SUP0048,PRD0024,2025-02-09,123,Standard,2025-02-16,2025-02-15,0,On Time
ORD000444,SUP0035,PRD0025,2025-05-08,1690,Standard,2025-05-13,2025-05-12,0,On Time
ORD000445,SUP0029,PRD0010,2026-04-22,362,Standard,2026-04-27,2026-05-03,6,Delayed
ORD000446,SUP0030,PRD0002,2026-08-18,458,Standard,2026-08-27,2026-08-27,0,On Time
ORD000447,SUP0035,PRD0036,2026-07-03,817,Standard,2026-07-08,2026-07-08,0,On Time
ORD000448,SUP0042,PRD0020,2025-11-16,1054,Standard,2025-11-23,2025-11-23,0,On Time
ORD000449,SUP0036,PRD0004,2025-05-18,63,Standard,2025-05-24,2025-05-24,0,On Time
ORD000450,SUP0027,PRD0037,2024-11-10,1683,High,2024-11-16,2024-11-23,7,Delayed
ORD000451,SUP0014,PRD0003,2026-07-07,316,Standard,2026-07-10,2026-07-10,0,On Time
ORD000452,SUP0022,PRD0005,2025-11-07,1032,Standard,2025-11-15,2025-11-14,0,On Time
ORD000453,SUP0048,PRD0029,2024-12-15,194,Standard,2024-12-22,2024-12-21,0,On Time
ORD000454,SUP0013,PRD0033,2025-03-23,1376,Standard,2025-03-28,2025-03-28,0,On Time
ORD000455,SUP0033,PRD0004,2026-05-30,1422,High,2026-06-05,2026-06-04,0,On Time
ORD000456,SUP0060,PRD0024,2024-11-29,1163,Standard,2024-12-06,2024-12-06,0,On Time
ORD000457,SUP0046,PRD0045,2026-04-13,680,Standard,2026-04-16,2026-04-16,0,On Time
ORD000458,SUP0004,PRD0013,2025-12-16,246,High,2025-12-28,2025-12-30,2,Delayed
ORD000459,SUP0048,PRD0008,2025-02-11,1808,Standard,2025-02-18,2025-02-20,2,Delayed
ORD000460,SUP0053,PRD0020,2025-07-31,89,Standard,2025-08-05,2025-08-04,0,On Time
ORD000461,SUP0046,PRD0020,2025-12-08,517,Standard,2025-12-11,2025-12-11,0,On Time
ORD000462,SUP0018,PRD0040,2025-12-17,117,High,2025-12-23,2025-12-23,0,On Time
ORD000463,SUP0004,PRD0010,2025-09-03,497,Standard,2025-09-15,2025-09-15,0,On Time
ORD000464,SUP0045,PRD0025,2026-06-17,907,Standard,2026-06-23,2026-06-22,0,On Time
ORD000465,SUP0022,PRD0030,2026-01-10,1906,Standard,2026-01-18,2026-01-18,0,On Time
ORD000466,SUP0023,PRD0018,2025-02-16,1576,Standard,2025-02-23,2025-02-22,0,On Time
ORD000467,SUP0046,PRD0027,2025-03-02,747,High,2025-03-05,2025-03-05,0,On Time
ORD000468,SUP0004,PRD0029,2026-03-06,759,High,2026-03-18,2026-03-17,0,On Time
ORD000469,SUP0025,PRD0035,2025-05-21,1076,Standard,2025-05-29,2025-05-28,0,On Time
ORD000470,SUP0040,PRD0001,2025-02-23,1498,Standard,2025-03-01,2025-02-28,0,On Time
ORD000471,SUP0013,PRD0005,2025-05-19,1051,Standard,2025-05-24,2025-05-24,0,On Time
ORD000472,SUP0008,PRD0014,2026-01-16,1118,Standard,2026-01-25,2026-02-01,7,Delayed
ORD000473,SUP0054,PRD0001,2025-08-29,43,Standard,2025-09-04,2025-09-04,0,On Time
ORD000474,SUP0008,PRD0007,2024-12-26,556,Standard,2025-01-04,2025-01-03,0,On Time
ORD000475,SUP0008,PRD0005,2025-01-26,397,Standard,2025-02-04,2025-02-03,0,On Time
ORD000476,SUP0020,PRD0019,2025-05-29,451,Standard,2025-06-02,2025-06-01,0,On Time
ORD000477,SUP0043,PRD0007,2025-01-01,395,Standard,2025-01-08,2025-01-08,0,On Time
ORD000478,SUP0038,PRD0033,2025-10-31,1973,Standard,2025-11-07,2025-11-06,0,On Time
ORD000479,SUP0053,PRD0019,2025-12-27,1129,Standard,2026-01-01,2025-12-31,0,On Time
ORD000480,SUP0056,PRD0022,2025-08-07,1994,Urgent,2025-08-12,2025-08-11,0,On Time
ORD000481,SUP0036,PRD0042,2024-11-11,821,Standard,2024-11-17,2024-11-17,0,On Time
ORD000482,SUP0043,PRD0007,2025-10-11,1071,Standard,2025-10-18,2025-10-18,0,On Time
ORD000483,SUP0050,PRD0039,2025-03-27,517,Urgent,2025-03-29,2025-03-31,2,Delayed
ORD000484,SUP0043,PRD0040,2025-11-07,24,Standard,2025-11-14,2025-11-13,0,On Time
ORD000485,SUP0011,PRD0031,2025-12-03,518,Standard,2025-12-08,2025-12-07,0,On Time
ORD000486,SUP0022,PRD0026,2025-10-09,1192,High,2025-10-17,2025-10-16,0,On Time
ORD000487,SUP0056,PRD0022,2026-01-28,1576,Standard,2026-02-02,2026-02-02,0,On Time
ORD000488,SUP0006,PRD0008,2026-01-20,32,High,2026-02-01,2026-02-08,7,Delayed
ORD000489,SUP0060,PRD0013,2025-01-31,1331,High,2025-02-07,2025-02-06,0,On Time
ORD000490,SUP0020,PRD0030,2024-10-16,1915,High,2024-10-20,2024-10-20,0,On Time
ORD000491,SUP0012,PRD0042,2025-01-16,942,Standard,2025-01-21,2025-01-20,0,On Time
ORD000492,SUP0021,PRD0015,2025-10-16,33,High,2025-10-23,2025-10-22,0,On Time
ORD000493,SUP0040,PRD0005,2026-09-05,1823,Standard,2026-09-11,2026-09-10,0,On Time
ORD000494,SUP0016,PRD0038,2025-06-03,647,Standard,2025-06-11,2025-06-10,0,On Time
ORD000495,SUP0016,PRD0030,2025-09-06,407,Standard,2025-09-14,2025-09-16,2,Delayed
ORD000496,SUP0056,PRD0009,2025-07-18,1640,High,2025-07-23,2025-07-23,0,On Time
ORD000497,SUP0037,PRD0028,2026-06-28,357,Standard,2026-07-05,2026-07-05,0,On Time
ORD000498,SUP0006,PRD0034,2025-02-17,142,Standard,2025-03-01,2025-03-03,2,Delayed
ORD000499,SUP0056,PRD0028,2025-01-25,419,Standard,2025-01-30,2025-01-30,0,On Time
ORD000500,SUP0050,PRD0040,2026-07-26,1102,Standard,2026-07-28,2026-07-28,0,On Time
ORD000501,SUP0008,PRD0045,2025-03-02,1710,Standard,2025-03-11,2025-03-16,5,Delayed
ORD000502,SUP0050,PRD0013,2025-09-05,497,High,2025-09-07,2025-09-13,6,Delayed
ORD000503,SUP0040,PRD0005,2025-12-03,1072,Standard,2025-12-09,2025-12-15,6,Delayed
ORD000504,SUP0046,PRD0022,2025-05-19,1779,Standard,2025-05-22,2025-05-22,0,On Time
ORD000505,SUP0053,PRD0043,2026-02-27,1540,Standard,2026-03-04,2026-03-09,5,Delayed
ORD000506,SUP0020,PRD0016,2025-07-17,792,Standard,2025-07-21,2025-07-21,0,On Time
ORD000507,SUP0011,PRD0007,2025-05-17,835,Standard,2025-05-22,2025-05-22,0,On Time
ORD000508,SUP0052,PRD0022,2026-01-09,762,Standard,2026-01-18,2026-01-24,6,Delayed
ORD000509,SUP0023,PRD0045,2025-03-17,308,Standard,2025-03-24,2025-03-24,0,On Time
ORD000510,SUP0038,PRD0026,2025-05-07,376,Urgent,2025-05-14,2025-05-14,0,On Time
ORD000511,SUP0041,PRD0021,2026-04-09,895,Standard,2026-04-13,2026-04-12,0,On Time
ORD000512,SUP0059,PRD0031,2025-05-17,1288,High,2025-05-22,2025-05-22,0,On Time
ORD000513,SUP0030,PRD0030,2024-12-10,1651,Standard,2024-12-19,2024-12-19,0,On Time
ORD000514,SUP0037,PRD0009,2025-08-31,1238,Standard,2025-09-07,2025-09-06,0,On Time
ORD000515,SUP0014,PRD0020,2025-12-08,1606,Standard,2025-12-11,2025-12-10,0,On Time
ORD000516,SUP0053,PRD0042,2024-11-21,897,High,2024-11-26,2024-11-25,0,On Time
ORD000517,SUP0004,PRD0001,2025-08-22,640,High,2025-09-03,2025-09-02,0,On Time
ORD000518,SUP0049,PRD0001,2024-12-10,1739,Standard,2024-12-17,2024-12-17,0,On Time
ORD000519,SUP0006,PRD0013,2025-12-16,1548,Standard,2025-12-28,2025-12-30,2,Delayed
ORD000520,SUP0007,PRD0037,2025-05-08,1564,Standard,2025-05-19,2025-05-25,6,Delayed
ORD000521,SUP0028,PRD0025,2025-08-26,1493,High,2025-09-04,2025-09-03,0,On Time
ORD000522,SUP0053,PRD0018,2025-02-07,1702,Standard,2025-02-12,2025-02-12,0,On Time
ORD000523,SUP0016,PRD0018,2024-11-30,649,Urgent,2024-12-08,2024-12-07,0,On Time
ORD000524,SUP0011,PRD0003,2025-03-10,398,Standard,2025-03-15,2025-03-15,0,On Time
ORD000525,SUP0004,PRD0015,2026-02-03,1163,Urgent,2026-02-15,2026-02-14,0,On Time
ORD000526,SUP0012,PRD0031,2025-04-23,610,Standard,2025-04-28,2025-04-27,0,On Time
ORD000527,SUP0001,PRD0029,2025-08-24,955,Standard,2025-09-05,2025-09-11,6,Delayed
ORD000528,SUP0041,PRD0030,2026-09-25,552,Standard,2026-09-29,,,In Transit
ORD000529,SUP0048,PRD0009,2025-08-26,134,Standard,2025-09-02,2025-09-01,0,On Time
ORD000530,SUP0033,PRD0033,2025-12-28,1380,High,2026-01-03,2026-01-03,0,On Time
ORD000531,SUP0033,PRD0002,2024-12-11,1387,High,2024-12-17,2024-12-17,0,On Time
ORD000532,SUP0046,PRD0004,2025-11-13,123,Standard,2025-11-16,2025-11-16,0,On Time
ORD000533,SUP0036,PRD0045,2025-02-03,937,Standard,2025-02-09,2025-02-11,2,Delayed
ORD000534,SUP0050,PRD0004,2024-10-25,1472,Standard,2024-10-27,2024-10-27,0,On Time
ORD000535,SUP0021,PRD0027,2024-10-01,338,Standard,2024-10-08,2024-10-08,0,On Time
ORD000536,SUP0008,PRD0003,2025-09-16,670,High,2025-09-25,2025-09-26,1,Delayed
ORD000537,SUP0028,PRD0045,2025-05-15,1554,High,2025-05-24,2025-05-24,0,On Time
ORD000538,SUP0009,PRD0003,2024-11-26,1205,Standard,2024-12-02,2024-12-07,5,Delayed
ORD000539,SUP0033,PRD0028,2024-11-25,1606,High,2024-12-01,2024-12-01,0,On Time
ORD000540,SUP0041,PRD0022,2025-11-10,1969,High,2025-11-14,2025-11-19,5,Delayed
ORD000541,SUP0045,PRD0001,2025-06-22,1398,Standard,2025-06-28,2025-06-28,0,On Time
ORD000542,SUP0057,PRD0038,2026-05-15,988,Standard,2026-05-20,2026-05-22,2,Delayed
ORD000543,SUP0057,PRD0039,2026-03-12,300,Standard,2026-03-17,2026-03-17,0,On Time
ORD000544,SUP0018,PRD0012,2025-12-16,63,Standard,2025-12-22,2025-12-22,0,On Time
ORD000545,SUP0046,PRD0025,2025-07-09,521,Urgent,2025-07-12,2025-07-12,0,On Time
ORD000546,SUP0010,PRD0014,2025-10-25,1525,Standard,2025-11-01,2025-11-01,0,On Time
ORD000547,SUP0032,PRD0019,2026-08-05,1697,Standard,2026-08-11,2026-08-13,2,Delayed
ORD000548,SUP0004,PRD0029,2026-09-13,199,High,2026-09-25,2026-09-24,0,On Time
ORD000549,SUP0059,PRD0007,2025-12-03,1350,Standard,2025-12-08,2025-12-07,0,On Time
ORD000550,SUP0022,PRD0004,2026-05-17,568,High,2026-05-25,2026-05-24,0,On Time
ORD000551,SUP0003,PRD0032,2026-04-05,584,Standard,2026-04-14,2026-04-20,6,Delayed
ORD000552,SUP0049,PRD0014,2025-09-04,397,Standard,2025-09-11,2025-09-11,0,On Time
ORD000553,SUP0015,PRD0024,2024-12-21,272,Standard,2024-12-27,2024-12-27,0,On Time
ORD000554,SUP0010,PRD0011,2025-08-22,1908,Standard,2025-08-29,2025-08-28,0,On Time
ORD000555,SUP0040,PRD0026,2026-07-15,1892,Standard,2026-07-21,2026-07-21,0,On Time
ORD000556,SUP0018,PRD0014,2026-07-03,1116,High,2026-07-09,2026-07-08,0,On Time
ORD000557,SUP0019,PRD0044,2025-09-09,252,Standard,2025-09-13,2025-09-12,0,On Time
ORD000558,SUP0017,PRD0013,2026-02-02,84,Standard,2026-02-06,2026-02-12,6,Delayed
ORD000559,SUP0017,PRD0002,2025-11-15,397,Standard,2025-11-19,2025-11-21,2,Delayed
ORD000560,SUP0042,PRD0038,2024-10-11,959,Standard,2024-10-18,2024-10-17,0,On Time
ORD000561,SUP0059,PRD0043,2026-04-08,695,Standard,2026-04-13,2026-04-13,0,On Time
ORD000562,SUP0058,PRD0032,2025-02-03,1286,High,2025-02-09,2025-02-09,0,On Time
ORD000563,SUP0011,PRD0025,2025-09-16,838,Standard,2025-09-21,2025-09-21,0,On Time
ORD000564,SUP0007,PRD0002,2025-09-10,76,Standard,2025-09-21,2025-09-23,2,Delayed
ORD000565,SUP0051,PRD0029,2026-01-07,70,Standard,2026-01-12,2026-01-11,0,On Time
ORD000566,SUP0006,PRD0028,2025-09-02,711,Standard,2025-09-14,2025-09-14,0,On Time
ORD000567,SUP0015,PRD0044,2025-09-19,30,Standard,2025-09-25,2025-09-25,0,On Time
ORD000568,SUP0030,PRD0007,2025-01-05,62,Standard,2025-01-14,2025-01-14,0,On Time
ORD000569,SUP0053,PRD0033,2026-09-26,178,Standard,2026-10-01,,,In Transit
ORD000570,SUP0004,PRD0015,2025-09-08,1203,Urgent,2025-09-20,2025-09-19,0,On Time
ORD000571,SUP0032,PRD0028,2025-11-01,1574,High,2025-11-07,2025-11-06,0,On Time
ORD000572,SUP0004,PRD0005,2026-06-23,212,Standard,2026-07-05,2026-07-06,1,Delayed
ORD000573,SUP0059,PRD0032,2025-08-12,1596,High,2025-08-17,2025-08-17,0,On Time
ORD000574,SUP0037,PRD0005,2026-08-08,818,Standard,2026-08-15,2026-08-15,0,On Time
ORD000575,SUP0005,PRD0013,2026-08-17,971,Standard,2026-08-29,2026-08-30,1,Delayed
ORD000576,SUP0015,PRD0016,2025-02-14,709,Standard,2025-02-20,2025-02-20,0,On Time
ORD000577,SUP0055,PRD0016,2025-10-14,383,Standard,2025-10-23,2025-10-22,0,On Time
ORD000578,SUP0010,PRD0021,2026-02-20,1010,Standard,2026-02-27,2026-02-27,0,On Time
ORD000579,SUP0053,PRD0018,2026-04-15,665,Standard,2026-04-20,2026-04-24,4,Delayed
ORD000580,SUP0007,PRD0010,2024-10-17,664,Standard,2024-10-28,2024-11-01,4,Delayed
ORD000581,SUP0057,PRD0031,2025-09-14,1132,Standard,2025-09-19,2025-09-19,0,On Time
ORD000582,SUP0020,PRD0039,2025-04-18,1174,Standard,2025-04-22,2025-04-22,0,On Time
ORD000583,SUP0036,PRD0030,2026-02-16,665,High,2026-02-22,2026-02-21,0,On Time
ORD000584,SUP0027,PRD0040,2025-10-19,82,Standard,2025-10-25,2025-10-25,0,On Time
ORD000585,SUP0044,PRD0001,2025-08-05,1227,Urgent,2025-08-11,2025-08-11,0,On Time
ORD000586,SUP0028,PRD0007,2024-10-25,580,Standard,2024-11-03,2024-11-03,0,On Time
ORD000587,SUP0032,PRD0031,2025-02-25,1128,Standard,2025-03-03,2025-03-03,0,On Time
ORD000588,SUP0057,PRD0040,2025-01-12,544,Urgent,2025-01-17,2025-01-16,0,On Time
ORD000589,SUP0039,PRD0034,2024-10-21,501,Standard,2024-10-25,2024-10-25,0,On Time
ORD000590,SUP0005,PRD0022,2024-11-25,1386,High,2024-12-07,2024-12-12,5,Delayed
ORD000591,SUP0027,PRD0041,2025-10-16,1000,Standard,2025-10-22,2025-10-22,0,On Time
ORD000592,SUP0049,PRD0040,2025-06-25,510,Standard,2025-07-02,2025-07-06,4,Delayed
ORD000593,SUP0060,PRD0024,2025-01-06,1084,Standard,2025-01-13,2025-01-17,4,Delayed
ORD000594,SUP0018,PRD0003,2025-08-12,1243,High,2025-08-18,2025-08-24,6,Delayed
ORD000595,SUP0017,PRD0016,2026-06-17,1003,Standard,2026-06-21,2026-06-20,0,On Time
ORD000596,SUP0025,PRD0031,2025-06-14,1062,Urgent,2025-06-22,2025-06-21,0,On Time
ORD000597,SUP0026,PRD0026,2026-05-20,1457,Standard,2026-05-27,2026-05-27,0,On Time
ORD000598,SUP0060,PRD0007,2026-03-27,161,Standard,2026-04-03,2026-04-03,0,On Time
ORD000599,SUP0027,PRD0027,2024-10-06,1193,Standard,2024-10-12,2024-10-12,0,On Time
ORD000600,SUP0012,PRD0005,2026-07-03,735,Standard,2026-07-08,2026-07-08,0,On Time
ORD000601,SUP0042,PRD0015,2026-04-03,533,Standard,2026-04-10,2026-04-09,0,On Time
ORD000602,SUP0042,PRD0002,2026-01-08,11,High,2026-01-15,2026-01-14,0,On Time
ORD000603,SUP0018,PRD0041,2026-08-12,405,Standard,2026-08-18,2026-08-19,1,Delayed
ORD000604,SUP0048,PRD0016,2025-09-08,1581,High,2025-09-15,2025-09-14,0,On Time
ORD000605,SUP0006,PRD0028,2026-04-29,150,Urgent,2026-05-11,2026-05-15,4,Delayed
ORD000606,SUP0019,PRD0023,2026-05-16,884,Standard,2026-05-20,2026-05-19,0,On Time
ORD000607,SUP0023,PRD0020,2025-11-06,1381,Urgent,2025-11-13,2025-11-12,0,On Time
ORD000608,SUP0055,PRD0013,2025-05-02,1132,High,2025-05-11,2025-05-10,0,On Time
ORD000609,SUP0055,PRD0032,2025-11-13,1099,High,2025-11-22,2025-11-21,0,On Time
ORD000610,SUP0041,PRD0028,2026-04-28,425,Standard,2026-05-02,2026-05-01,0,On Time
ORD000611,SUP0058,PRD0028,2026-06-14,1063,High,2026-06-20,2026-06-20,0,On Time
ORD000612,SUP0049,PRD0016,2026-03-28,1519,Standard,2026-04-04,2026-04-03,0,On Time
ORD000613,SUP0059,PRD0001,2025-11-19,776,Standard,2025-11-24,2025-11-24,0,On Time
ORD000614,SUP0044,PRD0020,2026-03-24,998,Standard,2026-03-30,2026-03-30,0,On Time
ORD000615,SUP0032,PRD0032,2026-08-28,1209,High,2026-09-03,2026-09-02,0,On Time
ORD000616,SUP0059,PRD0042,2026-07-10,1513,Standard,2026-07-15,2026-07-15,0,On Time
ORD000617,SUP0049,PRD0024,2026-04-09,1060,Standard,2026-04-16,2026-04-16,0,On Time
ORD000618,SUP0007,PRD0045,2026-05-04,1016,Standard,2026-05-15,2026-05-19,4,Delayed
ORD000619,SUP0023,PRD0022,2026-06-01,1935,Standard,2026-06-08,2026-06-21,13,Delayed
ORD000620,SUP0001,PRD0029,2024-10-03,337,Standard,2024-10-15,2024-10-15,0,On Time
ORD000621,SUP0043,PRD0007,2025-12-04,1626,Standard,2025-12-11,2025-12-10,0,On Time
ORD000622,SUP0054,PRD0021,2025-10-28,1772,Standard,2025-11-03,2025-11-02,0,On Time
ORD000623,SUP0026,PRD0045,2025-09-14,1950,High,2025-09-21,2025-09-23,2,Delayed
ORD000624,SUP0052,PRD0013,2026-01-13,1110,Standard,2026-01-22,2026-01-21,0,On Time
ORD000625,SUP0003,PRD0023,2026-05-04,1879,Standard,2026-05-13,2026-05-13,0,On Time
ORD000626,SUP0038,PRD0028,2025-10-14,1425,Standard,2025-10-21,2025-10-21,0,On Time
ORD000627,SUP0018,PRD0037,2026-09-07,648,High,2026-09-13,2026-09-12,0,On Time
ORD000628,SUP0029,PRD0009,2025-03-12,620,Standard,2025-03-17,2025-03-23,6,Delayed
ORD000629,SUP0054,PRD0015,2025-08-20,571,Standard,2025-08-26,2025-08-25,0,On Time
ORD000630,SUP0050,PRD0007,2026-03-13,1493,High,2026-03-15,2026-03-14,0,On Time
ORD000631,SUP0038,PRD0033,2025-07-19,1183,Standard,2025-07-26,2025-07-26,0,On Time
ORD000632,SUP0049,PRD0034,2024-12-22,973,High,2024-12-29,2024-12-29,0,On Time
ORD000633,SUP0004,PRD0037,2025-05-27,467,Urgent,2025-06-08,2025-06-10,2,Delayed
ORD000634,SUP0003,PRD0034,2025-11-16,1740,Standard,2025-11-25,2025-11-25,0,On Time
ORD000635,SUP0041,PRD0006,2025-04-27,536,Urgent,2025-05-01,2025-05-01,0,On Time
ORD000636,SUP0014,PRD0023,2026-04-14,17,Standard,2026-04-17,2026-04-16,0,On Time
ORD000637,SUP0016,PRD0030,2025-03-13,720,High,2025-03-21,2025-03-21,0,On Time
ORD000638,SUP0037,PRD0026,2026-07-28,1209,Standard,2026-08-04,2026-08-04,0,On Time
ORD000639,SUP0051,PRD0044,2025-05-21,575,Standard,2025-05-26,2025-05-25,0,On Time
ORD000640,SUP0017,PRD0019,2025-01-16,1672,High,2025-01-20,2025-01-20,0,On Time
ORD000641,SUP0013,PRD0029,2026-02-01,1830,Urgent,2026-02-06,2026-02-05,0,On Time
ORD000642,SUP0007,PRD0035,2025-10-11,1201,Standard,2025-10-22,2025-10-21,0,On Time
ORD000643,SUP0035,PRD0010,2026-05-20,155,Standard,2026-05-25,2026-05-25,0,On Time
ORD000644,SUP0033,PRD0006,2026-03-03,70,Standard,2026-03-09,2026-03-09,0,On Time
ORD000645,SUP0041,PRD0016,2026-04-02,564,High,2026-04-06,2026-04-05,0,On Time
ORD000646,SUP0015,PRD0043,2026-04-07,601,Standard,2026-04-13,2026-04-12,0,On Time
ORD000647,SUP0046,PRD0004,2025-05-19,1746,High,2025-05-22,2025-05-22,0,On Time
ORD000648,SUP0026,PRD0010,2025-10-24,124,High,2025-10-31,2025-10-30,0,On Time
ORD000649,SUP0015,PRD0011,2026-02-06,789,Standard,2026-02-12,2026-02-11,0,On Time
ORD000650,SUP0013,PRD0005,2026-09-04,766,Standard,2026-09-09,2026-09-09,0,On Time
ORD000651,SUP0045,PRD0016,2025-05-04,83,Standard,2025-05-10,2025-05-10,0,On Time
ORD000652,SUP0053,PRD0014,2026-08-03,1147,High,2026-08-08,2026-08-10,2,Delayed
ORD000653,SUP0001,PRD0020,2025-02-02,1981,Standard,2025-02-14,2025-02-13,0,On Time
ORD000654,SUP0012,PRD0017,2025-12-06,702,Standard,2025-12-11,2025-12-11,0,On Time
ORD000655,SUP0042,PRD0028,2024-10-29,482,High,2024-11-05,2024-11-05,0,On Time
ORD000656,SUP0033,PRD0013,2026-09-20,852,Standard,2026-09-26,,,In Transit
ORD000657,SUP0003,PRD0040,2025-08-09,1493,Standard,2025-08-18,2025-08-21,3,Delayed
ORD000658,SUP0035,PRD0004,2025-10-26,131,Standard,2025-10-31,2025-10-30,0,On Time
ORD000659,SUP0049,PRD0034,2025-08-15,1764,Urgent,2025-08-22,2025-08-21,0,On Time
ORD000660,SUP0046,PRD0040,2025-11-24,1511,High,2025-11-27,2025-11-27,0,On Time
ORD000661,SUP0025,PRD0043,2026-05-06,1622,Standard,2026-05-14,2026-05-13,0,On Time
ORD000662,SUP0039,PRD0007,2026-02-04,1703,High,2026-02-08,2026-02-07,0,On Time
ORD000663,SUP0052,PRD0012,2026-08-30,1220,Urgent,2026-09-08,2026-09-07,0,On Time
ORD000664,SUP0046,PRD0021,2025-03-03,1814,Standard,2025-03-06,2025-03-06,0,On Time
ORD000665,SUP0044,PRD0012,2026-09-08,448,Standard,2026-09-14,2026-09-14,0,On Time
ORD000666,SUP0048,PRD0021,2026-01-12,430,Standard,2026-01-19,2026-01-18,0,On Time
ORD000667,SUP0001,PRD0033,2024-12-05,232,Standard,2024-12-17,2024-12-24,7,Delayed
ORD000668,SUP0053,PRD0039,2025-11-26,408,Standard,2025-12-01,2025-11-30,0,On Time
ORD000669,SUP0010,PRD0021,2026-03-30,1265,Standard,2026-04-06,2026-04-05,0,On Time
ORD000670,SUP0016,PRD0011,2024-10-10,1856,Standard,2024-10-18,2024-10-17,0,On Time
ORD000671,SUP0025,PRD0012,2024-12-04,634,Standard,2024-12-12,2024-12-15,3,Delayed
ORD000672,SUP0048,PRD0011,2025-03-11,680,Urgent,2025-03-18,2025-03-18,0,On Time
ORD000673,SUP0023,PRD0031,2026-08-29,807,Standard,2026-09-05,2026-09-04,0,On Time
ORD000674,SUP0048,PRD0028,2025-09-28,1411,Urgent,2025-10-05,2025-10-04,0,On Time
ORD000675,SUP0040,PRD0038,2024-12-01,987,Standard,2024-12-07,2024-12-06,0,On Time
ORD000676,SUP0014,PRD0009,2026-02-12,1856,Standard,2026-02-15,2026-02-15,0,On Time
ORD000677,SUP0038,PRD0010,2026-02-19,36,Standard,2026-02-26,2026-02-25,0,On Time
ORD000678,SUP0002,PRD0006,2024-12-12,1129,High,2024-12-21,2024-12-21,0,On Time
ORD000679,SUP0039,PRD0013,2025-07-29,40,Standard,2025-08-02,2025-08-04,2,Delayed
ORD000680,SUP0013,PRD0013,2025-10-03,364,Standard,2025-10-08,2025-10-07,0,On Time
ORD000681,SUP0048,PRD0043,2026-01-01,1237,Standard,2026-01-08,2026-01-08,0,On Time
ORD000682,SUP0035,PRD0010,2026-06-30,1132,Standard,2026-07-05,2026-07-04,0,On Time
ORD000683,SUP0060,PRD0013,2025-08-07,166,High,2025-08-14,2025-08-14,0,On Time
ORD000684,SUP0051,PRD0005,2025-07-30,1259,High,2025-08-04,2025-08-08,4,Delayed
ORD000685,SUP0023,PRD0013,2025-10-31,579,Standard,2025-11-07,2025-11-07,0,On Time
ORD000686,SUP0057,PRD0020,2025-12-20,957,Standard,2025-12-25,2025-12-25,0,On Time
ORD000687,SUP0018,PRD0020,2025-04-29,166,High,2025-05-05,2025-05-05,0,On Time
ORD000688,SUP0003,PRD0017,2025-08-13,573,Standard,2025-08-22,2025-08-22,0,On Time
ORD000689,SUP0005,PRD0044,2025-12-16,93,High,2025-12-28,2025-12-27,0,On Time
ORD000690,SUP0044,PRD0004,2025-10-10,480,Standard,2025-10-16,2025-10-15,0,On Time
ORD000691,SUP0057,PRD0018,2025-06-24,1693,High,2025-06-29,2025-06-28,0,On Time
ORD000692,SUP0014,PRD0031,2025-01-13,880,Standard,2025-01-16,2025-01-21,5,Delayed
ORD000693,SUP0049,PRD0031,2024-10-21,1776,Standard,2024-10-28,2024-10-27,0,On Time
ORD000694,SUP0057,PRD0001,2025-04-20,1131,Standard,2025-04-25,2025-04-24,0,On Time
ORD000695,SUP0009,PRD0010,2025-06-27,1687,Urgent,2025-07-03,2025-07-09,6,Delayed
ORD000696,SUP0008,PRD0010,2026-01-09,830,Standard,2026-01-18,2026-01-17,0,On Time
ORD000697,SUP0049,PRD0033,2025-07-31,720,Standard,2025-08-07,2025-08-06,0,On Time
ORD000698,SUP0043,PRD0011,2025-04-25,1949,High,2025-05-02,2025-05-01,0,On Time
ORD000699,SUP0050,PRD0012,2026-08-06,848,Standard,2026-08-08,2026-08-08,0,On Time
ORD000700,SUP0040,PRD0038,2026-03-02,1051,Standard,2026-03-08,2026-03-08,0,On Time
ORD000701,SUP0003,PRD0007,2025-07-18,1744,High,2025-07-27,2025-07-31,4,Delayed
ORD000702,SUP0009,PRD0011,2026-04-04,1412,Standard,2026-04-10,2026-04-10,0,On Time
ORD000703,SUP0006,PRD0040,2026-05-14,923,Standard,2026-05-26,2026-05-26,0,On Time
ORD000704,SUP0050,PRD0037,2024-10-22,954,Standard,2024-10-24,2024-10-24,0,On Time
ORD000705,SUP0011,PRD0024,2025-05-10,814,Standard,2025-05-15,2025-05-14,0,On Time
ORD000706,SUP0040,PRD0039,2025-09-21,443,Urgent,2025-09-27,2025-09-27,0,On Time
ORD000707,SUP0004,PRD0026,2025-02-28,636,Standard,2025-03-12,2025-03-12,0,On Time
ORD000708,SUP0050,PRD0030,2024-12-09,1820,Standard,2024-12-11,2024-12-11,0,On Time
ORD000709,SUP0043,PRD0023,2024-10-27,1216,Standard,2024-11-03,2024-11-02,0,On Time
ORD000710,SUP0021,PRD0036,2025-07-21,1000,Standard,2025-07-28,2025-07-29,1,Delayed
ORD000711,SUP0050,PRD0028,2025-02-16,654,Standard,2025-02-18,2025-02-17,0,On Time
ORD000712,SUP0053,PRD0040,2026-03-24,191,Standard,2026-03-29,2026-03-29,0,On Time
ORD000713,SUP0021,PRD0043,2026-08-28,1267,Standard,2026-09-04,2026-09-03,0,On Time
ORD000714,SUP0005,PRD0006,2025-02-24,1978,Standard,2025-03-08,2025-03-15,7,Delayed
ORD000715,SUP0021,PRD0006,2025-05-18,1061,Standard,2025-05-25,2025-05-25,0,On Time
ORD000716,SUP0017,PRD0020,2025-06-01,189,Standard,2025-06-05,2025-06-04,0,On Time
ORD000717,SUP0005,PRD0043,2025-01-13,1261,Standard,2025-01-25,2025-02-01,7,Delayed
ORD000718,SUP0032,PRD0029,2025-11-24,161,Standard,2025-11-30,2025-12-02,2,Delayed
ORD000719,SUP0042,PRD0030,2025-09-24,1935,Standard,2025-10-01,2025-10-01,0,On Time
ORD000720,SUP0027,PRD0001,2025-03-02,476,Standard,2025-03-08,2025-03-11,3,Delayed
ORD000721,SUP0009,PRD0045,2025-09-04,135,Standard,2025-09-10,2025-09-10,0,On Time
ORD000722,SUP0059,PRD0038,2026-03-07,170,Standard,2026-03-12,2026-03-11,0,On Time
ORD000723,SUP0041,PRD0021,2024-12-09,1694,High,2024-12-13,2024-12-12,0,On Time
ORD000724,SUP0011,PRD0043,2025-04-13,720,Standard,2025-04-18,2025-04-18,0,On Time
ORD000725,SUP0035,PRD0023,2025-02-11,141,Standard,2025-02-16,2025-02-15,0,On Time
ORD000726,SUP0010,PRD0045,2025-04-26,534,Standard,2025-05-03,2025-05-02,0,On Time
ORD000727,SUP0026,PRD0025,2025-11-15,513,Standard,2025-11-22,2025-11-22,0,On Time
ORD000728,SUP0028,PRD0041,2025-05-24,1445,Standard,2025-06-02,2025-06-01,0,On Time
ORD000729,SUP0026,PRD0036,2026-07-18,1467,Standard,2026-07-25,2026-07-24,0,On Time
ORD000730,SUP0040,PRD0030,2025-12-11,965,Standard,2025-12-17,2025-12-17,0,On Time
ORD000731,SUP0047,PRD0025,2026-01-08,430,Standard,2026-01-13,2026-01-12,0,On Time
ORD000732,SUP0024,PRD0024,2026-05-20,1695,Standard,2026-05-28,2026-05-27,0,On Time
ORD000733,SUP0031,PRD0007,2026-04-01,1393,Standard,2026-04-10,2026-04-10,0,On Time
ORD000734,SUP0029,PRD0016,2026-01-23,490,High,2026-01-28,2026-01-27,0,On Time
ORD000735,SUP0027,PRD0031,2026-08-21,369,High,2026-08-27,2026-08-26,0,On Time
ORD000736,SUP0027,PRD0009,2025-05-18,1700,Standard,2025-05-24,2025-05-23,0,On Time
ORD000737,SUP0026,PRD0044,2026-05-04,976,Standard,2026-05-11,2026-05-11,0,On Time
ORD000738,SUP0010,PRD0007,2025-03-01,246,Standard,2025-03-08,2025-03-08,0,On Time
ORD000739,SUP0049,PRD0009,2026-07-23,1765,Standard,2026-07-30,2026-07-29,0,On Time
ORD000740,SUP0039,PRD0005,2026-09-26,357,Standard,2026-09-30,,,In Transit
ORD000741,SUP0027,PRD0008,2025-11-21,126,Standard,2025-11-27,2025-11-26,0,On Time
ORD000742,SUP0023,PRD0005,2025-05-02,1461,Urgent,2025-05-09,2025-05-08,0,On Time
ORD000743,SUP0018,PRD0028,2025-10-27,54,Standard,2025-11-02,2025-11-07,5,Delayed
ORD000744,SUP0011,PRD0026,2026-03-26,1531,Standard,2026-03-31,2026-03-31,0,On Time
ORD000745,SUP0013,PRD0027,2025-05-23,436,High,2025-05-28,2025-05-27,0,On Time
ORD000746,SUP0042,PRD0027,2025-08-16,597,Standard,2025-08-23,2025-08-23,0,On Time
ORD000747,SUP0019,PRD0005,2026-07-21,1353,High,2026-07-25,2026-07-24,0,On Time
ORD000748,SUP0044,PRD0015,2025-09-21,1041,High,2025-09-27,2025-09-26,0,On Time
ORD000749,SUP0037,PRD0035,2025-09-29,685,High,2025-10-06,2025-10-06,0,On Time
ORD000750,SUP0036,PRD0024,2026-08-30,642,High,2026-09-05,2026-09-04,0,On Time
ORD000751,SUP0036,PRD0018,2026-07-06,815,Standard,2026-07-12,2026-07-12,0,On Time
ORD000752,SUP0010,PRD0026,2026-05-08,963,High,2026-05-15,2026-05-15,0,On Time
ORD000753,SUP0047,PRD0020,2025-12-30,109,Standard,2026-01-04,2026-01-03,0,On Time
ORD000754,SUP0031,PRD0004,2024-12-30,1011,High,2025-01-08,2025-01-08,0,On Time
ORD000755,SUP0039,PRD0024,2025-07-11,10,Standard,2025-07-15,2025-07-16,1,Delayed
ORD000756,SUP0023,PRD0003,2025-08-06,517,Standard,2025-08-13,2025-08-12,0,On Time
ORD000757,SUP0005,PRD0012,2025-07-29,1971,Standard,2025-08-10,2025-08-09,0,On Time
ORD000758,SUP0027,PRD0003,2026-03-06,1165,Standard,2026-03-12,2026-03-11,0,On Time
ORD000759,SUP0041,PRD0010,2025-08-24,468,High,2025-08-28,2025-08-28,0,On Time
ORD000760,SUP0017,PRD0008,2025-05-18,798,Standard,2025-05-22,2025-05-22,0,On Time
ORD000761,SUP0060,PRD0025,2025-07-21,803,High,2025-07-28,2025-07-28,0,On Time
ORD000762,SUP0058,PRD0012,2025-05-07,1991,Standard,2025-05-13,2025-05-12,0,On Time
ORD000763,SUP0021,PRD0045,2025-12-19,1117,High,2025-12-26,2025-12-26,0,On Time
ORD000764,SUP0054,PRD0040,2026-04-14,263,High,2026-04-20,2026-04-20,0,On Time
ORD000765,SUP0059,PRD0005,2026-05-09,1307,Standard,2026-05-14,2026-05-13,0,On Time
ORD000766,SUP0005,PRD0019,2025-03-21,170,High,2025-04-02,2025-04-02,0,On Time
ORD000767,SUP0055,PRD0024,2025-04-22,1983,Standard,2025-05-01,2025-04-30,0,On Time
ORD000768,SUP0054,PRD0031,2026-07-12,213,Standard,2026-07-18,2026-07-17,0,On Time
ORD000769,SUP0006,PRD0034,2025-12-21,67,Standard,2026-01-02,2026-01-01,0,On Time
ORD000770,SUP0012,PRD0034,2025-10-26,903,Standard,2025-10-31,2025-10-30,0,On Time
ORD000771,SUP0004,PRD0006,2025-08-23,528,Standard,2025-09-04,2025-09-03,0,On Time
ORD000772,SUP0012,PRD0009,2025-06-03,151,Standard,2025-06-08,2025-06-08,0,On Time
ORD000773,SUP0019,PRD0016,2024-10-11,1496,High,2024-10-15,2024-10-21,6,Delayed
ORD000774,SUP0014,PRD0040,2026-03-02,1210,Standard,2026-03-05,2026-03-04,0,On Time
ORD000775,SUP0045,PRD0002,2026-09-09,1383,Standard,2026-09-15,2026-09-14,0,On Time
ORD000776,SUP0047,PRD0022,2025-11-10,352,Standard,2025-11-15,2025-11-14,0,On Time
ORD000777,SUP0038,PRD0036,2026-01-19,1274,Standard,2026-01-26,2026-01-25,0,On Time
ORD000778,SUP0029,PRD0019,2025-10-19,1438,Standard,2025-10-24,2025-10-23,0,On Time
ORD000779,SUP0059,PRD0037,2025-02-20,1209,Standard,2025-02-25,2025-02-24,0,On Time
ORD000780,SUP0009,PRD0001,2025-08-29,1066,Standard,2025-09-04,2025-09-10,6,Delayed
ORD000781,SUP0034,PRD0044,2025-09-03,1009,High,2025-09-07,2025-09-07,0,On Time
ORD000782,SUP0058,PRD0023,2025-08-12,573,Standard,2025-08-18,2025-08-18,0,On Time
ORD000783,SUP0020,PRD0037,2025-08-04,1000,Urgent,2025-08-08,2025-08-07,0,On Time
ORD000784,SUP0046,PRD0006,2025-09-08,962,Standard,2025-09-11,2025-09-11,0,On Time
ORD000785,SUP0053,PRD0019,2024-10-31,1021,High,2024-11-05,2024-11-05,0,On Time
ORD000786,SUP0018,PRD0044,2026-09-03,24,Standard,2026-09-09,2026-09-08,0,On Time
ORD000787,SUP0003,PRD0008,2026-07-13,1868,Urgent,2026-07-22,2026-07-22,0,On Time
ORD000788,SUP0013,PRD0009,2026-07-18,1213,Standard,2026-07-23,2026-07-22,0,On Time
ORD000789,SUP0046,PRD0037,2025-12-03,1040,Standard,2025-12-06,2025-12-05,0,On Time
ORD000790,SUP0027,PRD0014,2026-09-25,1070,High,2026-10-01,,,In Transit
ORD000791,SUP0012,PRD0016,2026-09-25,642,Standard,2026-09-30,,,In Transit
ORD000792,SUP0008,PRD0035,2025-02-08,695,Standard,2025-02-17,2025-02-17,0,On Time
ORD000793,SUP0053,PRD0012,2026-05-03,473,Standard,2026-05-08,2026-05-07,0,On Time
ORD000794,SUP0001,PRD0037,2025-08-19,1870,Standard,2025-08-31,2025-08-31,0,On Time
ORD000795,SUP0036,PRD0025,2026-05-22,1813,Standard,2026-05-28,2026-05-28,0,On Time
ORD000796,SUP0004,PRD0015,2026-07-09,1106,High,2026-07-21,2026-07-20,0,On Time
ORD000797,SUP0014,PRD0005,2026-07-31,1883,Standard,2026-08-03,2026-08-02,0,On Time
ORD000798,SUP0005,PRD0031,2024-10-20,1682,Standard,2024-11-01,2024-11-02,1,Delayed
ORD000799,SUP0048,PRD0037,2025-10-07,1169,Standard,2025-10-14,2025-10-13,0,On Time
ORD000800,SUP0008,PRD0025,2024-11-30,476,High,2024-12-09,2024-12-09,0,On Time
ORD000801,SUP0028,PRD0024,2026-06-29,1458,Standard,2026-07-08,2026-07-08,0,On Time
ORD000802,SUP0011,PRD0027,2026-02-17,1315,Standard,2026-02-22,2026-02-21,0,On Time
ORD000803,SUP0052,PRD0015,2026-08-23,1037,Standard,2026-09-01,2026-09-01,0,On Time
ORD000804,SUP0045,PRD0042,2026-04-02,1088,High,2026-04-08,2026-04-08,0,On Time
ORD000805,SUP0036,PRD0022,2024-12-25,778,Standard,2024-12-31,2024-12-30,0,On Time
ORD000806,SUP0009,PRD0040,2024-10-27,575,Standard,2024-11-02,2024-11-01,0,On Time
ORD000807,SUP0057,PRD0008,2025-12-03,428,High,2025-12-08,2025-12-08,0,On Time
ORD000808,SUP0012,PRD0044,2025-03-14,62,Standard,2025-03-19,2025-03-19,0,On Time
ORD000809,SUP0014,PRD0038,2025-09-08,220,Standard,2025-09-11,2025-09-11,0,On Time
ORD000810,SUP0019,PRD0007,2026-05-22,1443,High,2026-05-26,2026-05-26,0,On Time
ORD000811,SUP0016,PRD0030,2025-10-12,502,Standard,2025-10-20,2025-10-20,0,On Time
ORD000812,SUP0027,PRD0016,2025-08-17,1515,High,2025-08-23,2025-08-22,0,On Time
ORD000813,SUP0047,PRD0001,2026-03-27,1023,Standard,2026-04-01,2026-04-01,0,On Time
ORD000814,SUP0029,PRD0022,2025-11-04,1839,Standard,2025-11-09,2025-11-08,0,On Time
ORD000815,SUP0030,PRD0003,2025-06-27,1296,Standard,2025-07-06,2025-07-05,0,On Time
ORD000816,SUP0010,PRD0043,2026-08-15,1552,Standard,2026-08-22,2026-08-26,4,Delayed
ORD000817,SUP0041,PRD0014,2025-10-06,582,Standard,2025-10-10,2025-10-10,0,On Time
ORD000818,SUP0037,PRD0012,2025-06-15,1188,Standard,2025-06-22,2025-06-21,0,On Time
ORD000819,SUP0009,PRD0002,2025-03-21,580,High,2025-03-27,2025-03-27,0,On Time
ORD000820,SUP0055,PRD0034,2024-12-12,750,High,2024-12-21,2024-12-21,0,On Time
ORD000821,SUP0024,PRD0014,2025-03-21,626,Standard,2025-03-29,2025-03-28,0,On Time
ORD000822,SUP0003,PRD0031,2025-01-20,1757,Standard,2025-01-29,2025-02-05,7,Delayed
ORD000823,SUP0042,PRD0023,2025-07-04,993,High,2025-07-11,2025-07-11,0,On Time
ORD000824,SUP0002,PRD0028,2025-11-18,1947,Standard,2025-11-27,2025-11-27,0,On Time
ORD000825,SUP0015,PRD0007,2025-05-31,1363,High,2025-06-06,2025-06-05,0,On Time
ORD000826,SUP0003,PRD0030,2026-03-15,847,Urgent,2026-03-24,2026-03-27,3,Delayed
ORD000827,SUP0040,PRD0007,2025-02-04,1731,Urgent,2025-02-10,2025-02-09,0,On Time
ORD000828,SUP0040,PRD0005,2026-07-13,478,Standard,2026-07-19,2026-07-19,0,On Time
ORD000829,SUP0005,PRD0023,2024-10-30,1874,Standard,2024-11-11,2024-11-10,0,On Time
ORD000830,SUP0033,PRD0020,2026-01-13,1658,Standard,2026-01-19,2026-01-19,0,On Time
ORD000831,SUP0053,PRD0011,2026-04-27,1427,High,2026-05-02,2026-05-02,0,On Time
ORD000832,SUP0017,PRD0035,2025-02-07,233,Standard,2025-02-11,2025-02-10,0,On Time
ORD000833,SUP0053,PRD0045,2026-06-10,431,Standard,2026-06-15,2026-06-16,1,Delayed
ORD000834,SUP0017,PRD0002,2026-09-24,963,High,2026-09-28,,,In Transit
ORD000835,SUP0027,PRD0021,2024-10-14,1349,Standard,2024-10-20,2024-10-20,0,On Time
ORD000836,SUP0028,PRD0036,2025-08-30,800,High,2025-09-08,2025-09-07,0,On Time
ORD000837,SUP0008,PRD0027,2025-05-22,1506,Standard,2025-05-31,2025-05-31,0,On Time
ORD000838,SUP0053,PRD0011,2025-12-04,237,Standard,2025-12-09,2025-12-08,0,On Time
ORD000839,SUP0038,PRD0012,2026-04-08,1960,High,2026-04-15,2026-04-15,0,On Time
ORD000840,SUP0025,PRD0019,2026-08-05,1702,High,2026-08-13,2026-08-13,0,On Time
ORD000841,SUP0059,PRD0011,2026-02-07,1681,Standard,2026-02-12,2026-02-12,0,On Time
ORD000842,SUP0047,PRD0039,2025-12-18,1311,Standard,2025-12-23,2025-12-22,0,On Time
ORD000843,SUP0002,PRD0039,2026-01-27,843,Standard,2026-02-05,2026-02-06,1,Delayed
ORD000844,SUP0022,PRD0019,2025-02-14,68,Standard,2025-02-22,2025-02-22,0,On Time
ORD000845,SUP0032,PRD0045,2025-04-18,1413,Standard,2025-04-24,2025-04-23,0,On Time
ORD000846,SUP0044,PRD0022,2025-03-09,150,Standard,2025-03-15,2025-03-20,5,Delayed
ORD000847,SUP0021,PRD0034,2025-03-31,317,Standard,2025-04-07,2025-04-07,0,On Time
ORD000848,SUP0044,PRD0030,2025-06-24,1410,Standard,2025-06-30,2025-06-30,0,On Time
ORD000849,SUP0053,PRD0008,2026-05-14,206,Standard,2026-05-19,2026-05-19,0,On Time
ORD000850,SUP0046,PRD0042,2026-01-04,1111,High,2026-01-07,2026-01-07,0,On Time
ORD000851,SUP0050,PRD0017,2025-01-27,1410,High,2025-01-29,2025-01-29,0,On Time
ORD000852,SUP0012,PRD0038,2026-07-28,167,Standard,2026-08-02,2026-08-06,4,Delayed
ORD000853,SUP0040,PRD0039,2026-04-27,1892,High,2026-05-03,2026-05-03,0,On Time
ORD000854,SUP0041,PRD0020,2024-11-21,1016,High,2024-11-25,2024-11-25,0,On Time
ORD000855,SUP0052,PRD0023,2025-03-20,1744,Standard,2025-03-29,2025-03-28,0,On Time
ORD000856,SUP0013,PRD0040,2025-01-05,1956,Standard,2025-01-10,2025-01-09,0,On Time
ORD000857,SUP0001,PRD0029,2025-07-16,914,Standard,2025-07-28,2025-07-28,0,On Time
ORD000858,SUP0060,PRD0034,2025-06-23,1402,Standard,2025-06-30,2025-06-29,0,On Time
ORD000859,SUP0044,PRD0044,2024-12-17,219,Standard,2024-12-23,2024-12-22,0,On Time
ORD000860,SUP0019,PRD0037,2026-03-08,939,Standard,2026-03-12,2026-03-11,0,On Time
ORD000861,SUP0029,PRD0021,2025-11-03,1117,Urgent,2025-11-08,2025-11-07,0,On Time
ORD000862,SUP0013,PRD0042,2026-03-31,1280,Standard,2026-04-05,2026-04-05,0,On Time
ORD000863,SUP0017,PRD0015,2026-06-09,1741,Standard,2026-06-13,2026-06-12,0,On Time
ORD000864,SUP0016,PRD0029,2025-01-19,899,Standard,2025-01-27,2025-01-26,0,On Time
ORD000865,SUP0058,PRD0016,2024-11-08,1707,Standard,2024-11-14,2024-11-13,0,On Time
ORD000866,SUP0011,PRD0006,2025-11-02,409,Standard,2025-11-07,2025-11-06,0,On Time
ORD000867,SUP0021,PRD0045,2025-04-17,1146,Standard,2025-04-24,2025-04-23,0,On Time
ORD000868,SUP0013,PRD0010,2026-06-09,932,Standard,2026-06-14,2026-06-14,0,On Time
ORD000869,SUP0041,PRD0019,2024-12-30,1329,Standard,2025-01-03,2025-01-02,0,On Time
ORD000870,SUP0053,PRD0021,2026-09-22,1152,High,2026-09-27,,,In Transit
ORD000871,SUP0025,PRD0004,2025-08-27,334,High,2025-09-04,2025-09-03,0,On Time
ORD000872,SUP0025,PRD0018,2026-08-13,687,Standard,2026-08-21,2026-08-21,0,On Time
ORD000873,SUP0027,PRD0002,2025-05-11,1985,Standard,2025-05-17,2025-05-16,0,On Time
ORD000874,SUP0040,PRD0019,2024-10-28,231,High,2024-11-03,2024-11-04,1,Delayed
ORD000875,SUP0044,PRD0003,2026-08-17,1879,Urgent,2026-08-23,2026-08-22,0,On Time
ORD000876,SUP0045,PRD0002,2025-05-28,702,High,2025-06-03,2025-06-02,0,On Time
ORD000877,SUP0047,PRD0022,2026-03-13,20,High,2026-03-18,2026-03-17,0,On Time
ORD000878,SUP0044,PRD0018,2025-08-09,805,Standard,2025-08-15,2025-08-15,0,On Time
ORD000879,SUP0015,PRD0035,2025-10-17,1778,Standard,2025-10-23,2025-10-23,0,On Time
ORD000880,SUP0027,PRD0012,2026-06-30,753,Standard,2026-07-06,2026-07-05,0,On Time
ORD000881,SUP0031,PRD0008,2025-08-07,883,Standard,2025-08-16,2025-08-15,0,On Time
ORD000882,SUP0048,PRD0020,2025-04-09,1227,Standard,2025-04-16,2025-04-16,0,On Time
ORD000883,SUP0052,PRD0027,2025-06-08,847,Standard,2025-06-17,2025-06-16,0,On Time
ORD000884,SUP0009,PRD0034,2025-02-13,1090,Standard,2025-02-19,2025-02-18,0,On Time
ORD000885,SUP0047,PRD0037,2025-06-02,1423,Standard,2025-06-07,2025-06-06,0,On Time
ORD000886,SUP0037,PRD0019,2025-01-25,639,Standard,2025-02-01,2025-02-01,0,On Time
ORD000887,SUP0054,PRD0034,2026-07-23,766,Standard,2026-07-29,2026-07-28,0,On Time
ORD000888,SUP0003,PRD0027,2025-05-01,1280,High,2025-05-10,2025-05-12,2,Delayed
ORD000889,SUP0022,PRD0004,2025-04-26,1107,Standard,2025-05-04,2025-05-08,4,Delayed
ORD000890,SUP0027,PRD0042,2025-07-14,1739,Standard,2025-07-20,2025-07-19,0,On Time
ORD000891,SUP0002,PRD0022,2025-06-22,397,Standard,2025-07-01,2025-06-30,0,On Time
ORD000892,SUP0033,PRD0019,2026-01-03,1978,Standard,2026-01-09,2026-01-08,0,On Time
ORD000893,SUP0052,PRD0042,2025-10-01,967,Standard,2025-10-10,2025-10-09,0,On Time
ORD000894,SUP0027,PRD0004,2025-10-26,1321,High,2025-11-01,2025-11-01,0,On Time
ORD000895,SUP0003,PRD0018,2026-01-11,526,Standard,2026-01-20,2026-01-21,1,Delayed
ORD000896,SUP0027,PRD0023,2026-04-26,159,Standard,2026-05-02,2026-05-06,4,Delayed
ORD000897,SUP0047,PRD0014,2026-01-19,1107,Standard,2026-01-24,2026-01-24,0,On Time
ORD000898,SUP0055,PRD0043,2025-07-16,1934,High,2025-07-25,2025-07-25,0,On Time
ORD000899,SUP0022,PRD0031,2025-01-08,282,Standard,2025-01-16,2025-01-16,0,On Time
ORD000900,SUP0002,PRD0023,2026-08-08,1911,Standard,2026-08-17,2026-08-20,3,Delayed
ORD000901,SUP0027,PRD0038,2025-09-13,1361,Standard,2025-09-19,2025-09-19,0,On Time
ORD000902,SUP0027,PRD0015,2025-08-10,101,High,2025-08-16,2025-08-15,0,On Time
ORD000903,SUP0005,PRD0027,2025-07-24,1462,Standard,2025-08-05,2025-08-04,0,On Time
ORD000904,SUP0035,PRD0039,2025-02-27,1365,Standard,2025-03-04,2025-03-04,0,On Time
ORD000905,SUP0002,PRD0011,2024-10-12,450,Standard,2024-10-21,2024-10-21,0,On Time
ORD000906,SUP0033,PRD0021,2025-06-18,1431,High,2025-06-24,2025-06-23,0,On Time
ORD000907,SUP0059,PRD0019,2025-07-26,597,High,2025-07-31,2025-07-31,0,On Time
ORD000908,SUP0025,PRD0009,2026-04-22,1818,Standard,2026-04-30,2026-04-30,0,On Time
ORD000909,SUP0037,PRD0015,2026-03-22,360,Standard,2026-03-29,2026-03-29,0,On Time
ORD000910,SUP0005,PRD0037,2026-05-18,254,Standard,2026-05-30,2026-05-29,0,On Time
ORD000911,SUP0039,PRD0020,2025-04-18,1384,Standard,2025-04-22,2025-04-21,0,On Time
ORD000912,SUP0019,PRD0020,2024-12-26,1315,Standard,2024-12-30,2024-12-29,0,On Time
ORD000913,SUP0023,PRD0037,2026-03-15,157,Urgent,2026-03-22,2026-03-22,0,On Time
ORD000914,SUP0006,PRD0031,2025-10-13,931,Standard,2025-10-25,2025-10-30,5,Delayed
ORD000915,SUP0049,PRD0040,2025-10-02,256,Standard,2025-10-09,2025-10-09,0,On Time
ORD000916,SUP0047,PRD0027,2026-07-24,239,Standard,2026-07-29,2026-07-28,0,On Time
ORD000917,SUP0056,PRD0020,2026-01-05,705,Standard,2026-01-10,2026-01-10,0,On Time
ORD000918,SUP0042,PRD0014,2026-02-27,1043,Standard,2026-03-06,2026-03-06,0,On Time
ORD000919,SUP0020,PRD0017,2025-07-09,1778,Standard,2025-07-13,2025-07-13,0,On Time
ORD000920,SUP0036,PRD0032,2025-06-16,687,Standard,2025-06-22,2025-06-22,0,On Time
ORD000921,SUP0007,PRD0018,2026-02-17,1687,Standard,2026-02-28,2026-02-27,0,On Time
ORD000922,SUP0014,PRD0024,2025-09-09,889,Standard,2025-09-12,2025-09-11,0,On Time
ORD000923,SUP0004,PRD0023,2025-03-10,1974,Standard,2025-03-22,2025-03-22,0,On Time
ORD000924,SUP0048,PRD0041,2026-01-03,584,High,2026-01-10,2026-01-09,0,On Time
ORD000925,SUP0060,PRD0040,2025-11-20,687,Standard,2025-11-27,2025-11-29,2,Delayed
ORD000926,SUP0041,PRD0010,2026-05-04,249,Urgent,2026-05-08,2026-05-07,0,On Time
ORD000927,SUP0053,PRD0037,2025-05-24,139,Urgent,2025-05-29,2025-05-28,0,On Time
ORD000928,SUP0041,PRD0045,2024-12-14,821,Standard,2024-12-18,2024-12-21,3,Delayed
ORD000929,SUP0035,PRD0022,2026-07-01,1325,Standard,2026-07-06,2026-07-06,0,On Time
ORD000930,SUP0013,PRD0017,2025-05-21,1436,Standard,2025-05-26,2025-05-25,0,On Time
ORD000931,SUP0040,PRD0012,2026-04-25,545,Standard,2026-05-01,2026-05-01,0,On Time
ORD000932,SUP0010,PRD0045,2026-06-29,1451,High,2026-07-06,2026-07-06,0,On Time
ORD000933,SUP0023,PRD0027,2024-11-08,497,High,2024-11-15,2024-11-15,0,On Time
ORD000934,SUP0032,PRD0022,2024-11-05,1194,Standard,2024-11-11,2024-11-11,0,On Time
ORD000935,SUP0035,PRD0034,2025-03-15,576,Standard,2025-03-20,2025-03-20,0,On Time
ORD000936,SUP0059,PRD0020,2026-08-13,481,Standard,2026-08-18,2026-08-18,0,On Time
ORD000937,SUP0041,PRD0008,2026-03-03,453,Standard,2026-03-07,2026-03-06,0,On Time
ORD000938,SUP0030,PRD0016,2025-03-03,478,Standard,2025-03-12,2025-03-11,0,On Time
ORD000939,SUP0035,PRD0028,2024-10-23,1239,Standard,2024-10-28,2024-10-28,0,On Time
ORD000940,SUP0005,PRD0042,2026-02-12,1746,Standard,2026-02-24,2026-02-24,0,On Time
ORD000941,SUP0031,PRD0037,2025-03-01,1538,Standard,2025-03-10,2025-03-09,0,On Time
ORD000942,SUP0055,PRD0036,2026-01-16,628,Standard,2026-01-25,2026-01-24,0,On Time
ORD000943,SUP0037,PRD0009,2026-01-03,1112,Standard,2026-01-10,2026-01-09,0,On Time
ORD000944,SUP0007,PRD0013,2025-06-06,1711,Standard,2025-06-17,2025-06-22,5,Delayed
ORD000945,SUP0020,PRD0008,2025-03-12,1834,Standard,2025-03-16,2025-03-16,0,On Time
ORD000946,SUP0022,PRD0024,2025-06-03,444,Standard,2025-06-11,2025-06-11,0,On Time
ORD000947,SUP0057,PRD0020,2024-11-01,1310,High,2024-11-06,2024-11-06,0,On Time
ORD000948,SUP0040,PRD0010,2026-05-14,811,Standard,2026-05-20,2026-05-19,0,On Time
ORD000949,SUP0059,PRD0009,2026-03-12,1512,Standard,2026-03-17,2026-03-17,0,On Time
ORD000950,SUP0031,PRD0044,2025-09-21,1205,High,2025-09-30,2025-09-29,0,On Time
ORD000951,SUP0033,PRD0029,2026-07-01,940,Standard,2026-07-07,2026-07-06,0,On Time
ORD000952,SUP0037,PRD0033,2025-08-08,650,Standard,2025-08-15,2025-08-20,5,Delayed
ORD000953,SUP0052,PRD0003,2026-06-11,145,Standard,2026-06-20,2026-06-19,0,On Time
ORD000954,SUP0037,PRD0035,2025-06-24,1792,High,2025-07-01,2025-06-30,0,On Time
ORD000955,SUP0008,PRD0007,2025-03-24,445,Standard,2025-04-02,2025-04-06,4,Delayed
ORD000956,SUP0024,PRD0027,2025-01-18,1997,Standard,2025-01-26,2025-01-25,0,On Time
ORD000957,SUP0039,PRD0011,2026-09-12,1615,Standard,2026-09-16,2026-09-15,0,On Time
ORD000958,SUP0034,PRD0025,2025-10-27,1635,Standard,2025-10-31,2025-10-30,0,On Time
ORD000959,SUP0059,PRD0003,2025-12-12,1021,Standard,2025-12-17,2025-12-17,0,On Time
ORD000960,SUP0010,PRD0010,2025-08-12,298,Standard,2025-08-19,2025-08-19,0,On Time
ORD000961,SUP0003,PRD0013,2025-06-17,779,Standard,2025-06-26,2025-06-25,0,On Time
ORD000962,SUP0018,PRD0043,2025-03-16,910,Standard,2025-03-22,2025-03-22,0,On Time
ORD000963,SUP0024,PRD0007,2025-09-20,954,Standard,2025-09-28,2025-09-28,0,On Time
ORD000964,SUP0044,PRD0020,2025-07-28,1166,Urgent,2025-08-03,2025-08-06,3,Delayed
ORD000965,SUP0005,PRD0036,2025-07-28,1040,Standard,2025-08-09,2025-08-09,0,On Time
ORD000966,SUP0057,PRD0001,2026-05-17,830,Standard,2026-05-22,2026-05-22,0,On Time
ORD000967,SUP0008,PRD0026,2026-09-23,55,High,2026-10-02,,,In Transit
ORD000968,SUP0039,PRD0011,2026-09-08,1725,Standard,2026-09-12,2026-09-12,0,On Time
ORD000969,SUP0053,PRD0038,2025-12-21,1488,Standard,2025-12-26,2025-12-26,0,On Time
ORD000970,SUP0010,PRD0031,2025-11-22,1024,Standard,2025-11-29,2025-11-29,0,On Time
ORD000971,SUP0046,PRD0043,2026-03-31,686,Standard,2026-04-03,2026-04-02,0,On Time
ORD000972,SUP0056,PRD0043,2026-05-14,1535,Standard,2026-05-19,2026-05-18,0,On Time
ORD000973,SUP0034,PRD0020,2025-05-11,221,Standard,2025-05-15,2025-05-15,0,On Time
ORD000974,SUP0034,PRD0006,2026-01-12,884,Urgent,2026-01-16,2026-01-15,0,On Time
ORD000975,SUP0011,PRD0008,2025-05-06,1860,High,2025-05-11,2025-05-10,0,On Time
ORD000976,SUP0029,PRD0024,2026-09-07,1005,Standard,2026-09-12,2026-09-13,1,Delayed
ORD000977,SUP0021,PRD0028,2026-06-04,1429,Urgent,2026-06-11,2026-06-11,0,On Time
ORD000978,SUP0020,PRD0015,2025-04-07,669,Standard,2025-04-11,2025-04-11,0,On Time
ORD000979,SUP0036,PRD0013,2026-07-12,1541,Standard,2026-07-18,2026-07-17,0,On Time
ORD000980,SUP0006,PRD0005,2026-01-16,442,Standard,2026-01-28,2026-01-29,1,Delayed
ORD000981,SUP0032,PRD0021,2025-12-02,623,Urgent,2025-12-08,2025-12-08,0,On Time
ORD000982,SUP0060,PRD0040,2025-09-29,260,High,2025-10-06,2025-10-05,0,On Time
ORD000983,SUP0031,PRD0034,2025-06-23,602,High,2025-07-02,2025-07-09,7,Delayed
ORD000984,SUP0020,PRD0032,2026-06-01,1255,Standard,2026-06-05,2026-06-11,6,Delayed
ORD000985,SUP0054,PRD0009,2024-11-05,501,Standard,2024-11-11,2024-11-12,1,Delayed
ORD000986,SUP0031,PRD0025,2025-08-20,1319,Standard,2025-08-29,2025-09-01,3,Delayed
ORD000987,SUP0021,PRD0039,2024-11-09,257,High,2024-11-16,2024-11-22,6,Delayed
ORD000988,SUP0032,PRD0034,2025-05-16,1149,Standard,2025-05-22,2025-05-22,0,On Time
ORD000989,SUP0010,PRD0040,2026-02-02,246,Standard,2026-02-09,2026-02-09,0,On Time
ORD000990,SUP0027,PRD0010,2026-03-28,1509,Standard,2026-04-03,2026-04-03,0,On Time
ORD000991,SUP0051,PRD0021,2025-02-01,602,Standard,2025-02-06,2025-02-06,0,On Time
ORD000992,SUP0002,PRD0007,2025-05-31,1860,Standard,2025-06-09,2025-06-10,1,Delayed
ORD000993,SUP0053,PRD0044,2025-03-27,290,Standard,2025-04-01,2025-03-31,0,On Time
ORD000994,SUP0025,PRD0028,2025-03-26,756,Standard,2025-04-03,2025-04-02,0,On Time
ORD000995,SUP0030,PRD0026,2024-12-14,696,Standard,2024-12-23,2024-12-27,4,Delayed
ORD000996,SUP0007,PRD0043,2026-05-04,890,Standard,2026-05-15,2026-05-16,1,Delayed
ORD000997,SUP0006,PRD0037,2025-03-21,1950,Standard,2025-04-02,2025-04-01,0,On Time
ORD000998,SUP0025,PRD0027,2026-04-06,1427,Standard,2026-04-14,2026-04-14,0,On Time
ORD000999,SUP0043,PRD0026,2025-08-14,1278,Standard,2025-08-21,2025-08-21,0,On Time
ORD001000,SUP0018,PRD0045,2026-07-18,529,Standard,2026-07-24,2026-07-23,0,On Time
ORD001001,SUP0026,PRD0005,2025-02-24,1104,Standard,2025-03-03,2025-03-02,0,On Time
ORD001002,SUP0029,PRD0002,2025-07-10,523,High,2025-07-15,2025-07-15,0,On Time
ORD001003,SUP0060,PRD0020,2025-12-12,710,Standard,2025-12-19,2025-12-19,0,On Time
ORD001004,SUP0012,PRD0019,2025-05-28,1174,Standard,2025-06-02,2025-06-01,0,On Time
ORD001005,SUP0016,PRD0015,2024-11-06,1465,Standard,2024-11-14,2024-11-13,0,On Time
ORD001006,SUP0056,PRD0030,2025-09-10,1913,High,2025-09-15,2025-09-15,0,On Time
ORD001007,SUP0025,PRD0035,2025-07-05,1969,Standard,2025-07-13,2025-07-13,0,On Time
ORD001008,SUP0044,PRD0035,2025-11-16,1465,Urgent,2025-11-22,2025-11-22,0,On Time
ORD001009,SUP0011,PRD0009,2025-07-02,1896,Standard,2025-07-07,2025-07-09,2,Delayed
ORD001010,SUP0048,PRD0023,2026-06-14,621,Standard,2026-06-21,2026-06-21,0,On Time
ORD001011,SUP0033,PRD0031,2026-06-19,793,Urgent,2026-06-25,2026-06-25,0,On Time
ORD001012,SUP0036,PRD0015,2026-01-11,490,Standard,2026-01-17,2026-01-19,2,Delayed
ORD001013,SUP0005,PRD0033,2025-12-20,1508,Standard,2026-01-01,2026-01-03,2,Delayed
ORD001014,SUP0001,PRD0027,2024-10-28,1997,Standard,2024-11-09,2024-11-12,3,Delayed
ORD001015,SUP0023,PRD0012,2025-08-05,1989,Standard,2025-08-12,2025-08-11,0,On Time
ORD001016,SUP0039,PRD0025,2025-01-06,798,Standard,2025-01-10,2025-01-09,0,On Time
ORD001017,SUP0046,PRD0004,2025-05-27,994,Standard,2025-05-30,2025-05-30,0,On Time
ORD001018,SUP0052,PRD0024,2025-06-09,299,Urgent,2025-06-18,2025-06-17,0,On Time
ORD001019,SUP0047,PRD0016,2025-08-14,301,Standard,2025-08-19,2025-08-18,0,On Time
ORD001020,SUP0045,PRD0019,2025-08-21,330,Standard,2025-08-27,2025-08-26,0,On Time
ORD001021,SUP0044,PRD0038,2026-01-27,545,Standard,2026-02-02,2026-02-02,0,On Time
ORD001022,SUP0021,PRD0032,2025-12-20,1738,Standard,2025-12-27,2025-12-27,0,On Time
ORD001023,SUP0042,PRD0034,2026-03-10,1505,High,2026-03-17,2026-03-17,0,On Time
ORD001024,SUP0013,PRD0024,2025-07-29,1508,High,2025-08-03,2025-08-03,0,On Time
ORD001025,SUP0018,PRD0027,2026-08-05,1259,High,2026-08-11,2026-08-11,0,On Time
ORD001026,SUP0022,PRD0002,2025-07-29,1292,High,2025-08-06,2025-08-05,0,On Time
ORD001027,SUP0029,PRD0043,2026-07-05,860,High,2026-07-10,2026-07-09,0,On Time
ORD001028,SUP0048,PRD0027,2024-10-18,638,Standard,2024-10-25,2024-10-24,0,On Time
ORD001029,SUP0036,PRD0030,2025-12-08,145,High,2025-12-14,2025-12-13,0,On Time
ORD001030,SUP0016,PRD0027,2025-01-26,440,Standard,2025-02-03,2025-02-03,0,On Time
ORD001031,SUP0055,PRD0009,2026-04-22,1907,Standard,2026-05-01,2026-04-30,0,On Time
ORD001032,SUP0047,PRD0019,2025-02-21,389,Standard,2025-02-26,2025-02-25,0,On Time
ORD001033,SUP0027,PRD0045,2025-07-09,1653,Standard,2025-07-15,2025-07-14,0,On Time
ORD001034,SUP0027,PRD0014,2025-05-13,631,Standard,2025-05-19,2025-05-18,0,On Time
ORD001035,SUP0032,PRD0010,2026-02-07,524,Standard,2026-02-13,2026-02-13,0,On Time
ORD001036,SUP0009,PRD0023,2025-07-12,1461,Standard,2025-07-18,2025-07-17,0,On Time
ORD001037,SUP0031,PRD0013,2026-05-17,1796,Standard,2026-05-26,2026-05-26,0,On Time
ORD001038,SUP0020,PRD0014,2026-02-21,1457,Urgent,2026-02-25,2026-03-01,4,Delayed
ORD001039,SUP0028,PRD0016,2025-01-16,98,High,2025-01-25,2025-01-25,0,On Time
ORD001040,SUP0030,PRD0042,2024-10-21,22,Urgent,2024-10-30,2024-10-30,0,On Time
ORD001041,SUP0018,PRD0042,2026-05-17,1296,Standard,2026-05-23,2026-05-22,0,On Time
ORD001042,SUP0022,PRD0015,2026-05-12,1319,Standard,2026-05-20,2026-05-19,0,On Time
ORD001043,SUP0031,PRD0010,2026-05-26,959,Standard,2026-06-04,2026-06-04,0,On Time
ORD001044,SUP0010,PRD0008,2025-07-01,1625,Urgent,2025-07-08,2025-07-08,0,On Time
ORD001045,SUP0029,PRD0038,2025-04-15,493,Standard,2025-04-20,2025-04-20,0,On Time
ORD001046,SUP0033,PRD0002,2024-11-16,21,Standard,2024-11-22,2024-11-22,0,On Time
ORD001047,SUP0058,PRD0024,2026-08-08,1235,Standard,2026-08-14,2026-08-13,0,On Time
ORD001048,SUP0039,PRD0029,2025-01-06,136,Standard,2025-01-10,2025-01-10,0,On Time
ORD001049,SUP0046,PRD0003,2026-03-22,596,Standard,2026-03-25,2026-03-24,0,On Time
ORD001050,SUP0048,PRD0031,2026-08-10,1041,Standard,2026-08-17,2026-08-16,0,On Time
ORD001051,SUP0037,PRD0010,2026-08-17,1574,Standard,2026-08-24,2026-08-23,0,On Time
ORD001052,SUP0008,PRD0024,2024-12-10,907,Standard,2024-12-19,2024-12-19,0,On Time
ORD001053,SUP0006,PRD0016,2024-10-01,796,High,2024-10-13,2024-10-14,1,Delayed
ORD001054,SUP0054,PRD0037,2026-04-16,1762,High,2026-04-22,2026-04-21,0,On Time
ORD001055,SUP0031,PRD0030,2025-05-15,1833,High,2025-05-24,2025-05-24,0,On Time
ORD001056,SUP0020,PRD0042,2025-06-15,508,Standard,2025-06-19,2025-06-19,0,On Time
ORD001057,SUP0034,PRD0008,2025-04-04,1699,Standard,2025-04-08,2025-04-08,0,On Time
ORD001058,SUP0007,PRD0024,2025-06-05,1751,Standard,2025-06-16,2025-06-19,3,Delayed
ORD001059,SUP0053,PRD0027,2026-04-24,326,Standard,2026-04-29,2026-05-04,5,Delayed
ORD001060,SUP0033,PRD0017,2026-03-16,660,Standard,2026-03-22,2026-03-21,0,On Time
ORD001061,SUP0029,PRD0007,2025-02-17,891,Standard,2025-02-22,2025-02-22,0,On Time
ORD001062,SUP0027,PRD0021,2025-03-06,864,High,2025-03-12,2025-03-12,0,On Time
ORD001063,SUP0056,PRD0009,2025-05-11,282,Standard,2025-05-16,2025-05-16,0,On Time
ORD001064,SUP0049,PRD0037,2025-09-11,1684,High,2025-09-18,2025-09-18,0,On Time
ORD001065,SUP0023,PRD0014,2026-03-31,912,Standard,2026-04-07,2026-04-06,0,On Time
ORD001066,SUP0023,PRD0030,2024-12-06,1924,Standard,2024-12-13,2024-12-13,0,On Time
ORD001067,SUP0003,PRD0014,2025-11-04,1159,Standard,2025-11-13,2025-11-13,0,On Time
ORD001068,SUP0038,PRD0040,2025-01-06,915,Standard,2025-01-13,2025-01-12,0,On Time
ORD001069,SUP0038,PRD0030,2025-02-05,465,Standard,2025-02-12,2025-02-12,0,On Time
ORD001070,SUP0019,PRD0014,2025-06-08,1344,Standard,2025-06-12,2025-06-11,0,On Time
ORD001071,SUP0038,PRD0008,2024-12-13,544,Standard,2024-12-20,2024-12-20,0,On Time
ORD001072,SUP0015,PRD0034,2026-06-24,320,Standard,2026-06-30,2026-06-29,0,On Time
ORD001073,SUP0049,PRD0023,2024-10-14,1373,Standard,2024-10-21,2024-10-21,0,On Time
ORD001074,SUP0020,PRD0027,2024-12-17,1964,High,2024-12-21,2024-12-21,0,On Time
ORD001075,SUP0029,PRD0018,2026-02-19,1092,High,2026-02-24,2026-02-24,0,On Time
ORD001076,SUP0044,PRD0010,2025-08-22,1901,Standard,2025-08-28,2025-08-28,0,On Time
ORD001077,SUP0057,PRD0020,2025-12-20,828,Standard,2025-12-25,2025-12-24,0,On Time
ORD001078,SUP0036,PRD0011,2026-07-25,1143,Standard,2026-07-31,2026-07-31,0,On Time
ORD001079,SUP0011,PRD0022,2025-11-22,1008,High,2025-11-27,2025-11-26,0,On Time
ORD001080,SUP0005,PRD0024,2025-08-24,1821,Standard,2025-09-05,2025-09-05,0,On Time
ORD001081,SUP0029,PRD0020,2025-12-09,1106,High,2025-12-14,2025-12-14,0,On Time
ORD001082,SUP0003,PRD0042,2026-04-23,580,Standard,2026-05-02,2026-05-02,0,On Time
ORD001083,SUP0010,PRD0038,2025-08-16,177,Standard,2025-08-23,2025-08-23,0,On Time
ORD001084,SUP0005,PRD0025,2025-04-20,630,Standard,2025-05-02,2025-05-02,0,On Time
ORD001085,SUP0053,PRD0034,2025-12-16,691,Standard,2025-12-21,2025-12-20,0,On Time
ORD001086,SUP0004,PRD0033,2025-03-22,848,Standard,2025-04-03,2025-04-02,0,On Time
ORD001087,SUP0052,PRD0031,2024-12-22,843,Standard,2024-12-31,2024-12-30,0,On Time
ORD001088,SUP0043,PRD0008,2025-02-09,1129,High,2025-02-16,2025-02-15,0,On Time
ORD001089,SUP0004,PRD0029,2025-06-30,542,Standard,2025-07-12,2025-07-18,6,Delayed
ORD001090,SUP0035,PRD0013,2026-09-20,874,Standard,2026-09-25,2026-09-24,0,On Time
ORD001091,SUP0045,PRD0017,2025-12-03,386,High,2025-12-09,2025-12-09,0,On Time
ORD001092,SUP0013,PRD0008,2026-05-01,1600,Standard,2026-05-06,2026-05-05,0,On Time
ORD001093,SUP0032,PRD0024,2024-10-12,589,Standard,2024-10-18,2024-10-17,0,On Time
ORD001094,SUP0013,PRD0027,2026-08-20,521,High,2026-08-25,2026-08-25,0,On Time
ORD001095,SUP0059,PRD0040,2025-12-21,1169,Standard,2025-12-26,2025-12-26,0,On Time
ORD001096,SUP0033,PRD0027,2025-12-27,1808,High,2026-01-02,2026-01-01,0,On Time
ORD001097,SUP0024,PRD0040,2025-06-26,1680,Standard,2025-07-04,2025-07-04,0,On Time
ORD001098,SUP0011,PRD0038,2026-06-13,846,Standard,2026-06-18,2026-06-19,1,Delayed
ORD001099,SUP0058,PRD0041,2026-04-12,218,Standard,2026-04-18,2026-04-17,0,On Time
ORD001100,SUP0007,PRD0008,2025-10-30,1712,Standard,2025-11-10,2025-11-16,6,Delayed
ORD001101,SUP0036,PRD0039,2026-07-16,1337,Standard,2026-07-22,2026-07-25,3,Delayed
ORD001102,SUP0050,PRD0044,2026-05-29,135,Standard,2026-05-31,2026-05-31,0,On Time
ORD001103,SUP0049,PRD0038,2026-07-19,899,High,2026-07-26,2026-07-31,5,Delayed
ORD001104,SUP0037,PRD0015,2026-07-08,1105,Standard,2026-07-15,2026-07-15,0,On Time
ORD001105,SUP0025,PRD0038,2025-02-21,1034,Standard,2025-03-01,2025-02-28,0,On Time
ORD001106,SUP0006,PRD0015,2026-03-18,1529,High,2026-03-30,2026-03-31,1,Delayed
ORD001107,SUP0060,PRD0040,2026-05-05,1551,High,2026-05-12,2026-05-12,0,On Time
ORD001108,SUP0020,PRD0007,2025-05-14,604,Standard,2025-05-18,2025-05-17,0,On Time
ORD001109,SUP0046,PRD0008,2026-07-13,1502,Standard,2026-07-16,2026-07-16,0,On Time
ORD001110,SUP0037,PRD0008,2024-11-17,1828,Standard,2024-11-24,2024-11-23,0,On Time
ORD001111,SUP0052,PRD0041,2026-04-25,620,Standard,2026-05-04,2026-05-04,0,On Time
ORD001112,SUP0005,PRD0019,2026-08-10,1908,Standard,2026-08-22,2026-08-22,0,On Time
ORD001113,SUP0046,PRD0035,2025-07-05,591,Standard,2025-07-08,2025-07-07,0,On Time
ORD001114,SUP0006,PRD0034,2025-03-13,294,Standard,2025-03-25,2025-03-29,4,Delayed
ORD001115,SUP0041,PRD0041,2024-11-28,501,Standard,2024-12-02,2024-12-01,0,On Time
ORD001116,SUP0056,PRD0043,2026-02-09,832,Standard,2026-02-14,2026-02-13,0,On Time
ORD001117,SUP0050,PRD0037,2026-03-26,1632,Standard,2026-03-28,2026-03-28,0,On Time
ORD001118,SUP0015,PRD0017,2025-05-22,454,Standard,2025-05-28,2025-05-27,0,On Time
ORD001119,SUP0022,PRD0004,2026-03-10,1744,Standard,2026-03-18,2026-03-18,0,On Time
ORD001120,SUP0060,PRD0024,2025-01-03,1733,High,2025-01-10,2025-01-09,0,On Time
ORD001121,SUP0059,PRD0037,2026-05-15,1574,Standard,2026-05-20,2026-05-20,0,On Time
ORD001122,SUP0050,PRD0008,2025-06-03,273,Standard,2025-06-05,2025-06-04,0,On Time
ORD001123,SUP0040,PRD0041,2025-10-13,1216,Standard,2025-10-19,2025-10-19,0,On Time
ORD001124,SUP0024,PRD0031,2026-05-04,1214,Standard,2026-05-12,2026-05-12,0,On Time
ORD001125,SUP0021,PRD0032,2026-03-12,1758,High,2026-03-19,2026-03-18,0,On Time
ORD001126,SUP0004,PRD0036,2026-05-16,1032,High,2026-05-28,2026-05-27,0,On Time
ORD001127,SUP0030,PRD0036,2025-10-16,1211,Standard,2025-10-25,2025-10-24,0,On Time
ORD001128,SUP0013,PRD0023,2025-05-17,826,High,2025-05-22,2025-05-22,0,On Time
ORD001129,SUP0007,PRD0017,2025-02-04,912,Standard,2025-02-15,2025-02-19,4,Delayed
ORD001130,SUP0042,PRD0024,2025-06-08,1055,Standard,2025-06-15,2025-06-15,0,On Time
ORD001131,SUP0050,PRD0030,2025-05-30,675,High,2025-06-01,2025-05-31,0,On Time
ORD001132,SUP0006,PRD0040,2026-07-06,1030,Standard,2026-07-18,2026-07-22,4,Delayed
ORD001133,SUP0057,PRD0013,2025-05-30,1229,High,2025-06-04,2025-06-03,0,On Time
ORD001134,SUP0028,PRD0040,2026-02-24,1883,High,2026-03-05,2026-03-07,2,Delayed
ORD001135,SUP0041,PRD0039,2026-09-23,1695,Standard,2026-09-27,,,In Transit
ORD001136,SUP0016,PRD0038,2025-12-27,1643,Standard,2026-01-04,2026-01-04,0,On Time
ORD001137,SUP0057,PRD0028,2025-04-02,945,High,2025-04-07,2025-04-10,3,Delayed
ORD001138,SUP0039,PRD0027,2026-09-20,1349,High,2026-09-24,2026-09-23,0,On Time
ORD001139,SUP0008,PRD0009,2025-01-02,438,Standard,2025-01-11,2025-01-11,0,On Time
ORD001140,SUP0018,PRD0004,2025-09-09,318,Standard,2025-09-15,2025-09-14,0,On Time
ORD001141,SUP0027,PRD0033,2025-02-06,51,Standard,2025-02-12,2025-02-11,0,On Time
ORD001142,SUP0019,PRD0033,2025-09-25,1572,Standard,2025-09-29,2025-09-29,0,On Time
ORD001143,SUP0024,PRD0008,2025-04-08,962,Urgent,2025-04-16,2025-04-16,0,On Time
ORD001144,SUP0006,PRD0015,2026-06-08,1181,Standard,2026-06-20,2026-06-20,0,On Time
ORD001145,SUP0042,PRD0006,2026-04-18,603,Standard,2026-04-25,2026-04-24,0,On Time
ORD001146,SUP0032,PRD0025,2025-02-27,1668,High,2025-03-05,2025-03-04,0,On Time
ORD001147,SUP0050,PRD0040,2025-09-03,542,Standard,2025-09-05,2025-09-04,0,On Time
ORD001148,SUP0038,PRD0033,2026-04-10,276,Standard,2026-04-17,2026-04-17,0,On Time
ORD001149,SUP0034,PRD0012,2025-04-16,1255,High,2025-04-20,2025-04-20,0,On Time
ORD001150,SUP0048,PRD0011,2026-05-01,1738,Standard,2026-05-08,2026-05-07,0,On Time
ORD001151,SUP0009,PRD0014,2026-03-27,1645,High,2026-04-02,2026-04-01,0,On Time
ORD001152,SUP0011,PRD0029,2026-03-14,1636,Urgent,2026-03-19,2026-03-26,7,Delayed
ORD001153,SUP0039,PRD0014,2025-03-29,1709,Standard,2025-04-02,2025-04-01,0,On Time
ORD001154,SUP0017,PRD0026,2024-10-16,487,High,2024-10-20,2024-10-19,0,On Time
ORD001155,SUP0014,PRD0027,2026-02-15,1258,Standard,2026-02-18,2026-02-17,0,On Time
ORD001156,SUP0049,PRD0008,2025-09-08,535,Standard,2025-09-15,2025-09-14,0,On Time
ORD001157,SUP0047,PRD0016,2026-01-17,1817,Standard,2026-01-22,2026-01-22,0,On Time
ORD001158,SUP0028,PRD0010,2025-10-19,866,Standard,2025-10-28,2025-10-28,0,On Time
ORD001159,SUP0026,PRD0014,2026-01-29,633,Standard,2026-02-05,2026-02-06,1,Delayed
ORD001160,SUP0010,PRD0044,2025-01-23,627,High,2025-01-30,2025-01-30,0,On Time
ORD001161,SUP0009,PRD0028,2025-04-26,703,Standard,2025-05-02,2025-05-01,0,On Time
ORD001162,SUP0024,PRD0022,2026-03-20,1075,Standard,2026-03-28,2026-03-28,0,On Time
ORD001163,SUP0041,PRD0016,2026-04-02,731,Standard,2026-04-06,2026-04-05,0,On Time
ORD001164,SUP0040,PRD0012,2025-01-06,1083,Standard,2025-01-12,2025-01-12,0,On Time
ORD001165,SUP0041,PRD0002,2025-06-23,1145,Standard,2025-06-27,2025-06-27,0,On Time
ORD001166,SUP0058,PRD0022,2026-01-13,225,High,2026-01-19,2026-01-19,0,On Time
ORD001167,SUP0059,PRD0017,2025-11-20,192,High,2025-11-25,2025-11-25,0,On Time
ORD001168,SUP0049,PRD0023,2025-06-17,1639,Standard,2025-06-24,2025-06-28,4,Delayed
ORD001169,SUP0034,PRD0003,2025-01-22,1024,High,2025-01-26,2025-01-26,0,On Time
ORD001170,SUP0040,PRD0005,2025-07-03,1567,High,2025-07-09,2025-07-09,0,On Time
ORD001171,SUP0056,PRD0029,2024-10-08,349,Standard,2024-10-13,2024-10-19,6,Delayed
ORD001172,SUP0004,PRD0024,2025-08-20,1648,Urgent,2025-09-01,2025-09-01,0,On Time
ORD001173,SUP0032,PRD0006,2026-07-11,1467,High,2026-07-17,2026-07-16,0,On Time
ORD001174,SUP0051,PRD0033,2026-04-26,311,Standard,2026-05-01,2026-04-30,0,On Time
ORD001175,SUP0026,PRD0021,2025-06-25,106,Urgent,2025-07-02,2025-07-04,2,Delayed
ORD001176,SUP0002,PRD0021,2025-06-24,1754,Standard,2025-07-03,2025-07-10,7,Delayed
ORD001177,SUP0050,PRD0021,2025-08-06,813,Urgent,2025-08-08,2025-08-14,6,Delayed
ORD001178,SUP0047,PRD0021,2026-04-21,1062,Standard,2026-04-26,2026-04-25,0,On Time
ORD001179,SUP0020,PRD0023,2025-04-12,875,High,2025-04-16,2025-04-15,0,On Time
ORD001180,SUP0033,PRD0012,2026-04-13,458,Standard,2026-04-19,2026-04-20,1,Delayed
ORD001181,SUP0040,PRD0037,2025-11-19,481,Standard,2025-11-25,2025-11-25,0,On Time
ORD001182,SUP0039,PRD0042,2025-04-23,317,High,2025-04-27,2025-04-26,0,On Time
ORD001183,SUP0019,PRD0011,2025-09-19,1590,High,2025-09-23,2025-09-23,0,On Time
ORD001184,SUP0009,PRD0020,2024-11-24,110,High,2024-11-30,2024-11-29,0,On Time
ORD001185,SUP0008,PRD0029,2025-10-16,1413,High,2025-10-25,2025-10-25,0,On Time
ORD001186,SUP0005,PRD0008,2024-11-19,391,Standard,2024-12-01,2024-11-30,0,On Time
ORD001187,SUP0057,PRD0037,2024-12-09,1377,Standard,2024-12-14,2024-12-13,0,On Time
ORD001188,SUP0015,PRD0031,2024-10-26,1461,Standard,2024-11-01,2024-10-31,0,On Time
ORD001189,SUP0008,PRD0044,2025-12-15,360,Standard,2025-12-24,2025-12-28,4,Delayed
ORD001190,SUP0004,PRD0018,2024-10-17,1280,Standard,2024-10-29,2024-10-28,0,On Time
ORD001191,SUP0033,PRD0038,2026-06-06,547,Urgent,2026-06-12,2026-06-12,0,On Time
ORD001192,SUP0059,PRD0002,2024-10-02,267,Standard,2024-10-07,2024-10-06,0,On Time
ORD001193,SUP0031,PRD0012,2025-07-05,964,High,2025-07-14,2025-07-14,0,On Time
ORD001194,SUP0025,PRD0031,2025-09-09,779,Standard,2025-09-17,2025-09-16,0,On Time
ORD001195,SUP0014,PRD0017,2024-11-10,1005,Standard,2024-11-13,2024-11-12,0,On Time
ORD001196,SUP0021,PRD0023,2025-03-29,642,Standard,2025-04-05,2025-04-07,2,Delayed
ORD001197,SUP0003,PRD0013,2024-12-24,215,Standard,2025-01-02,2025-01-01,0,On Time
ORD001198,SUP0044,PRD0038,2025-04-18,665,Standard,2025-04-24,2025-04-23,0,On Time
ORD001199,SUP0053,PRD0021,2025-02-10,332,Standard,2025-02-15,2025-02-15,0,On Time
ORD001200,SUP0010,PRD0012,2025-09-03,1283,High,2025-09-10,2025-09-10,0,On Time
ORD001201,SUP0044,PRD0042,2025-05-25,1469,High,2025-05-31,2025-05-31,0,On Time
ORD001202,SUP0049,PRD0043,2025-02-22,723,Standard,2025-03-01,2025-02-28,0,On Time
ORD001203,SUP0033,PRD0002,2025-08-24,1027,Standard,2025-08-30,2025-09-02,3,Delayed
ORD001204,SUP0056,PRD0042,2024-10-05,1128,High,2024-10-10,2024-10-09,0,On Time
ORD001205,SUP0051,PRD0028,2026-01-17,1281,Standard,2026-01-22,2026-01-22,0,On Time
ORD001206,SUP0021,PRD0018,2026-01-24,1962,Standard,2026-01-31,2026-01-30,0,On Time
ORD001207,SUP0048,PRD0045,2025-08-05,457,Standard,2025-08-12,2025-08-12,0,On Time
ORD001208,SUP0022,PRD0002,2026-09-21,867,High,2026-09-29,,,In Transit
ORD001209,SUP0038,PRD0009,2026-01-23,1374,Standard,2026-01-30,2026-01-29,0,On Time
ORD001210,SUP0044,PRD0036,2026-02-26,1249,Standard,2026-03-04,2026-03-04,0,On Time
ORD001211,SUP0053,PRD0022,2025-02-19,1076,High,2025-02-24,2025-02-25,1,Delayed
ORD001212,SUP0025,PRD0045,2025-12-14,305,Standard,2025-12-22,2025-12-21,0,On Time
ORD001213,SUP0026,PRD0026,2025-09-27,626,Standard,2025-10-04,2025-10-03,0,On Time
ORD001214,SUP0009,PRD0004,2025-07-09,797,High,2025-07-15,2025-07-18,3,Delayed
ORD001215,SUP0032,PRD0034,2024-10-24,984,Standard,2024-10-30,2024-10-30,0,On Time
ORD001216,SUP0036,PRD0030,2025-04-19,319,Standard,2025-04-25,2025-04-25,0,On Time
ORD001217,SUP0033,PRD0021,2025-08-13,816,Standard,2025-08-19,2025-08-18,0,On Time
ORD001218,SUP0034,PRD0030,2025-11-16,1024,Standard,2025-11-20,2025-11-19,0,On Time
ORD001219,SUP0014,PRD0020,2025-08-25,944,High,2025-08-28,2025-08-28,0,On Time
ORD001220,SUP0030,PRD0020,2026-05-19,459,Standard,2026-05-28,2026-05-31,3,Delayed
ORD001221,SUP0050,PRD0038,2026-01-29,179,Standard,2026-01-31,2026-01-31,0,On Time
ORD001222,SUP0039,PRD0008,2025-08-06,84,Standard,2025-08-10,2025-08-10,0,On Time
ORD001223,SUP0016,PRD0044,2026-08-12,1266,High,2026-08-20,2026-08-19,0,On Time
ORD001224,SUP0023,PRD0021,2025-02-11,417,High,2025-02-18,2025-02-17,0,On Time
ORD001225,SUP0035,PRD0030,2026-07-30,1973,Standard,2026-08-04,2026-08-04,0,On Time
ORD001226,SUP0029,PRD0021,2024-12-09,1770,High,2024-12-14,2024-12-15,1,Delayed
ORD001227,SUP0044,PRD0038,2025-08-26,746,Standard,2025-09-01,2025-09-03,2,Delayed
ORD001228,SUP0049,PRD0037,2025-01-31,65,Standard,2025-02-07,2025-02-06,0,On Time
ORD001229,SUP0050,PRD0002,2024-10-19,148,Standard,2024-10-21,2024-10-21,0,On Time
ORD001230,SUP0013,PRD0020,2025-02-16,1502,Standard,2025-02-21,2025-02-20,0,On Time
ORD001231,SUP0046,PRD0004,2025-07-10,925,Standard,2025-07-13,2025-07-12,0,On Time
ORD001232,SUP0034,PRD0013,2025-03-03,1937,High,2025-03-07,2025-03-06,0,On Time
ORD001233,SUP0055,PRD0041,2026-08-06,1714,High,2026-08-15,2026-08-15,0,On Time
ORD001234,SUP0008,PRD0043,2025-05-18,1610,Urgent,2025-05-27,2025-06-01,5,Delayed
ORD001235,SUP0050,PRD0023,2025-02-26,1873,High,2025-02-28,2025-02-28,0,On Time
ORD001236,SUP0010,PRD0004,2026-06-04,186,Standard,2026-06-11,2026-06-11,0,On Time
ORD001237,SUP0003,PRD0008,2026-02-28,1717,Standard,2026-03-09,2026-03-08,0,On Time
ORD001238,SUP0058,PRD0001,2025-01-09,1386,High,2025-01-15,2025-01-15,0,On Time
ORD001239,SUP0053,PRD0028,2025-09-20,1287,High,2025-09-25,2025-09-24,0,On Time
ORD001240,SUP0023,PRD0028,2025-04-20,228,High,2025-04-27,2025-04-27,0,On Time
ORD001241,SUP0045,PRD0019,2025-11-25,530,Urgent,2025-12-01,2025-11-30,0,On Time
ORD001242,SUP0027,PRD0021,2025-04-13,1023,Standard,2025-04-19,2025-04-18,0,On Time
ORD001243,SUP0016,PRD0016,2025-08-07,1127,High,2025-08-15,2025-08-20,5,Delayed
ORD001244,SUP0043,PRD0005,2026-09-23,1812,Standard,2026-09-30,,,In Transit
ORD001245,SUP0053,PRD0043,2026-01-07,1934,Standard,2026-01-12,2026-01-12,0,On Time
ORD001246,SUP0030,PRD0028,2026-07-24,1547,Standard,2026-08-02,2026-08-02,0,On Time
ORD001247,SUP0047,PRD0023,2025-04-17,1768,Standard,2025-04-22,2025-04-21,0,On Time
ORD001248,SUP0057,PRD0026,2026-05-30,949,Standard,2026-06-04,2026-06-03,0,On Time
ORD001249,SUP0026,PRD0040,2025-01-02,1890,Standard,2025-01-09,2025-01-09,0,On Time
ORD001250,SUP0026,PRD0006,2025-07-06,1111,Standard,2025-07-13,2025-07-13,0,On Time
ORD001251,SUP0019,PRD0032,2026-09-07,650,Standard,2026-09-11,2026-09-11,0,On Time
ORD001252,SUP0013,PRD0012,2026-02-01,1752,High,2026-02-06,2026-02-05,0,On Time
ORD001253,SUP0009,PRD0030,2026-06-26,736,High,2026-07-02,2026-07-02,0,On Time
ORD001254,SUP0011,PRD0007,2025-10-13,558,Standard,2025-10-18,2025-10-17,0,On Time
ORD001255,SUP0026,PRD0029,2025-01-08,1103,Standard,2025-01-15,2025-01-14,0,On Time
ORD001256,SUP0009,PRD0021,2024-11-18,1520,Standard,2024-11-24,2024-11-30,6,Delayed
ORD001257,SUP0033,PRD0008,2026-05-14,1755,Standard,2026-05-20,2026-05-19,0,On Time
ORD001258,SUP0001,PRD0006,2025-01-19,397,Standard,2025-01-31,2025-01-31,0,On Time
ORD001259,SUP0028,PRD0010,2026-01-15,268,Standard,2026-01-24,2026-01-27,3,Delayed
ORD001260,SUP0046,PRD0024,2025-09-20,1894,Standard,2025-09-23,2025-09-23,0,On Time
ORD001261,SUP0020,PRD0040,2025-02-25,247,Standard,2025-03-01,2025-02-28,0,On Time
ORD001262,SUP0021,PRD0019,2026-02-17,1342,Standard,2026-02-24,2026-03-02,6,Delayed
ORD001263,SUP0018,PRD0018,2024-12-23,471,Standard,2024-12-29,2024-12-29,0,On Time
ORD001264,SUP0009,PRD0015,2025-12-05,888,Standard,2025-12-11,2025-12-10,0,On Time
ORD001265,SUP0039,PRD0023,2025-07-10,249,Standard,2025-07-14,2025-07-14,0,On Time
ORD001266,SUP0052,PRD0032,2026-03-27,994,High,2026-04-05,2026-04-05,0,On Time
ORD001267,SUP0052,PRD0007,2025-03-13,46,Standard,2025-03-22,2025-03-22,0,On Time
ORD001268,SUP0029,PRD0006,2025-06-22,1523,Standard,2025-06-27,2025-06-26,0,On Time
ORD001269,SUP0027,PRD0031,2025-04-17,537,High,2025-04-23,2025-04-23,0,On Time
ORD001270,SUP0029,PRD0005,2026-05-11,1025,High,2026-05-16,2026-05-16,0,On Time
ORD001271,SUP0020,PRD0012,2026-03-04,1409,Standard,2026-03-08,2026-03-07,0,On Time
ORD001272,SUP0052,PRD0028,2026-06-17,1474,Standard,2026-06-26,2026-06-26,0,On Time
ORD001273,SUP0004,PRD0045,2025-12-15,1532,Standard,2025-12-27,2025-12-27,0,On Time
ORD001274,SUP0007,PRD0012,2026-07-19,1582,Standard,2026-07-30,2026-08-02,3,Delayed
ORD001275,SUP0042,PRD0021,2026-04-03,205,Urgent,2026-04-10,2026-04-10,0,On Time
ORD001276,SUP0045,PRD0041,2026-03-18,1778,Standard,2026-03-24,2026-03-23,0,On Time
ORD001277,SUP0017,PRD0012,2026-09-20,733,Standard,2026-09-24,2026-09-23,0,On Time
ORD001278,SUP0051,PRD0005,2025-05-24,1697,Standard,2025-05-29,2025-05-28,0,On Time
ORD001279,SUP0012,PRD0027,2025-06-29,475,Standard,2025-07-04,2025-07-03,0,On Time
ORD001280,SUP0020,PRD0042,2025-10-23,1756,Urgent,2025-10-27,2025-11-02,6,Delayed
ORD001281,SUP0016,PRD0027,2024-11-03,1364,Standard,2024-11-11,2024-11-11,0,On Time
ORD001282,SUP0048,PRD0010,2026-04-20,366,Standard,2026-04-27,2026-04-27,0,On Time
ORD001283,SUP0039,PRD0030,2026-03-16,1812,Urgent,2026-03-20,2026-03-19,0,On Time
ORD001284,SUP0019,PRD0017,2025-03-25,902,Standard,2025-03-29,2025-03-28,0,On Time
ORD001285,SUP0009,PRD0014,2026-09-26,386,Standard,2026-10-02,,,In Transit
ORD001286,SUP0031,PRD0020,2025-04-30,555,Standard,2025-05-09,2025-05-09,0,On Time
ORD001287,SUP0031,PRD0008,2025-08-22,1020,Standard,2025-08-31,2025-09-07,7,Delayed
ORD001288,SUP0036,PRD0013,2026-08-04,1488,Urgent,2026-08-10,2026-08-10,0,On Time
ORD001289,SUP0044,PRD0012,2025-10-12,1339,Standard,2025-10-18,2025-10-18,0,On Time
ORD001290,SUP0003,PRD0043,2024-11-01,1446,Standard,2024-11-10,2024-11-09,0,On Time
ORD001291,SUP0006,PRD0004,2026-06-02,1852,High,2026-06-14,2026-06-15,1,Delayed
ORD001292,SUP0023,PRD0027,2026-02-21,297,Standard,2026-02-28,2026-02-28,0,On Time
ORD001293,SUP0029,PRD0006,2025-06-14,227,Standard,2025-06-19,2025-06-19,0,On Time
ORD001294,SUP0027,PRD0035,2026-03-06,1154,High,2026-03-12,2026-03-12,0,On Time
ORD001295,SUP0018,PRD0024,2026-02-20,72,Standard,2026-02-26,2026-02-25,0,On Time
ORD001296,SUP0037,PRD0009,2025-03-15,1253,Urgent,2025-03-22,2025-03-21,0,On Time
ORD001297,SUP0001,PRD0037,2026-08-28,710,Standard,2026-09-09,2026-09-09,0,On Time
ORD001298,SUP0045,PRD0034,2025-06-07,963,Urgent,2025-06-13,2025-06-15,2,Delayed
ORD001299,SUP0052,PRD0024,2026-06-20,664,Standard,2026-06-29,2026-06-29,0,On Time
ORD001300,SUP0042,PRD0045,2025-05-12,1608,Standard,2025-05-19,2025-05-19,0,On Time
ORD001301,SUP0054,PRD0005,2025-04-13,811,Standard,2025-04-19,2025-04-19,0,On Time
ORD001302,SUP0002,PRD0018,2026-09-25,550,Standard,2026-10-04,,,In Transit
ORD001303,SUP0037,PRD0010,2026-06-21,228,High,2026-06-28,2026-07-01,3,Delayed
ORD001304,SUP0001,PRD0020,2025-07-27,520,Urgent,2025-08-08,2025-08-12,4,Delayed
ORD001305,SUP0044,PRD0019,2024-12-31,609,Standard,2025-01-06,2025-01-06,0,On Time
ORD001306,SUP0015,PRD0016,2025-11-27,1618,Standard,2025-12-03,2025-12-05,2,Delayed
ORD001307,SUP0038,PRD0041,2024-10-10,408,Standard,2024-10-17,2024-10-17,0,On Time
ORD001308,SUP0035,PRD0030,2025-06-30,1402,High,2025-07-05,2025-07-10,5,Delayed
ORD001309,SUP0039,PRD0036,2025-11-25,455,High,2025-11-29,2025-11-28,0,On Time
ORD001310,SUP0008,PRD0003,2025-05-26,1589,High,2025-06-04,2025-06-07,3,Delayed
ORD001311,SUP0036,PRD0016,2025-02-27,1500,Standard,2025-03-05,2025-03-04,0,On Time
ORD001312,SUP0006,PRD0043,2025-05-06,61,Standard,2025-05-18,2025-05-25,7,Delayed
ORD001313,SUP0035,PRD0031,2026-09-19,1263,Standard,2026-09-24,2026-09-23,0,On Time
ORD001314,SUP0032,PRD0036,2025-01-05,1203,Standard,2025-01-11,2025-01-11,0,On Time
ORD001315,SUP0026,PRD0040,2025-05-30,1435,Standard,2025-06-06,2025-06-12,6,Delayed
ORD001316,SUP0051,PRD0036,2026-03-07,1434,Standard,2026-03-12,2026-03-12,0,On Time
ORD001317,SUP0054,PRD0017,2026-06-06,32,Standard,2026-06-12,2026-06-12,0,On Time
ORD001318,SUP0031,PRD0002,2026-01-09,1369,High,2026-01-18,2026-01-17,0,On Time
ORD001319,SUP0039,PRD0021,2024-10-27,210,Standard,2024-10-31,2024-10-30,0,On Time
ORD001320,SUP0054,PRD0025,2024-10-29,1650,Urgent,2024-11-04,2024-11-03,0,On Time
ORD001321,SUP0049,PRD0026,2026-07-06,713,Standard,2026-07-13,2026-07-13,0,On Time
ORD001322,SUP0028,PRD0040,2025-02-17,1785,Standard,2025-02-26,2025-02-26,0,On Time
ORD001323,SUP0044,PRD0006,2025-06-06,965,Standard,2025-06-12,2025-06-12,0,On Time
ORD001324,SUP0034,PRD0022,2025-05-06,1249,Standard,2025-05-10,2025-05-10,0,On Time
ORD001325,SUP0054,PRD0008,2025-09-24,879,Standard,2025-09-30,2025-09-30,0,On Time
ORD001326,SUP0037,PRD0028,2025-01-19,317,Standard,2025-01-26,2025-01-26,0,On Time
ORD001327,SUP0003,PRD0038,2025-12-30,772,Standard,2026-01-08,2026-01-07,0,On Time
ORD001328,SUP0051,PRD0038,2025-06-19,904,Standard,2025-06-24,2025-06-23,0,On Time
ORD001329,SUP0005,PRD0020,2025-01-02,654,Standard,2025-01-14,2025-01-17,3,Delayed
ORD001330,SUP0003,PRD0004,2025-01-13,1506,Standard,2025-01-22,2025-01-22,0,On Time
ORD001331,SUP0046,PRD0036,2026-06-13,429,Standard,2026-06-16,2026-06-16,0,On Time
ORD001332,SUP0059,PRD0010,2026-07-28,1197,Standard,2026-08-02,2026-08-02,0,On Time
ORD001333,SUP0009,PRD0003,2025-06-20,617,Standard,2025-06-26,2025-07-03,7,Delayed
ORD001334,SUP0006,PRD0004,2025-06-24,1225,Standard,2025-07-06,2025-07-06,0,On Time
ORD001335,SUP0012,PRD0013,2024-10-13,879,Standard,2024-10-18,2024-10-18,0,On Time
ORD001336,SUP0055,PRD0017,2026-06-04,172,Standard,2026-06-13,2026-06-13,0,On Time
ORD001337,SUP0054,PRD0002,2025-03-26,1936,Standard,2025-04-01,2025-04-01,0,On Time
ORD001338,SUP0055,PRD0037,2026-01-22,641,Standard,2026-01-31,2026-01-31,0,On Time
ORD001339,SUP0030,PRD0018,2026-05-19,543,Standard,2026-05-28,2026-05-27,0,On Time
ORD001340,SUP0035,PRD0003,2026-07-25,1954,Standard,2026-07-30,2026-07-30,0,On Time
ORD001341,SUP0004,PRD0016,2025-11-02,411,Standard,2025-11-14,2025-11-13,0,On Time
ORD001342,SUP0023,PRD0014,2025-11-26,1237,Standard,2025-12-03,2025-12-02,0,On Time
ORD001343,SUP0006,PRD0033,2025-08-25,1285,Standard,2025-09-06,2025-09-05,0,On Time
ORD001344,SUP0051,PRD0004,2026-04-25,660,Standard,2026-04-30,2026-04-30,0,On Time
ORD001345,SUP0012,PRD0035,2025-11-08,1020,Standard,2025-11-13,2025-11-12,0,On Time
ORD001346,SUP0034,PRD0015,2025-09-19,820,Standard,2025-09-23,2025-09-23,0,On Time
ORD001347,SUP0002,PRD0035,2026-07-05,556,Standard,2026-07-14,2026-07-13,0,On Time
ORD001348,SUP0058,PRD0035,2026-06-12,1578,Standard,2026-06-18,2026-06-17,0,On Time
ORD001349,SUP0007,PRD0023,2024-12-16,1456,Standard,2024-12-27,2025-01-02,6,Delayed
ORD001350,SUP0039,PRD0002,2024-12-29,255,Urgent,2025-01-02,2025-01-02,0,On Time
ORD001351,SUP0020,PRD0002,2025-09-21,931,Standard,2025-09-25,2025-09-24,0,On Time
ORD001352,SUP0034,PRD0033,2026-01-13,1723,Standard,2026-01-17,2026-01-17,0,On Time
ORD001353,SUP0035,PRD0012,2025-12-23,251,Standard,2025-12-28,2025-12-27,0,On Time
ORD001354,SUP0025,PRD0011,2025-04-08,121,High,2025-04-16,2025-04-16,0,On Time
ORD001355,SUP0044,PRD0045,2026-02-22,1024,Standard,2026-02-28,2026-02-27,0,On Time
ORD001356,SUP0021,PRD0028,2026-04-25,168,Standard,2026-05-02,2026-05-01,0,On Time
ORD001357,SUP0024,PRD0045,2026-08-24,700,Standard,2026-09-01,2026-09-01,0,On Time
ORD001358,SUP0043,PRD0002,2025-05-28,287,Standard,2025-06-04,2025-06-03,0,On Time
ORD001359,SUP0036,PRD0006,2025-03-06,448,Standard,2025-03-12,2025-03-12,0,On Time
ORD001360,SUP0055,PRD0021,2024-12-03,656,Standard,2024-12-12,2024-12-12,0,On Time
ORD001361,SUP0042,PRD0030,2024-11-01,962,Standard,2024-11-08,2024-11-08,0,On Time
ORD001362,SUP0041,PRD0006,2025-05-20,881,Standard,2025-05-24,2025-05-23,0,On Time
ORD001363,SUP0057,PRD0015,2024-10-19,1798,Standard,2024-10-24,2024-10-24,0,On Time
ORD001364,SUP0007,PRD0022,2026-06-29,1307,Urgent,2026-07-10,2026-07-19,9,Delayed
ORD001365,SUP0044,PRD0020,2026-08-26,1774,Standard,2026-09-01,2026-09-01,0,On Time
ORD001366,SUP0037,PRD0022,2025-04-20,1248,Standard,2025-04-27,2025-04-30,3,Delayed
ORD001367,SUP0014,PRD0006,2025-01-21,213,Standard,2025-01-24,2025-01-24,0,On Time
ORD001368,SUP0001,PRD0019,2025-10-14,1895,Standard,2025-10-26,2025-10-25,0,On Time
ORD001369,SUP0051,PRD0022,2025-05-19,153,High,2025-05-24,2025-05-23,0,On Time
ORD001370,SUP0045,PRD0030,2026-05-10,1974,Standard,2026-05-16,2026-05-15,0,On Time
ORD001371,SUP0035,PRD0034,2026-01-27,848,Standard,2026-02-01,2026-02-01,0,On Time
ORD001372,SUP0054,PRD0005,2024-11-03,1310,High,2024-11-09,2024-11-08,0,On Time
ORD001373,SUP0010,PRD0019,2026-04-28,1177,Standard,2026-05-05,2026-05-05,0,On Time
ORD001374,SUP0021,PRD0024,2025-06-05,528,Urgent,2025-06-12,2025-06-12,0,On Time
ORD001375,SUP0043,PRD0033,2025-03-25,834,Standard,2025-04-01,2025-03-31,0,On Time
ORD001376,SUP0042,PRD0001,2024-11-03,1416,Standard,2024-11-10,2024-11-10,0,On Time
ORD001377,SUP0053,PRD0032,2025-04-15,531,Standard,2025-04-20,2025-04-20,0,On Time
ORD001378,SUP0033,PRD0035,2026-08-29,771,High,2026-09-04,2026-09-04,0,On Time
ORD001379,SUP0059,PRD0041,2026-03-04,1675,Standard,2026-03-09,2026-03-09,0,On Time
ORD001380,SUP0059,PRD0020,2026-07-04,1267,Standard,2026-07-09,2026-07-09,0,On Time
ORD001381,SUP0059,PRD0017,2025-11-04,289,Standard,2025-11-09,2025-11-08,0,On Time
ORD001382,SUP0022,PRD0020,2026-04-20,1157,Standard,2026-04-28,2026-04-27,0,On Time
ORD001383,SUP0014,PRD0008,2025-10-26,1705,High,2025-10-29,2025-10-29,0,On Time
ORD001384,SUP0035,PRD0032,2026-07-09,729,Standard,2026-07-14,2026-07-13,0,On Time
ORD001385,SUP0050,PRD0037,2024-10-20,1412,High,2024-10-22,2024-10-22,0,On Time
ORD001386,SUP0048,PRD0002,2025-12-29,1937,High,2026-01-05,2026-01-05,0,On Time
ORD001387,SUP0060,PRD0029,2025-05-19,1967,Standard,2025-05-26,2025-05-26,0,On Time
ORD001388,SUP0004,PRD0042,2025-11-19,124,High,2025-12-01,2025-12-02,1,Delayed
ORD001389,SUP0016,PRD0036,2025-10-12,1549,Standard,2025-10-20,2025-10-20,0,On Time
ORD001390,SUP0045,PRD0024,2026-07-08,1729,High,2026-07-14,2026-07-14,0,On Time
ORD001391,SUP0031,PRD0024,2025-12-09,386,High,2025-12-18,2025-12-18,0,On Time
ORD001392,SUP0028,PRD0012,2024-12-26,117,Standard,2025-01-04,2025-01-03,0,On Time
ORD001393,SUP0056,PRD0001,2026-09-09,1185,Urgent,2026-09-14,2026-09-14,0,On Time
ORD001394,SUP0015,PRD0024,2025-10-05,769,Standard,2025-10-11,2025-10-10,0,On Time
ORD001395,SUP0031,PRD0045,2026-09-17,1020,Standard,2026-09-26,2026-09-26,0,On Time
ORD001396,SUP0029,PRD0013,2025-03-04,1049,Standard,2025-03-09,2025-03-09,0,On Time
ORD001397,SUP0060,PRD0001,2026-07-16,1623,Standard,2026-07-23,2026-07-22,0,On Time
ORD001398,SUP0013,PRD0023,2025-10-22,340,High,2025-10-27,2025-10-27,0,On Time
ORD001399,SUP0016,PRD0042,2026-07-06,450,Standard,2026-07-14,2026-07-13,0,On Time
ORD001400,SUP0012,PRD0005,2025-08-28,471,Standard,2025-09-02,2025-09-02,0,On Time
ORD001401,SUP0020,PRD0023,2025-05-25,839,Standard,2025-05-29,2025-05-29,0,On Time
ORD001402,SUP0059,PRD0045,2025-10-22,744,Standard,2025-10-27,2025-10-26,0,On Time
ORD001403,SUP0019,PRD0007,2026-06-14,1782,Standard,2026-06-18,2026-06-17,0,On Time
ORD001404,SUP0025,PRD0004,2026-06-22,34,Standard,2026-06-30,2026-07-02,2,Delayed
ORD001405,SUP0008,PRD0033,2026-05-12,1766,High,2026-05-21,2026-05-20,0,On Time
ORD001406,SUP0026,PRD0036,2024-12-07,1334,Standard,2024-12-14,2024-12-13,0,On Time
ORD001407,SUP0015,PRD0021,2026-05-02,795,Standard,2026-05-08,2026-05-07,0,On Time
ORD001408,SUP0060,PRD0035,2025-04-25,1912,High,2025-05-02,2025-05-02,0,On Time
ORD001409,SUP0053,PRD0029,2025-03-01,1877,Standard,2025-03-06,2025-03-05,0,On Time
ORD001410,SUP0045,PRD0045,2024-12-24,370,Standard,2024-12-30,2024-12-29,0,On Time
ORD001411,SUP0033,PRD0035,2026-05-31,996,Standard,2026-06-06,2026-06-05,0,On Time
ORD001412,SUP0016,PRD0004,2025-04-25,677,Standard,2025-05-03,2025-05-05,2,Delayed
ORD001413,SUP0049,PRD0026,2025-04-04,1659,Standard,2025-04-11,2025-04-17,6,Delayed
ORD001414,SUP0017,PRD0045,2026-08-24,1286,Standard,2026-08-28,2026-08-28,0,On Time
ORD001415,SUP0056,PRD0027,2026-08-27,1131,High,2026-09-01,2026-08-31,0,On Time
ORD001416,SUP0032,PRD0027,2025-12-07,1793,Standard,2025-12-13,2025-12-12,0,On Time
ORD001417,SUP0018,PRD0018,2026-01-17,1529,High,2026-01-23,2026-01-26,3,Delayed
ORD001418,SUP0058,PRD0044,2025-03-08,588,Standard,2025-03-14,2025-03-14,0,On Time
ORD001419,SUP0051,PRD0014,2026-06-11,875,Standard,2026-06-16,2026-06-15,0,On Time
ORD001420,SUP0040,PRD0002,2026-09-15,850,Standard,2026-09-21,2026-09-20,0,On Time
ORD001421,SUP0030,PRD0033,2025-03-18,546,High,2025-03-27,2025-04-01,5,Delayed
ORD001422,SUP0026,PRD0019,2025-03-30,1533,High,2025-04-06,2025-04-05,0,On Time
ORD001423,SUP0009,PRD0035,2025-06-04,706,Standard,2025-06-10,2025-06-09,0,On Time
ORD001424,SUP0037,PRD0002,2024-11-28,1472,High,2024-12-05,2024-12-05,0,On Time
ORD001425,SUP0009,PRD0039,2026-03-25,760,Standard,2026-03-31,2026-03-30,0,On Time
ORD001426,SUP0012,PRD0016,2026-09-21,1176,High,2026-09-26,,,In Transit
ORD001427,SUP0002,PRD0019,2026-08-08,130,Standard,2026-08-17,2026-08-17,0,On Time
ORD001428,SUP0012,PRD0009,2025-09-02,53,High,2025-09-07,2025-09-07,0,On Time
ORD001429,SUP0012,PRD0017,2026-01-15,1674,Urgent,2026-01-20,2026-01-23,3,Delayed
ORD001430,SUP0007,PRD0027,2026-09-12,1845,Standard,2026-09-23,2026-09-26,3,Delayed
ORD001431,SUP0024,PRD0017,2026-02-13,753,Standard,2026-02-21,2026-02-22,1,Delayed
ORD001432,SUP0025,PRD0014,2026-01-09,656,Standard,2026-01-17,2026-01-16,0,On Time
ORD001433,SUP0029,PRD0025,2025-04-15,1386,Urgent,2025-04-20,2025-04-19,0,On Time
ORD001434,SUP0048,PRD0019,2025-12-21,270,Standard,2025-12-28,2025-12-28,0,On Time
ORD001435,SUP0006,PRD0016,2025-06-29,702,Standard,2025-07-11,2025-07-15,4,Delayed
ORD001436,SUP0059,PRD0028,2026-09-25,810,Standard,2026-09-30,,,In Transit
ORD001437,SUP0022,PRD0024,2025-12-27,1155,Standard,2026-01-04,2026-01-04,0,On Time
ORD001438,SUP0040,PRD0040,2025-10-29,1632,High,2025-11-04,2025-11-03,0,On Time
ORD001439,SUP0056,PRD0009,2025-04-18,383,Standard,2025-04-23,2025-04-22,0,On Time
ORD001440,SUP0012,PRD0024,2026-04-29,279,Standard,2026-05-04,2026-05-04,0,On Time
ORD001441,SUP0015,PRD0009,2025-05-20,1707,Standard,2025-05-26,2025-05-26,0,On Time
ORD001442,SUP0019,PRD0030,2026-04-12,401,High,2026-04-16,2026-04-15,0,On Time
ORD001443,SUP0058,PRD0029,2025-06-22,1062,Standard,2025-06-28,2025-06-27,0,On Time
ORD001444,SUP0051,PRD0021,2024-12-15,586,Standard,2024-12-20,2024-12-20,0,On Time
ORD001445,SUP0043,PRD0040,2026-09-17,293,Standard,2026-09-24,2026-09-24,0,On Time
ORD001446,SUP0048,PRD0024,2025-12-22,1074,Standard,2025-12-29,2025-12-29,0,On Time
ORD001447,SUP0041,PRD0003,2025-10-26,1226,High,2025-10-30,2025-10-29,0,On Time
ORD001448,SUP0055,PRD0034,2025-06-13,111,Standard,2025-06-22,2025-06-22,0,On Time
ORD001449,SUP0013,PRD0026,2024-10-17,1516,Standard,2024-10-22,2024-10-22,0,On Time
ORD001450,SUP0020,PRD0031,2025-06-22,1826,High,2025-06-26,2025-06-25,0,On Time
ORD001451,SUP0021,PRD0011,2024-10-16,1799,Standard,2024-10-23,2024-10-22,0,On Time
ORD001452,SUP0046,PRD0025,2025-06-16,1316,High,2025-06-19,2025-06-19,0,On Time
ORD001453,SUP0004,PRD0008,2024-12-02,1450,High,2024-12-14,2024-12-16,2,Delayed
ORD001454,SUP0056,PRD0043,2025-06-10,1596,Standard,2025-06-15,2025-06-14,0,On Time
ORD001455,SUP0012,PRD0013,2025-06-25,417,Standard,2025-06-30,2025-06-30,0,On Time
ORD001456,SUP0009,PRD0029,2025-12-30,1967,High,2026-01-05,2026-01-10,5,Delayed
ORD001457,SUP0024,PRD0021,2026-01-10,428,Standard,2026-01-18,2026-01-17,0,On Time
ORD001458,SUP0053,PRD0037,2025-06-05,1067,High,2025-06-10,2025-06-14,4,Delayed
ORD001459,SUP0047,PRD0018,2024-12-31,349,Standard,2025-01-05,2025-01-05,0,On Time
ORD001460,SUP0017,PRD0015,2026-03-09,1239,High,2026-03-13,2026-03-12,0,On Time
ORD001461,SUP0002,PRD0021,2026-09-05,56,Standard,2026-09-14,2026-09-16,2,Delayed
ORD001462,SUP0003,PRD0044,2025-09-17,791,Standard,2025-09-26,2025-09-26,0,On Time
ORD001463,SUP0010,PRD0020,2026-09-03,775,Standard,2026-09-10,2026-09-10,0,On Time
ORD001464,SUP0026,PRD0020,2024-11-29,1772,Standard,2024-12-06,2024-12-05,0,On Time
ORD001465,SUP0056,PRD0029,2026-07-17,405,High,2026-07-22,2026-07-21,0,On Time
ORD001466,SUP0008,PRD0023,2025-01-02,1098,Standard,2025-01-11,2025-01-10,0,On Time
ORD001467,SUP0022,PRD0025,2025-05-17,1457,Standard,2025-05-25,2025-05-25,0,On Time
ORD001468,SUP0029,PRD0004,2025-05-20,268,Urgent,2025-05-25,2025-05-26,1,Delayed
ORD001469,SUP0042,PRD0023,2025-11-22,242,Standard,2025-11-29,2025-11-29,0,On Time
ORD001470,SUP0043,PRD0015,2024-10-13,559,High,2024-10-20,2024-10-20,0,On Time
ORD001471,SUP0043,PRD0038,2026-07-14,725,Standard,2026-07-21,2026-07-20,0,On Time
ORD001472,SUP0006,PRD0020,2026-05-30,1569,Standard,2026-06-11,2026-06-11,0,On Time
ORD001473,SUP0003,PRD0025,2026-06-03,1747,Standard,2026-06-12,2026-06-11,0,On Time
ORD001474,SUP0033,PRD0044,2024-11-15,167,Standard,2024-11-21,2024-11-21,0,On Time
ORD001475,SUP0033,PRD0018,2025-06-16,1236,Standard,2025-06-22,2025-06-21,0,On Time
ORD001476,SUP0004,PRD0019,2025-03-17,1581,Standard,2025-03-29,2025-04-02,4,Delayed
ORD001477,SUP0030,PRD0012,2025-03-12,1823,High,2025-03-21,2025-03-22,1,Delayed
ORD001478,SUP0013,PRD0044,2026-07-07,1712,Standard,2026-07-12,2026-07-12,0,On Time
ORD001479,SUP0037,PRD0035,2026-09-26,404,Standard,2026-10-03,,,In Transit
ORD001480,SUP0016,PRD0010,2026-03-26,1035,Urgent,2026-04-03,2026-04-07,4,Delayed
ORD001481,SUP0045,PRD0027,2025-11-22,1812,High,2025-11-28,2025-11-28,0,On Time
ORD001482,SUP0046,PRD0008,2026-03-12,199,High,2026-03-15,2026-03-15,0,On Time
ORD001483,SUP0027,PRD0040,2025-02-27,239,Standard,2025-03-05,2025-03-04,0,On Time
ORD001484,SUP0006,PRD0006,2025-10-20,403,High,2025-11-01,2025-10-31,0,On Time
ORD001485,SUP0030,PRD0045,2025-02-13,1385,Urgent,2025-02-22,2025-02-25,3,Delayed
ORD001486,SUP0036,PRD0026,2026-08-09,1666,Standard,2026-08-15,2026-08-15,0,On Time
ORD001487,SUP0053,PRD0020,2024-10-08,857,Standard,2024-10-13,2024-10-17,4,Delayed
ORD001488,SUP0022,PRD0018,2025-08-03,1833,High,2025-08-11,2025-08-11,0,On Time
ORD001489,SUP0045,PRD0003,2025-01-20,1436,Standard,2025-01-26,2025-01-26,0,On Time
ORD001490,SUP0039,PRD0016,2025-12-07,950,Standard,2025-12-11,2025-12-10,0,On Time
ORD001491,SUP0017,PRD0028,2025-07-31,215,High,2025-08-04,2025-08-03,0,On Time
ORD001492,SUP0033,PRD0039,2025-12-28,1615,Standard,2026-01-03,2026-01-02,0,On Time
ORD001493,SUP0011,PRD0002,2025-11-20,1483,Standard,2025-11-25,2025-11-25,0,On Time
ORD001494,SUP0058,PRD0001,2026-02-08,433,Standard,2026-02-14,2026-02-13,0,On Time
ORD001495,SUP0021,PRD0037,2025-02-06,1976,Standard,2025-02-13,2025-02-13,0,On Time
ORD001496,SUP0028,PRD0002,2025-08-21,1047,Standard,2025-08-30,2025-08-29,0,On Time
ORD001497,SUP0022,PRD0023,2026-07-22,1061,High,2026-07-30,2026-07-29,0,On Time
ORD001498,SUP0034,PRD0003,2025-07-02,594,Standard,2025-07-06,2025-07-06,0,On Time
ORD001499,SUP0029,PRD0001,2025-01-25,262,High,2025-01-30,2025-01-29,0,On Time
ORD001500,SUP0060,PRD0001,2024-12-05,225,Standard,2024-12-12,2024-12-12,0,On Time
ORD001501,SUP0044,PRD0030,2025-09-30,1089,High,2025-10-06,2025-10-07,1,Delayed
ORD001502,SUP0031,PRD0017,2025-11-20,384,High,2025-11-29,2025-11-28,0,On Time
ORD001503,SUP0022,PRD0039,2026-09-01,1353,Standard,2026-09-09,2026-09-08,0,On Time
ORD001504,SUP0036,PRD0014,2026-02-22,1094,High,2026-02-28,2026-02-27,0,On Time
ORD001505,SUP0047,PRD0040,2025-10-08,104,Standard,2025-10-13,2025-10-13,0,On Time
ORD001506,SUP0022,PRD0025,2026-07-05,127,Standard,2026-07-13,2026-07-12,0,On Time
ORD001507,SUP0018,PRD0011,2025-02-15,258,Standard,2025-02-21,2025-02-21,0,On Time
ORD001508,SUP0047,PRD0032,2026-07-16,353,Standard,2026-07-21,2026-07-20,0,On Time
ORD001509,SUP0042,PRD0016,2024-11-03,522,High,2024-11-10,2024-11-10,0,On Time
ORD001510,SUP0031,PRD0010,2024-12-17,267,Standard,2024-12-26,2024-12-25,0,On Time
ORD001511,SUP0013,PRD0044,2026-01-14,513,Standard,2026-01-19,2026-01-19,0,On Time
ORD001512,SUP0019,PRD0013,2025-04-15,118,High,2025-04-19,2025-04-20,1,Delayed
ORD001513,SUP0035,PRD0014,2026-01-31,1340,High,2026-02-05,2026-02-05,0,On Time
ORD001514,SUP0041,PRD0025,2024-10-18,605,High,2024-10-22,2024-10-21,0,On Time
ORD001515,SUP0053,PRD0014,2026-07-26,156,Standard,2026-07-31,2026-08-01,1,Delayed
ORD001516,SUP0027,PRD0043,2026-09-13,1768,High,2026-09-19,2026-09-18,0,On Time
ORD001517,SUP0025,PRD0030,2026-09-10,236,Standard,2026-09-18,2026-09-18,0,On Time
ORD001518,SUP0005,PRD0042,2024-10-10,27,Standard,2024-10-22,2024-10-22,0,On Time
ORD001519,SUP0043,PRD0017,2024-10-14,1634,Standard,2024-10-21,2024-10-21,0,On Time
ORD001520,SUP0051,PRD0019,2026-07-16,1583,Standard,2026-07-21,2026-07-21,0,On Time
ORD001521,SUP0037,PRD0028,2026-09-25,1482,High,2026-10-02,,,In Transit
ORD001522,SUP0023,PRD0001,2026-08-01,1644,High,2026-08-08,2026-08-08,0,On Time
ORD001523,SUP0040,PRD0032,2025-05-06,1046,Urgent,2025-05-12,2025-05-11,0,On Time
ORD001524,SUP0036,PRD0002,2024-12-14,1969,High,2024-12-20,2024-12-20,0,On Time
ORD001525,SUP0001,PRD0036,2026-09-16,1381,High,2026-09-28,,,In Transit
ORD001526,SUP0020,PRD0003,2025-08-07,1539,Standard,2025-08-11,2025-08-11,0,On Time
ORD001527,SUP0017,PRD0037,2025-07-20,1750,High,2025-07-24,2025-07-24,0,On Time
ORD001528,SUP0042,PRD0025,2026-08-20,1690,Standard,2026-08-27,2026-08-26,0,On Time
ORD001529,SUP0041,PRD0019,2025-01-09,1973,High,2025-01-13,2025-01-15,2,Delayed
ORD001530,SUP0057,PRD0018,2026-08-25,107,High,2026-08-30,2026-08-30,0,On Time
ORD001531,SUP0057,PRD0026,2026-07-06,1253,Standard,2026-07-11,2026-07-11,0,On Time
ORD001532,SUP0001,PRD0025,2026-04-24,1898,Standard,2026-05-06,2026-05-11,5,Delayed
ORD001533,SUP0044,PRD0015,2026-07-27,117,Standard,2026-08-02,2026-08-02,0,On Time
ORD001534,SUP0042,PRD0016,2025-09-06,136,High,2025-09-13,2025-09-12,0,On Time
ORD001535,SUP0042,PRD0011,2026-05-19,1686,Standard,2026-05-26,2026-05-26,0,On Time
ORD001536,SUP0003,PRD0010,2025-02-28,1525,Standard,2025-03-09,2025-03-09,0,On Time
ORD001537,SUP0027,PRD0020,2025-11-05,1558,Urgent,2025-11-11,2025-11-11,0,On Time
ORD001538,SUP0040,PRD0028,2025-09-10,299,Standard,2025-09-16,2025-09-15,0,On Time
ORD001539,SUP0026,PRD0024,2026-01-03,1277,Urgent,2026-01-10,2026-01-09,0,On Time
ORD001540,SUP0011,PRD0016,2025-12-16,809,Standard,2025-12-21,2025-12-20,0,On Time
ORD001541,SUP0034,PRD0042,2026-08-31,419,Standard,2026-09-04,2026-09-03,0,On Time
ORD001542,SUP0060,PRD0024,2025-11-13,908,High,2025-11-20,2025-11-26,6,Delayed
ORD001543,SUP0045,PRD0031,2025-09-27,677,Standard,2025-10-03,2025-10-02,0,On Time
ORD001544,SUP0023,PRD0023,2024-11-30,853,Standard,2024-12-07,2024-12-06,0,On Time
ORD001545,SUP0018,PRD0015,2025-11-29,626,Standard,2025-12-05,2025-12-04,0,On Time
ORD001546,SUP0007,PRD0002,2026-08-28,328,Standard,2026-09-08,2026-09-08,0,On Time
ORD001547,SUP0002,PRD0023,2025-08-07,1542,Standard,2025-08-16,2025-08-21,5,Delayed
ORD001548,SUP0028,PRD0001,2025-06-04,1335,Standard,2025-06-13,2025-06-12,0,On Time
ORD001549,SUP0016,PRD0013,2025-03-21,430,High,2025-03-29,2025-03-30,1,Delayed
ORD001550,SUP0033,PRD0021,2026-03-31,1540,High,2026-04-06,2026-04-05,0,On Time
ORD001551,SUP0016,PRD0018,2024-11-11,1133,Standard,2024-11-19,2024-11-19,0,On Time
ORD001552,SUP0024,PRD0042,2025-06-28,539,Standard,2025-07-06,2025-07-11,5,Delayed
ORD001553,SUP0052,PRD0016,2025-08-15,308,Standard,2025-08-24,2025-08-23,0,On Time
ORD001554,SUP0050,PRD0001,2025-11-06,1479,Standard,2025-11-08,2025-11-12,4,Delayed
ORD001555,SUP0033,PRD0021,2025-10-04,1568,High,2025-10-10,2025-10-10,0,On Time
ORD001556,SUP0055,PRD0001,2026-02-18,1169,Standard,2026-02-27,2026-02-27,0,On Time
ORD001557,SUP0035,PRD0039,2026-05-13,895,High,2026-05-18,2026-05-17,0,On Time
ORD001558,SUP0055,PRD0003,2026-08-01,854,Standard,2026-08-10,2026-08-10,0,On Time
ORD001559,SUP0018,PRD0026,2025-06-10,914,Standard,2025-06-16,2025-06-16,0,On Time
ORD001560,SUP0057,PRD0022,2026-02-05,569,High,2026-02-10,2026-02-15,5,Delayed
ORD001561,SUP0008,PRD0044,2025-07-02,530,Standard,2025-07-11,2025-07-10,0,On Time
ORD001562,SUP0004,PRD0031,2026-04-27,185,Standard,2026-05-09,2026-05-09,0,On Time
ORD001563,SUP0027,PRD0040,2025-02-23,860,High,2025-03-01,2025-03-01,0,On Time
ORD001564,SUP0043,PRD0019,2025-02-24,596,Standard,2025-03-03,2025-03-03,0,On Time
ORD001565,SUP0052,PRD0032,2026-09-01,914,Standard,2026-09-10,2026-09-10,0,On Time
ORD001566,SUP0033,PRD0001,2025-06-21,1428,Standard,2025-06-27,2025-06-27,0,On Time
ORD001567,SUP0052,PRD0034,2026-01-04,322,Standard,2026-01-13,2026-01-13,0,On Time
ORD001568,SUP0053,PRD0044,2024-12-08,549,Standard,2024-12-13,2024-12-12,0,On Time
ORD001569,SUP0042,PRD0011,2025-09-16,223,Standard,2025-09-23,2025-09-23,0,On Time
ORD001570,SUP0047,PRD0044,2025-05-02,1890,Standard,2025-05-07,2025-05-06,0,On Time
ORD001571,SUP0042,PRD0012,2026-02-22,1213,Standard,2026-03-01,2026-03-01,0,On Time
ORD001572,SUP0020,PRD0017,2025-06-08,1322,Standard,2025-06-12,2025-06-12,0,On Time
ORD001573,SUP0038,PRD0015,2025-11-24,1864,Standard,2025-12-01,2025-12-01,0,On Time
ORD001574,SUP0060,PRD0020,2026-08-01,1582,Standard,2026-08-08,2026-08-07,0,On Time
ORD001575,SUP0010,PRD0031,2026-09-03,899,Standard,2026-09-10,2026-09-13,3,Delayed
ORD001576,SUP0042,PRD0012,2025-08-15,681,High,2025-08-22,2025-08-21,0,On Time
ORD001577,SUP0019,PRD0040,2025-05-26,1849,Standard,2025-05-30,2025-05-30,0,On Time
ORD001578,SUP0005,PRD0001,2026-02-03,223,Standard,2026-02-15,2026-02-14,0,On Time
ORD001579,SUP0028,PRD0032,2025-03-06,97,Standard,2025-03-15,2025-03-15,0,On Time
ORD001580,SUP0051,PRD0002,2026-07-24,972,Standard,2026-07-29,2026-07-28,0,On Time
ORD001581,SUP0018,PRD0038,2025-03-25,1484,Standard,2025-03-31,2025-03-31,0,On Time
ORD001582,SUP0037,PRD0041,2026-02-21,263,Standard,2026-02-28,2026-02-27,0,On Time
ORD001583,SUP0019,PRD0009,2024-10-13,1816,Standard,2024-10-17,2024-10-17,0,On Time
ORD001584,SUP0042,PRD0045,2026-09-20,96,Standard,2026-09-27,,,In Transit
ORD001585,SUP0058,PRD0030,2024-12-29,82,Urgent,2025-01-04,2025-01-03,0,On Time
ORD001586,SUP0059,PRD0021,2024-12-31,553,High,2025-01-05,2025-01-04,0,On Time
ORD001587,SUP0006,PRD0017,2024-11-13,1315,High,2024-11-25,2024-11-28,3,Delayed
ORD001588,SUP0014,PRD0004,2025-09-08,1321,Standard,2025-09-11,2025-09-11,0,On Time
ORD001589,SUP0042,PRD0018,2025-01-17,1819,Standard,2025-01-24,2025-01-23,0,On Time
ORD001590,SUP0036,PRD0039,2026-04-10,1917,Standard,2026-04-16,2026-04-15,0,On Time
ORD001591,SUP0048,PRD0030,2026-08-18,790,Standard,2026-08-25,2026-08-24,0,On Time
ORD001592,SUP0012,PRD0001,2026-08-24,1659,Urgent,2026-08-29,2026-08-29,0,On Time
ORD001593,SUP0010,PRD0019,2025-01-11,1395,Urgent,2025-01-18,2025-01-18,0,On Time
ORD001594,SUP0055,PRD0025,2026-03-07,1770,Standard,2026-03-16,2026-03-15,0,On Time
ORD001595,SUP0035,PRD0018,2026-01-17,1352,High,2026-01-22,2026-01-22,0,On Time
ORD001596,SUP0035,PRD0013,2024-11-27,395,Standard,2024-12-02,2024-12-01,0,On Time
ORD001597,SUP0013,PRD0014,2026-02-16,1590,Standard,2026-02-21,2026-02-21,0,On Time
ORD001598,SUP0005,PRD0003,2025-04-06,1249,Standard,2025-04-18,2025-04-21,3,Delayed
ORD001599,SUP0003,PRD0029,2025-03-05,182,Standard,2025-03-14,2025-03-20,6,Delayed
ORD001600,SUP0022,PRD0023,2025-03-02,1032,Urgent,2025-03-10,2025-03-10,0,On Time
ORD001601,SUP0001,PRD0013,2025-07-28,1763,Standard,2025-08-09,2025-08-09,0,On Time
ORD001602,SUP0040,PRD0002,2025-04-24,1774,Standard,2025-04-30,2025-04-29,0,On Time
ORD001603,SUP0023,PRD0012,2025-06-19,857,Standard,2025-06-26,2025-06-25,0,On Time
ORD001604,SUP0057,PRD0013,2025-04-26,526,Standard,2025-05-01,2025-05-01,0,On Time
ORD001605,SUP0009,PRD0023,2026-05-15,1358,Standard,2026-05-21,2026-05-21,0,On Time
ORD001606,SUP0006,PRD0010,2025-07-07,1277,Standard,2025-07-19,2025-07-18,0,On Time
ORD001607,SUP0015,PRD0041,2026-04-20,1367,High,2026-04-26,2026-04-26,0,On Time
ORD001608,SUP0058,PRD0031,2025-07-12,893,Urgent,2025-07-18,2025-07-17,0,On Time
ORD001609,SUP0024,PRD0035,2026-09-07,1209,Urgent,2026-09-15,2026-09-15,0,On Time
ORD001610,SUP0057,PRD0022,2026-06-07,1335,Urgent,2026-06-12,2026-06-12,0,On Time
ORD001611,SUP0017,PRD0039,2024-12-08,673,Standard,2024-12-12,2024-12-13,1,Delayed
ORD001612,SUP0021,PRD0009,2025-09-24,963,Standard,2025-10-01,2025-09-30,0,On Time
ORD001613,SUP0003,PRD0013,2026-07-14,1901,High,2026-07-23,2026-07-29,6,Delayed
ORD001614,SUP0047,PRD0010,2025-07-27,1095,Standard,2025-08-01,2025-08-01,0,On Time
ORD001615,SUP0019,PRD0033,2026-09-02,1118,Standard,2026-09-06,2026-09-05,0,On Time
ORD001616,SUP0022,PRD0024,2025-11-30,489,Standard,2025-12-08,2025-12-08,0,On Time
ORD001617,SUP0035,PRD0009,2025-12-29,1314,Standard,2026-01-03,2026-01-02,0,On Time
ORD001618,SUP0057,PRD0036,2025-08-15,497,High,2025-08-20,2025-08-19,0,On Time
ORD001619,SUP0020,PRD0027,2026-08-30,1731,Standard,2026-09-03,2026-09-03,0,On Time
ORD001620,SUP0022,PRD0021,2026-05-05,645,Standard,2026-05-13,2026-05-12,0,On Time
ORD001621,SUP0003,PRD0004,2025-09-23,1881,Standard,2025-10-02,2025-10-02,0,On Time
ORD001622,SUP0011,PRD0040,2025-12-06,1682,Standard,2025-12-11,2025-12-10,0,On Time
ORD001623,SUP0041,PRD0045,2026-03-04,475,Standard,2026-03-08,2026-03-07,0,On Time
ORD001624,SUP0042,PRD0043,2025-07-07,1505,Urgent,2025-07-14,2025-07-14,0,On Time
ORD001625,SUP0001,PRD0026,2025-12-02,77,High,2025-12-14,2025-12-21,7,Delayed
ORD001626,SUP0043,PRD0008,2024-12-11,1296,High,2024-12-18,2024-12-17,0,On Time
ORD001627,SUP0027,PRD0008,2026-08-13,753,Standard,2026-08-19,2026-08-23,4,Delayed
ORD001628,SUP0025,PRD0002,2025-04-09,1961,Standard,2025-04-17,2025-04-16,0,On Time
ORD001629,SUP0023,PRD0045,2025-08-23,1599,Standard,2025-08-30,2025-08-30,0,On Time
ORD001630,SUP0001,PRD0029,2025-10-12,1957,Standard,2025-10-24,2025-10-31,7,Delayed
ORD001631,SUP0019,PRD0026,2024-11-25,1299,Urgent,2024-11-29,2024-12-03,4,Delayed
ORD001632,SUP0050,PRD0026,2025-03-03,354,Standard,2025-03-05,2025-03-09,4,Delayed
ORD001633,SUP0045,PRD0012,2024-11-17,219,High,2024-11-23,2024-11-22,0,On Time
ORD001634,SUP0003,PRD0038,2025-08-19,164,Urgent,2025-08-28,2025-08-28,0,On Time
ORD001635,SUP0048,PRD0009,2025-02-22,1472,Standard,2025-03-01,2025-02-28,0,On Time
ORD001636,SUP0044,PRD0035,2025-09-28,61,Standard,2025-10-04,2025-10-03,0,On Time
ORD001637,SUP0022,PRD0014,2025-12-12,1118,High,2025-12-20,2025-12-20,0,On Time
ORD001638,SUP0057,PRD0034,2026-08-06,262,Standard,2026-08-11,2026-08-11,0,On Time
ORD001639,SUP0015,PRD0033,2025-07-16,677,High,2025-07-22,2025-07-22,0,On Time
ORD001640,SUP0035,PRD0043,2026-07-05,398,Standard,2026-07-10,2026-07-10,0,On Time
ORD001641,SUP0047,PRD0028,2026-02-20,433,High,2026-02-25,2026-02-25,0,On Time
ORD001642,SUP0039,PRD0009,2024-10-13,1602,Standard,2024-10-17,2024-10-17,0,On Time
ORD001643,SUP0019,PRD0002,2025-11-07,173,Standard,2025-11-11,2025-11-10,0,On Time
ORD001644,SUP0020,PRD0016,2025-05-05,525,Standard,2025-05-09,2025-05-08,0,On Time
ORD001645,SUP0039,PRD0012,2025-11-28,1846,Standard,2025-12-02,2025-12-01,0,On Time
ORD001646,SUP0050,PRD0010,2025-12-10,1030,High,2025-12-12,2025-12-12,0,On Time
ORD001647,SUP0014,PRD0044,2025-12-27,639,Standard,2025-12-30,2025-12-30,0,On Time
ORD001648,SUP0013,PRD0031,2025-04-09,696,Standard,2025-04-14,2025-04-13,0,On Time
ORD001649,SUP0019,PRD0018,2025-03-11,1838,Urgent,2025-03-15,2025-03-15,0,On Time
ORD001650,SUP0042,PRD0008,2026-07-16,412,Standard,2026-07-23,2026-07-22,0,On Time
ORD001651,SUP0015,PRD0025,2025-12-04,376,Standard,2025-12-10,2025-12-10,0,On Time
ORD001652,SUP0054,PRD0034,2025-03-24,1147,Standard,2025-03-30,2025-03-30,0,On Time
ORD001653,SUP0058,PRD0023,2026-04-02,1781,Urgent,2026-04-08,2026-04-08,0,On Time
ORD001654,SUP0024,PRD0031,2026-09-05,754,High,2026-09-13,2026-09-12,0,On Time
ORD001655,SUP0012,PRD0039,2026-01-29,1966,High,2026-02-03,2026-02-08,5,Delayed
ORD001656,SUP0056,PRD0033,2025-01-17,1043,Standard,2025-01-22,2025-01-27,5,Delayed
ORD001657,SUP0057,PRD0001,2025-02-25,659,Standard,2025-03-02,2025-03-02,0,On Time
ORD001658,SUP0016,PRD0045,2026-07-21,607,Standard,2026-07-29,2026-07-28,0,On Time
ORD001659,SUP0051,PRD0044,2026-01-06,584,Standard,2026-01-11,2026-01-10,0,On Time
ORD001660,SUP0059,PRD0011,2026-05-28,1218,High,2026-06-02,2026-06-04,2,Delayed
ORD001661,SUP0010,PRD0019,2025-11-21,256,High,2025-11-28,2025-11-28,0,On Time
ORD001662,SUP0019,PRD0005,2025-06-03,662,Standard,2025-06-07,2025-06-07,0,On Time
ORD001663,SUP0049,PRD0008,2026-02-19,321,Standard,2026-02-26,2026-02-25,0,On Time
ORD001664,SUP0040,PRD0028,2025-10-29,425,High,2025-11-04,2025-11-04,0,On Time
ORD001665,SUP0001,PRD0042,2024-12-20,1972,Standard,2025-01-01,2025-01-06,5,Delayed
ORD001666,SUP0041,PRD0002,2026-07-09,127,Standard,2026-07-13,2026-07-13,0,On Time
ORD001667,SUP0002,PRD0008,2026-08-17,725,Standard,2026-08-26,2026-09-01,6,Delayed
ORD001668,SUP0005,PRD0024,2024-10-27,114,High,2024-11-08,2024-11-11,3,Delayed
ORD001669,SUP0037,PRD0031,2026-05-29,147,Standard,2026-06-05,2026-06-05,0,On Time
ORD001670,SUP0047,PRD0001,2026-01-26,1521,Standard,2026-01-31,2026-01-31,0,On Time
ORD001671,SUP0046,PRD0043,2026-05-24,844,Urgent,2026-05-27,2026-05-27,0,On Time
ORD001672,SUP0058,PRD0030,2026-09-11,397,Standard,2026-09-17,2026-09-17,0,On Time
ORD001673,SUP0024,PRD0044,2025-01-22,649,Standard,2025-01-30,2025-01-30,0,On Time
ORD001674,SUP0017,PRD0039,2026-06-08,850,Standard,2026-06-12,2026-06-12,0,On Time
ORD001675,SUP0032,PRD0027,2025-09-09,138,Standard,2025-09-15,2025-09-14,0,On Time
ORD001676,SUP0031,PRD0007,2026-01-04,343,Standard,2026-01-13,2026-01-12,0,On Time
ORD001677,SUP0045,PRD0034,2025-03-31,1963,Standard,2025-04-06,2025-04-05,0,On Time
ORD001678,SUP0028,PRD0036,2025-08-25,1379,Standard,2025-09-03,2025-09-02,0,On Time
ORD001679,SUP0057,PRD0016,2024-10-02,224,Standard,2024-10-07,2024-10-06,0,On Time
ORD001680,SUP0024,PRD0035,2025-11-22,933,Standard,2025-11-30,2025-12-06,6,Delayed
ORD001681,SUP0026,PRD0017,2026-01-28,1275,Standard,2026-02-04,2026-02-04,0,On Time
ORD001682,SUP0054,PRD0008,2025-05-23,71,Standard,2025-05-29,2025-05-28,0,On Time
ORD001683,SUP0022,PRD0040,2026-07-30,195,Standard,2026-08-07,2026-08-07,0,On Time
ORD001684,SUP0026,PRD0042,2024-10-22,1092,High,2024-10-29,2024-10-28,0,On Time
ORD001685,SUP0046,PRD0032,2025-03-05,1709,Standard,2025-03-08,2025-03-08,0,On Time
ORD001686,SUP0049,PRD0005,2025-05-06,391,Standard,2025-05-13,2025-05-18,5,Delayed
ORD001687,SUP0011,PRD0031,2025-03-04,576,Standard,2025-03-09,2025-03-08,0,On Time
ORD001688,SUP0007,PRD0022,2025-07-24,1469,Standard,2025-08-04,2025-08-03,0,On Time
ORD001689,SUP0056,PRD0038,2025-06-15,1108,Standard,2025-06-20,2025-06-19,0,On Time
ORD001690,SUP0038,PRD0001,2025-02-14,56,High,2025-02-21,2025-02-20,0,On Time
ORD001691,SUP0044,PRD0009,2026-05-10,1482,Standard,2026-05-16,2026-05-16,0,On Time
ORD001692,SUP0048,PRD0019,2026-05-28,239,Standard,2026-06-04,2026-06-04,0,On Time
ORD001693,SUP0043,PRD0022,2026-07-17,1002,Urgent,2026-07-24,2026-07-23,0,On Time
ORD001694,SUP0034,PRD0014,2026-06-21,248,Standard,2026-06-25,2026-06-25,0,On Time
ORD001695,SUP0020,PRD0025,2025-08-03,837,Standard,2025-08-07,2025-08-07,0,On Time
ORD001696,SUP0025,PRD0010,2025-10-29,1157,Standard,2025-11-06,2025-11-06,0,On Time
ORD001697,SUP0024,PRD0023,2025-08-04,1333,Standard,2025-08-12,2025-08-11,0,On Time
ORD001698,SUP0007,PRD0016,2025-12-07,352,Standard,2025-12-18,2025-12-17,0,On Time
ORD001699,SUP0034,PRD0026,2025-08-08,1175,Standard,2025-08-12,2025-08-11,0,On Time
ORD001700,SUP0027,PRD0019,2024-11-22,1405,Standard,2024-11-28,2024-11-27,0,On Time
ORD001701,SUP0044,PRD0045,2026-04-03,1745,Standard,2026-04-09,2026-04-08,0,On Time
ORD001702,SUP0031,PRD0024,2026-02-04,1180,High,2026-02-13,2026-02-13,0,On Time
ORD001703,SUP0018,PRD0033,2025-02-15,605,Standard,2025-02-21,2025-02-21,0,On Time
ORD001704,SUP0041,PRD0017,2025-01-11,1005,Standard,2025-01-15,2025-01-15,0,On Time
ORD001705,SUP0018,PRD0043,2026-05-24,1313,Standard,2026-05-30,2026-05-29,0,On Time
ORD001706,SUP0021,PRD0001,2025-03-17,567,Urgent,2025-03-24,2025-03-24,0,On Time
ORD001707,SUP0009,PRD0025,2025-06-06,623,Urgent,2025-06-12,2025-06-12,0,On Time
ORD001708,SUP0015,PRD0008,2025-11-25,1188,High,2025-12-01,2025-12-02,1,Delayed
ORD001709,SUP0027,PRD0035,2026-01-12,1712,High,2026-01-18,2026-01-17,0,On Time
ORD001710,SUP0026,PRD0009,2025-07-24,1875,Standard,2025-07-31,2025-07-30,0,On Time
ORD001711,SUP0001,PRD0019,2025-05-22,938,Standard,2025-06-03,2025-06-03,0,On Time
ORD001712,SUP0002,PRD0014,2025-12-26,1363,Urgent,2026-01-04,2026-01-03,0,On Time
ORD001713,SUP0036,PRD0007,2024-12-06,1935,Standard,2024-12-12,2024-12-12,0,On Time
ORD001714,SUP0012,PRD0014,2025-05-18,1904,Standard,2025-05-23,2025-05-23,0,On Time
ORD001715,SUP0003,PRD0030,2026-07-30,955,Standard,2026-08-08,2026-08-07,0,On Time
ORD001716,SUP0051,PRD0001,2025-11-24,1012,Standard,2025-11-29,2025-11-28,0,On Time
ORD001717,SUP0046,PRD0021,2025-06-19,619,Standard,2025-06-22,2025-06-22,0,On Time
ORD001718,SUP0025,PRD0018,2025-01-21,573,Standard,2025-01-29,2025-01-28,0,On Time
ORD001719,SUP0004,PRD0037,2025-04-22,1616,High,2025-05-04,2025-05-10,6,Delayed
ORD001720,SUP0011,PRD0017,2026-04-25,1105,Urgent,2026-04-30,2026-04-30,0,On Time
ORD001721,SUP0047,PRD0036,2024-11-16,594,Urgent,2024-11-21,2024-11-20,0,On Time
ORD001722,SUP0013,PRD0001,2026-07-14,814,Standard,2026-07-19,2026-07-19,0,On Time
ORD001723,SUP0001,PRD0042,2025-01-24,295,Standard,2025-02-05,2025-02-08,3,Delayed
ORD001724,SUP0001,PRD0036,2026-06-14,1557,Standard,2026-06-26,2026-06-25,0,On Time
ORD001725,SUP0021,PRD0026,2025-04-21,583,High,2025-04-28,2025-04-27,0,On Time
ORD001726,SUP0057,PRD0013,2025-05-28,583,Urgent,2025-06-02,2025-06-02,0,On Time
ORD001727,SUP0035,PRD0026,2025-07-14,29,Standard,2025-07-19,2025-07-18,0,On Time
ORD001728,SUP0010,PRD0022,2024-10-20,220,Urgent,2024-10-27,2024-10-27,0,On Time
ORD001729,SUP0030,PRD0007,2025-07-29,728,Standard,2025-08-07,2025-08-06,0,On Time
ORD001730,SUP0050,PRD0033,2026-08-22,1500,Standard,2026-08-24,2026-08-23,0,On Time
ORD001731,SUP0055,PRD0042,2025-02-20,1947,Standard,2025-03-01,2025-03-01,0,On Time
ORD001732,SUP0014,PRD0034,2025-03-30,1898,Standard,2025-04-02,2025-04-01,0,On Time
ORD001733,SUP0035,PRD0015,2024-10-06,582,Standard,2024-10-11,2024-10-11,0,On Time
ORD001734,SUP0021,PRD0041,2026-06-17,1494,Standard,2026-06-24,2026-06-24,0,On Time
ORD001735,SUP0021,PRD0030,2025-12-16,719,High,2025-12-23,2025-12-23,0,On Time
ORD001736,SUP0043,PRD0016,2026-05-06,299,Standard,2026-05-13,2026-05-13,0,On Time
ORD001737,SUP0055,PRD0014,2026-06-27,1794,Standard,2026-07-06,2026-07-06,0,On Time
ORD001738,SUP0053,PRD0021,2025-11-05,836,Standard,2025-11-10,2025-11-09,0,On Time
ORD001739,SUP0050,PRD0036,2026-02-17,401,High,2026-02-19,2026-02-19,0,On Time
ORD001740,SUP0057,PRD0020,2025-10-03,806,Standard,2025-10-08,2025-10-08,0,On Time
ORD001741,SUP0039,PRD0028,2025-04-07,568,Standard,2025-04-11,2025-04-10,0,On Time
ORD001742,SUP0036,PRD0014,2025-05-12,1073,Standard,2025-05-18,2025-05-17,0,On Time
ORD001743,SUP0029,PRD0020,2025-01-10,480,Standard,2025-01-15,2025-01-15,0,On Time
ORD001744,SUP0039,PRD0018,2025-11-28,96,Standard,2025-12-02,2025-12-02,0,On Time
ORD001745,SUP0020,PRD0030,2026-04-15,1966,Standard,2026-04-19,2026-04-19,0,On Time
ORD001746,SUP0026,PRD0035,2026-06-20,1077,Urgent,2026-06-27,2026-06-26,0,On Time
ORD001747,SUP0028,PRD0019,2026-01-24,1292,Standard,2026-02-02,2026-02-01,0,On Time
ORD001748,SUP0045,PRD0012,2026-06-23,333,Standard,2026-06-29,2026-06-28,0,On Time
ORD001749,SUP0052,PRD0006,2024-11-20,1244,Standard,2024-11-29,2024-11-29,0,On Time
ORD001750,SUP0035,PRD0040,2026-05-30,364,Standard,2026-06-04,2026-06-04,0,On Time
ORD001751,SUP0008,PRD0031,2025-02-20,1289,Standard,2025-03-01,2025-03-01,0,On Time
ORD001752,SUP0003,PRD0012,2025-12-25,1812,Standard,2026-01-03,2026-01-02,0,On Time
ORD001753,SUP0020,PRD0001,2025-10-11,764,Standard,2025-10-15,2025-10-14,0,On Time
ORD001754,SUP0007,PRD0034,2026-01-15,528,Standard,2026-01-26,2026-01-25,0,On Time
ORD001755,SUP0008,PRD0045,2025-04-25,1034,Standard,2025-05-04,2025-05-06,2,Delayed
ORD001756,SUP0020,PRD0029,2026-09-04,764,Standard,2026-09-08,2026-09-08,0,On Time
ORD001757,SUP0001,PRD0015,2026-01-12,608,Standard,2026-01-24,2026-01-24,0,On Time
ORD001758,SUP0059,PRD0014,2025-03-06,694,Standard,2025-03-11,2025-03-10,0,On Time
ORD001759,SUP0003,PRD0020,2025-11-14,1686,Urgent,2025-11-23,2025-11-26,3,Delayed
ORD001760,SUP0017,PRD0039,2025-06-07,1848,Standard,2025-06-11,2025-06-10,0,On Time
ORD001761,SUP0030,PRD0027,2026-02-13,594,Standard,2026-02-22,2026-02-21,0,On Time
ORD001762,SUP0005,PRD0021,2025-12-15,1971,High,2025-12-27,2025-12-29,2,Delayed
ORD001763,SUP0003,PRD0031,2026-04-18,464,Standard,2026-04-27,2026-04-27,0,On Time
ORD001764,SUP0042,PRD0028,2025-07-04,1220,Standard,2025-07-11,2025-07-11,0,On Time
ORD001765,SUP0045,PRD0036,2025-01-01,816,High,2025-01-07,2025-01-06,0,On Time
ORD001766,SUP0002,PRD0026,2026-04-22,1016,Standard,2026-05-01,2026-05-04,3,Delayed
ORD001767,SUP0007,PRD0023,2026-04-29,1169,Standard,2026-05-10,2026-05-14,4,Delayed
ORD001768,SUP0022,PRD0020,2025-03-18,234,Standard,2025-03-26,2025-03-25,0,On Time
ORD001769,SUP0042,PRD0022,2025-06-07,689,Standard,2025-06-14,2025-06-14,0,On Time
ORD001770,SUP0008,PRD0008,2025-12-13,80,Standard,2025-12-22,2025-12-21,0,On Time
ORD001771,SUP0024,PRD0033,2026-04-25,189,Standard,2026-05-03,2026-05-08,5,Delayed
ORD001772,SUP0002,PRD0005,2025-11-28,121,High,2025-12-07,2025-12-11,4,Delayed
ORD001773,SUP0018,PRD0033,2025-09-23,1678,Urgent,2025-09-29,2025-09-29,0,On Time
ORD001774,SUP0031,PRD0031,2026-06-27,1980,Standard,2026-07-06,2026-07-09,3,Delayed
ORD001775,SUP0007,PRD0024,2025-03-12,51,High,2025-03-23,2025-03-23,0,On Time
ORD001776,SUP0029,PRD0034,2024-11-24,555,High,2024-11-29,2024-11-29,0,On Time
ORD001777,SUP0048,PRD0001,2026-01-08,814,High,2026-01-15,2026-01-15,0,On Time
ORD001778,SUP0011,PRD0033,2026-06-15,1139,High,2026-06-20,2026-06-19,0,On Time
ORD001779,SUP0001,PRD0025,2026-04-19,1587,High,2026-05-01,2026-04-30,0,On Time
ORD001780,SUP0025,PRD0015,2025-02-28,1659,Standard,2025-03-08,2025-03-07,0,On Time
ORD001781,SUP0030,PRD0018,2025-01-29,327,Standard,2025-02-07,2025-02-14,7,Delayed
ORD001782,SUP0036,PRD0007,2026-05-14,547,Standard,2026-05-20,2026-05-20,0,On Time
ORD001783,SUP0007,PRD0045,2026-05-03,1838,Standard,2026-05-14,2026-05-14,0,On Time
ORD001784,SUP0005,PRD0026,2025-04-14,1937,Standard,2025-04-26,2025-04-26,0,On Time
ORD001785,SUP0004,PRD0021,2025-02-08,1017,Standard,2025-02-20,2025-02-19,0,On Time
ORD001786,SUP0052,PRD0019,2025-05-04,1195,Standard,2025-05-13,2025-05-12,0,On Time
ORD001787,SUP0029,PRD0011,2026-03-12,281,Standard,2026-03-17,2026-03-16,0,On Time
ORD001788,SUP0040,PRD0037,2026-06-18,1639,Standard,2026-06-24,2026-06-24,0,On Time
ORD001789,SUP0034,PRD0026,2026-03-25,1159,Standard,2026-03-29,2026-03-28,0,On Time
ORD001790,SUP0029,PRD0014,2025-05-28,279,Standard,2025-06-02,2025-06-05,3,Delayed
ORD001791,SUP0045,PRD0010,2025-01-01,1944,Standard,2025-01-07,2025-01-06,0,On Time
ORD001792,SUP0033,PRD0012,2024-10-19,1579,High,2024-10-25,2024-10-25,0,On Time
ORD001793,SUP0024,PRD0027,2026-09-21,698,Standard,2026-09-29,,,In Transit
ORD001794,SUP0057,PRD0025,2025-10-15,1728,High,2025-10-20,2025-10-20,0,On Time
ORD001795,SUP0004,PRD0019,2025-07-06,186,High,2025-07-18,2025-07-18,0,On Time
ORD001796,SUP0045,PRD0003,2025-11-30,1752,Standard,2025-12-06,2025-12-06,0,On Time
ORD001797,SUP0044,PRD0003,2026-08-21,42,Standard,2026-08-27,2026-08-27,0,On Time
ORD001798,SUP0006,PRD0016,2026-06-09,786,High,2026-06-21,2026-06-20,0,On Time
ORD001799,SUP0057,PRD0032,2025-02-04,1149,Standard,2025-02-09,2025-02-08,0,On Time
ORD001800,SUP0009,PRD0015,2026-07-13,1202,High,2026-07-19,2026-07-19,0,On Time
ORD001801,SUP0014,PRD0036,2025-12-04,1537,Standard,2025-12-07,2025-12-06,0,On Time
ORD001802,SUP0024,PRD0033,2025-04-04,279,Standard,2025-04-12,2025-04-12,0,On Time
ORD001803,SUP0018,PRD0044,2026-07-03,34,Standard,2026-07-09,2026-07-08,0,On Time
ORD001804,SUP0013,PRD0044,2026-04-28,780,Standard,2026-05-03,2026-05-03,0,On Time
ORD001805,SUP0031,PRD0005,2025-09-09,802,Standard,2025-09-18,2025-09-17,0,On Time
ORD001806,SUP0025,PRD0008,2026-04-08,1103,High,2026-04-16,2026-04-23,7,Delayed
ORD001807,SUP0024,PRD0014,2024-10-17,1624,Standard,2024-10-25,2024-10-24,0,On Time
ORD001808,SUP0042,PRD0007,2025-06-07,986,Standard,2025-06-14,2025-06-14,0,On Time
ORD001809,SUP0008,PRD0023,2024-10-18,300,Standard,2024-10-27,2024-11-01,5,Delayed
ORD001810,SUP0003,PRD0024,2026-05-25,1556,High,2026-06-03,2026-06-02,0,On Time
ORD001811,SUP0043,PRD0012,2026-03-30,442,Standard,2026-04-06,2026-04-06,0,On Time
ORD001812,SUP0008,PRD0043,2025-11-13,612,Standard,2025-11-22,2025-11-25,3,Delayed
ORD001813,SUP0026,PRD0036,2026-07-17,360,Standard,2026-07-24,2026-07-23,0,On Time
ORD001814,SUP0057,PRD0004,2026-07-25,819,Standard,2026-07-30,2026-07-30,0,On Time
ORD001815,SUP0052,PRD0023,2025-06-25,541,Standard,2025-07-04,2025-07-04,0,On Time
ORD001816,SUP0025,PRD0032,2026-09-05,535,High,2026-09-13,2026-09-13,0,On Time
ORD001817,SUP0055,PRD0019,2026-03-27,955,Standard,2026-04-05,2026-04-04,0,On Time
ORD001818,SUP0001,PRD0028,2026-02-07,886,Urgent,2026-02-19,2026-02-18,0,On Time
ORD001819,SUP0050,PRD0016,2025-07-03,1412,Standard,2025-07-05,2025-07-05,0,On Time
ORD001820,SUP0017,PRD0029,2025-10-21,1923,Standard,2025-10-25,2025-10-25,0,On Time
ORD001821,SUP0052,PRD0020,2024-10-13,1189,Standard,2024-10-22,2024-10-22,0,On Time
ORD001822,SUP0009,PRD0012,2025-05-09,147,Standard,2025-05-15,2025-05-15,0,On Time
ORD001823,SUP0057,PRD0033,2024-11-08,1810,Standard,2024-11-13,2024-11-12,0,On Time
ORD001824,SUP0010,PRD0022,2024-10-05,1007,Standard,2024-10-12,2024-10-11,0,On Time
ORD001825,SUP0044,PRD0031,2025-06-28,438,Standard,2025-07-04,2025-07-04,0,On Time
ORD001826,SUP0001,PRD0045,2025-07-27,495,Standard,2025-08-08,2025-08-07,0,On Time
ORD001827,SUP0039,PRD0008,2025-06-25,313,High,2025-06-29,2025-06-28,0,On Time
ORD001828,SUP0020,PRD0022,2026-04-12,1073,High,2026-04-16,2026-04-16,0,On Time
ORD001829,SUP0051,PRD0014,2024-11-11,268,High,2024-11-16,2024-11-15,0,On Time
ORD001830,SUP0002,PRD0014,2026-03-08,1436,Standard,2026-03-17,2026-03-17,0,On Time
ORD001831,SUP0020,PRD0038,2026-01-07,1886,Standard,2026-01-11,2026-01-11,0,On Time
ORD001832,SUP0045,PRD0004,2026-07-20,1953,High,2026-07-26,2026-07-25,0,On Time
ORD001833,SUP0055,PRD0007,2025-02-09,1659,Urgent,2025-02-18,2025-02-17,0,On Time
ORD001834,SUP0026,PRD0014,2024-12-27,1673,Standard,2025-01-03,2025-01-02,0,On Time
ORD001835,SUP0044,PRD0012,2026-06-27,295,Standard,2026-07-03,2026-07-02,0,On Time
ORD001836,SUP0002,PRD0037,2026-04-29,1413,Standard,2026-05-08,2026-05-07,0,On Time
ORD001837,SUP0040,PRD0021,2024-10-24,1387,Standard,2024-10-30,2024-10-29,0,On Time
ORD001838,SUP0054,PRD0007,2025-03-07,1948,Standard,2025-03-13,2025-03-13,0,On Time
ORD001839,SUP0038,PRD0037,2026-03-01,1746,High,2026-03-08,2026-03-07,0,On Time
ORD001840,SUP0060,PRD0038,2025-08-11,976,High,2025-08-18,2025-08-18,0,On Time
ORD001841,SUP0002,PRD0002,2026-05-24,1858,High,2026-06-02,2026-06-05,3,Delayed
ORD001842,SUP0021,PRD0005,2025-09-01,802,Standard,2025-09-08,2025-09-08,0,On Time
ORD001843,SUP0034,PRD0026,2026-07-16,664,Standard,2026-07-20,2026-07-19,0,On Time
ORD001844,SUP0003,PRD0032,2025-03-06,287,Standard,2025-03-15,2025-03-14,0,On Time
ORD001845,SUP0001,PRD0012,2024-11-17,951,Standard,2024-11-29,2024-12-03,4,Delayed
ORD001846,SUP0060,PRD0018,2025-09-09,187,High,2025-09-16,2025-09-16,0,On Time
ORD001847,SUP0017,PRD0042,2026-05-31,740,Standard,2026-06-04,2026-06-03,0,On Time
ORD001848,SUP0060,PRD0042,2025-08-16,1671,Standard,2025-08-23,2025-08-23,0,On Time
ORD001849,SUP0011,PRD0009,2026-04-25,639,Standard,2026-04-30,2026-04-29,0,On Time
ORD001850,SUP0022,PRD0007,2026-03-03,1354,Standard,2026-03-11,2026-03-10,0,On Time
ORD001851,SUP0041,PRD0031,2026-01-26,268,High,2026-01-30,2026-01-30,0,On Time
ORD001852,SUP0008,PRD0034,2025-08-11,1379,Standard,2025-08-20,2025-08-19,0,On Time
ORD001853,SUP0035,PRD0006,2025-06-19,1707,Standard,2025-06-24,2025-06-24,0,On Time
ORD001854,SUP0002,PRD0027,2025-11-02,539,Standard,2025-11-11,2025-11-11,0,On Time
ORD001855,SUP0056,PRD0025,2026-01-24,78,Standard,2026-01-29,2026-02-05,7,Delayed
ORD001856,SUP0014,PRD0037,2026-05-21,1203,Standard,2026-05-24,2026-05-23,0,On Time
ORD001857,SUP0017,PRD0015,2026-09-05,760,High,2026-09-09,2026-09-08,0,On Time
ORD001858,SUP0029,PRD0043,2025-11-21,1463,Standard,2025-11-26,2025-12-02,6,Delayed
ORD001859,SUP0019,PRD0018,2026-05-12,1819,Standard,2026-05-16,2026-05-15,0,On Time
ORD001860,SUP0022,PRD0003,2026-04-28,954,Standard,2026-05-06,2026-05-05,0,On Time
ORD001861,SUP0009,PRD0028,2025-11-17,1991,Urgent,2025-11-23,2025-11-23,0,On Time
ORD001862,SUP0037,PRD0045,2026-04-25,1745,Urgent,2026-05-02,2026-05-01,0,On Time
ORD001863,SUP0042,PRD0028,2025-04-05,716,Standard,2025-04-12,2025-04-11,0,On Time
ORD001864,SUP0039,PRD0002,2024-10-31,1471,Standard,2024-11-04,2024-11-03,0,On Time
ORD001865,SUP0025,PRD0023,2026-02-17,228,Standard,2026-02-25,2026-02-25,0,On Time
ORD001866,SUP0019,PRD0002,2025-12-14,876,Standard,2025-12-18,2025-12-25,7,Delayed
ORD001867,SUP0033,PRD0033,2024-11-06,1972,Standard,2024-11-12,2024-11-11,0,On Time
ORD001868,SUP0028,PRD0006,2025-03-07,234,Standard,2025-03-16,2025-03-15,0,On Time
ORD001869,SUP0012,PRD0022,2026-09-06,1462,Standard,2026-09-11,2026-09-11,0,On Time
ORD001870,SUP0028,PRD0010,2025-04-29,468,High,2025-05-08,2025-05-07,0,On Time
ORD001871,SUP0001,PRD0027,2026-02-05,1982,Standard,2026-02-17,2026-02-16,0,On Time
ORD001872,SUP0024,PRD0041,2025-08-09,257,Standard,2025-08-17,2025-08-16,0,On Time
ORD001873,SUP0023,PRD0002,2026-02-04,839,Urgent,2026-02-11,2026-02-10,0,On Time
ORD001874,SUP0055,PRD0003,2024-12-21,980,Standard,2024-12-30,2024-12-29,0,On Time
ORD001875,SUP0028,PRD0005,2025-08-07,1252,High,2025-08-16,2025-08-16,0,On Time
ORD001876,SUP0060,PRD0022,2025-01-01,1970,High,2025-01-08,2025-01-08,0,On Time
ORD001877,SUP0029,PRD0021,2026-01-22,1230,Standard,2026-01-27,2026-01-27,0,On Time
ORD001878,SUP0032,PRD0010,2026-02-25,978,Standard,2026-03-03,2026-03-02,0,On Time
ORD001879,SUP0017,PRD0023,2025-05-02,1480,Standard,2025-05-06,2025-05-06,0,On Time
ORD001880,SUP0058,PRD0002,2025-05-11,711,Standard,2025-05-17,2025-05-16,0,On Time
ORD001881,SUP0056,PRD0012,2025-07-30,515,Standard,2025-08-04,2025-08-03,0,On Time
ORD001882,SUP0057,PRD0020,2026-02-22,278,High,2026-02-27,2026-02-28,1,Delayed
ORD001883,SUP0054,PRD0045,2026-09-13,1929,Urgent,2026-09-19,2026-09-19,0,On Time
ORD001884,SUP0010,PRD0004,2026-07-03,662,Standard,2026-07-10,2026-07-09,0,On Time
ORD001885,SUP0059,PRD0045,2026-05-23,1810,Standard,2026-05-28,2026-05-28,0,On Time
ORD001886,SUP0047,PRD0029,2026-08-06,141,High,2026-08-11,2026-08-11,0,On Time
ORD001887,SUP0046,PRD0014,2024-12-24,496,High,2024-12-27,2024-12-26,0,On Time
ORD001888,SUP0041,PRD0001,2026-01-22,1922,Standard,2026-01-26,2026-01-25,0,On Time
ORD001889,SUP0046,PRD0017,2025-04-02,1926,Standard,2025-04-05,2025-04-04,0,On Time
ORD001890,SUP0029,PRD0008,2025-07-16,1251,Standard,2025-07-21,2025-07-21,0,On Time
ORD001891,SUP0035,PRD0036,2026-02-24,1798,Standard,2026-03-01,2026-02-28,0,On Time
ORD001892,SUP0013,PRD0013,2025-02-25,1801,Urgent,2025-03-02,2025-03-01,0,On Time
ORD001893,SUP0027,PRD0032,2024-12-22,1463,High,2024-12-28,2024-12-27,0,On Time
ORD001894,SUP0010,PRD0034,2025-03-06,944,High,2025-03-13,2025-03-13,0,On Time
ORD001895,SUP0016,PRD0035,2024-11-16,1453,Standard,2024-11-24,2024-11-23,0,On Time
ORD001896,SUP0038,PRD0031,2024-10-14,99,Standard,2024-10-21,2024-10-21,0,On Time
ORD001897,SUP0059,PRD0043,2026-08-04,1120,Standard,2026-08-09,2026-08-08,0,On Time
ORD001898,SUP0029,PRD0009,2025-02-19,981,Standard,2025-02-24,2025-02-23,0,On Time
ORD001899,SUP0058,PRD0004,2025-07-21,374,High,2025-07-27,2025-07-26,0,On Time
ORD001900,SUP0052,PRD0010,2024-12-01,174,Standard,2024-12-10,2024-12-09,0,On Time
ORD001901,SUP0044,PRD0030,2026-08-10,269,Standard,2026-08-16,2026-08-15,0,On Time
ORD001902,SUP0048,PRD0038,2024-12-17,497,Standard,2024-12-24,2024-12-28,4,Delayed
ORD001903,SUP0033,PRD0042,2026-06-05,1129,Standard,2026-06-11,2026-06-11,0,On Time
ORD001904,SUP0039,PRD0005,2026-01-31,1124,Standard,2026-02-04,2026-02-03,0,On Time
ORD001905,SUP0014,PRD0040,2026-08-15,846,Standard,2026-08-18,2026-08-18,0,On Time
ORD001906,SUP0047,PRD0007,2024-12-31,1483,Standard,2025-01-05,2025-01-04,0,On Time
ORD001907,SUP0059,PRD0024,2025-09-07,1495,Standard,2025-09-12,2025-09-12,0,On Time
ORD001908,SUP0004,PRD0003,2026-06-28,1206,Standard,2026-07-10,2026-07-15,5,Delayed
ORD001909,SUP0002,PRD0030,2025-12-19,756,Standard,2025-12-28,2025-12-27,0,On Time
ORD001910,SUP0026,PRD0030,2024-10-01,1161,Standard,2024-10-08,2024-10-11,3,Delayed
ORD001911,SUP0036,PRD0010,2026-05-31,710,Standard,2026-06-06,2026-06-05,0,On Time
ORD001912,SUP0035,PRD0044,2025-05-09,1668,High,2025-05-14,2025-05-19,5,Delayed
ORD001913,SUP0026,PRD0016,2025-10-04,1387,Standard,2025-10-11,2025-10-10,0,On Time
ORD001914,SUP0042,PRD0003,2026-04-20,1966,Standard,2026-04-27,2026-04-27,0,On Time
ORD001915,SUP0045,PRD0021,2025-04-21,317,High,2025-04-27,2025-04-27,0,On Time
ORD001916,SUP0031,PRD0018,2024-10-26,532,High,2024-11-04,2024-11-04,0,On Time
ORD001917,SUP0003,PRD0040,2026-04-13,420,Urgent,2026-04-22,2026-04-23,1,Delayed
ORD001918,SUP0042,PRD0039,2025-10-28,1151,Standard,2025-11-04,2025-11-03,0,On Time
ORD001919,SUP0009,PRD0008,2025-06-01,268,Standard,2025-06-07,2025-06-06,0,On Time
ORD001920,SUP0026,PRD0002,2025-09-06,1856,High,2025-09-13,2025-09-12,0,On Time
ORD001921,SUP0021,PRD0011,2026-05-17,495,High,2026-05-24,2026-05-27,3,Delayed
ORD001922,SUP0038,PRD0006,2025-04-01,1110,Standard,2025-04-08,2025-04-07,0,On Time
ORD001923,SUP0021,PRD0039,2025-11-15,1749,Standard,2025-11-22,2025-11-22,0,On Time
ORD001924,SUP0041,PRD0020,2026-01-05,1327,High,2026-01-09,2026-01-09,0,On Time
ORD001925,SUP0019,PRD0023,2025-12-18,1515,Standard,2025-12-22,2025-12-25,3,Delayed
ORD001926,SUP0043,PRD0032,2026-01-25,691,Urgent,2026-02-01,2026-01-31,0,On Time
ORD001927,SUP0030,PRD0026,2026-06-17,1558,Standard,2026-06-26,2026-06-25,0,On Time
ORD001928,SUP0045,PRD0003,2025-08-11,1951,Standard,2025-08-17,2025-08-18,1,Delayed
ORD001929,SUP0025,PRD0028,2025-02-25,576,Standard,2025-03-05,2025-03-05,0,On Time
ORD001930,SUP0009,PRD0017,2025-03-29,1380,Standard,2025-04-04,2025-04-04,0,On Time
ORD001931,SUP0046,PRD0021,2025-11-30,1298,Standard,2025-12-03,2025-12-02,0,On Time
ORD001932,SUP0034,PRD0013,2025-10-25,1511,Standard,2025-10-29,2025-10-29,0,On Time
ORD001933,SUP0011,PRD0032,2026-08-20,1052,Standard,2026-08-25,2026-08-24,0,On Time
ORD001934,SUP0043,PRD0031,2025-01-13,1089,Standard,2025-01-20,2025-01-20,0,On Time
ORD001935,SUP0013,PRD0012,2026-08-16,666,Standard,2026-08-21,2026-08-20,0,On Time
ORD001936,SUP0041,PRD0027,2024-11-18,283,Standard,2024-11-22,2024-11-24,2,Delayed
ORD001937,SUP0023,PRD0040,2026-09-07,777,Standard,2026-09-14,2026-09-13,0,On Time
ORD001938,SUP0017,PRD0010,2025-07-06,1951,Standard,2025-07-10,2025-07-09,0,On Time
ORD001939,SUP0056,PRD0011,2025-11-08,1191,Standard,2025-11-13,2025-11-13,0,On Time
ORD001940,SUP0006,PRD0042,2026-04-27,174,Standard,2026-05-09,2026-05-08,0,On Time
ORD001941,SUP0054,PRD0015,2026-04-01,1278,Standard,2026-04-07,2026-04-07,0,On Time
ORD001942,SUP0058,PRD0006,2026-08-19,1998,Standard,2026-08-25,2026-08-25,0,On Time
ORD001943,SUP0059,PRD0023,2026-01-10,174,Standard,2026-01-15,2026-01-15,0,On Time
ORD001944,SUP0055,PRD0007,2025-08-07,1894,Standard,2025-08-16,2025-08-16,0,On Time
ORD001945,SUP0009,PRD0004,2025-01-25,1559,Standard,2025-01-31,2025-02-06,6,Delayed
ORD001946,SUP0059,PRD0033,2025-08-19,1384,Standard,2025-08-24,2025-08-24,0,On Time
ORD001947,SUP0056,PRD0029,2025-11-25,1723,High,2025-11-30,2025-11-30,0,On Time
ORD001948,SUP0012,PRD0008,2024-12-03,155,Standard,2024-12-08,2024-12-08,0,On Time
ORD001949,SUP0002,PRD0008,2026-05-10,938,Standard,2026-05-19,2026-05-19,0,On Time
ORD001950,SUP0054,PRD0042,2025-05-18,617,Standard,2025-05-24,2025-05-23,0,On Time
ORD001951,SUP0052,PRD0023,2024-10-24,1636,Standard,2024-11-02,2024-11-09,7,Delayed
ORD001952,SUP0035,PRD0024,2024-10-27,174,Standard,2024-11-01,2024-11-01,0,On Time
ORD001953,SUP0001,PRD0044,2026-01-07,1000,Standard,2026-01-19,2026-01-20,1,Delayed
ORD001954,SUP0056,PRD0014,2025-08-31,1716,Standard,2025-09-05,2025-09-04,0,On Time
ORD001955,SUP0010,PRD0043,2026-09-16,1746,Standard,2026-09-23,2026-09-22,0,On Time
ORD001956,SUP0032,PRD0014,2024-10-29,557,Standard,2024-11-04,2024-11-04,0,On Time
ORD001957,SUP0031,PRD0042,2025-01-16,1915,Standard,2025-01-25,2025-01-27,2,Delayed
ORD001958,SUP0038,PRD0004,2026-01-14,300,Standard,2026-01-21,2026-01-20,0,On Time
ORD001959,SUP0011,PRD0031,2025-10-14,972,Standard,2025-10-19,2025-10-18,0,On Time
ORD001960,SUP0009,PRD0037,2025-08-26,1254,Standard,2025-09-01,2025-09-01,0,On Time
ORD001961,SUP0041,PRD0004,2026-05-12,648,Standard,2026-05-16,2026-05-16,0,On Time
ORD001962,SUP0008,PRD0012,2025-07-16,841,Standard,2025-07-25,2025-07-31,6,Delayed
ORD001963,SUP0037,PRD0031,2025-01-14,324,High,2025-01-21,2025-01-26,5,Delayed
ORD001964,SUP0005,PRD0044,2025-03-11,136,High,2025-03-23,2025-03-22,0,On Time
ORD001965,SUP0021,PRD0015,2026-06-13,35,Standard,2026-06-20,2026-06-20,0,On Time
ORD001966,SUP0047,PRD0021,2026-03-31,1451,Standard,2026-04-05,2026-04-04,0,On Time
ORD001967,SUP0057,PRD0022,2025-09-24,427,High,2025-09-29,2025-09-29,0,On Time
ORD001968,SUP0021,PRD0009,2025-11-03,1086,Standard,2025-11-10,2025-11-10,0,On Time
ORD001969,SUP0059,PRD0009,2025-07-12,1658,Standard,2025-07-17,2025-07-16,0,On Time
ORD001970,SUP0031,PRD0010,2025-11-30,1962,Standard,2025-12-09,2025-12-08,0,On Time
ORD001971,SUP0053,PRD0011,2026-01-03,859,Standard,2026-01-08,2026-01-10,2,Delayed
ORD001972,SUP0027,PRD0007,2026-02-15,151,Standard,2026-02-21,2026-02-21,0,On Time
ORD001973,SUP0045,PRD0043,2026-03-16,788,High,2026-03-22,2026-03-22,0,On Time
ORD001974,SUP0048,PRD0001,2026-08-14,457,Standard,2026-08-21,2026-08-20,0,On Time
ORD001975,SUP0059,PRD0044,2026-04-26,1500,Standard,2026-05-01,2026-05-01,0,On Time
ORD001976,SUP0020,PRD0045,2025-05-18,58,Standard,2025-05-22,2025-05-22,0,On Time
ORD001977,SUP0048,PRD0033,2025-05-03,1658,Standard,2025-05-10,2025-05-10,0,On Time
ORD001978,SUP0054,PRD0035,2026-07-13,1728,Standard,2026-07-19,2026-07-18,0,On Time
ORD001979,SUP0015,PRD0021,2025-02-23,121,Standard,2025-03-01,2025-03-01,0,On Time
ORD001980,SUP0049,PRD0001,2025-10-02,1350,Standard,2025-10-09,2025-10-09,0,On Time
ORD001981,SUP0028,PRD0042,2024-11-04,1417,High,2024-11-13,2024-11-13,0,On Time
ORD001982,SUP0022,PRD0019,2025-12-03,535,High,2025-12-11,2025-12-17,6,Delayed
ORD001983,SUP0017,PRD0045,2026-09-02,1904,Standard,2026-09-06,2026-09-06,0,On Time
ORD001984,SUP0053,PRD0023,2025-03-14,1933,Standard,2025-03-19,2025-03-19,0,On Time
ORD001985,SUP0034,PRD0027,2024-12-19,332,Standard,2024-12-23,2024-12-22,0,On Time
ORD001986,SUP0025,PRD0013,2025-10-29,1150,Standard,2025-11-06,2025-11-05,0,On Time
ORD001987,SUP0037,PRD0001,2025-01-11,1812,Standard,2025-01-18,2025-01-18,0,On Time
ORD001988,SUP0052,PRD0003,2024-10-06,312,High,2024-10-15,2024-10-14,0,On Time
ORD001989,SUP0041,PRD0025,2024-11-12,1807,Standard,2024-11-16,2024-11-16,0,On Time
ORD001990,SUP0028,PRD0015,2024-11-19,314,Standard,2024-11-28,2024-11-30,2,Delayed
ORD001991,SUP0014,PRD0013,2026-09-10,21,High,2026-09-13,2026-09-12,0,On Time
ORD001992,SUP0008,PRD0032,2025-12-01,1849,High,2025-12-10,2025-12-10,0,On Time
ORD001993,SUP0031,PRD0039,2025-07-21,149,Standard,2025-07-30,2025-07-30,0,On Time
ORD001994,SUP0001,PRD0029,2025-03-24,536,Standard,2025-04-05,2025-04-04,0,On Time
ORD001995,SUP0004,PRD0045,2026-03-15,1697,Standard,2026-03-27,2026-03-26,0,On Time
ORD001996,SUP0023,PRD0003,2026-07-22,1611,Standard,2026-07-29,2026-07-28,0,On Time
ORD001997,SUP0045,PRD0014,2026-08-14,1408,Standard,2026-08-20,2026-08-20,0,On Time
ORD001998,SUP0060,PRD0029,2024-10-04,163,Standard,2024-10-11,2024-10-16,5,Delayed
ORD001999,SUP0021,PRD0030,2025-12-26,558,Standard,2026-01-02,2026-01-01,0,On Time
ORD002000,SUP0024,PRD0034,2026-09-19,1290,Standard,2026-09-27,,,In Transit
ORD002001,SUP0060,PRD0038,2026-07-12,834,High,2026-07-19,2026-07-18,0,On Time
ORD002002,SUP0058,PRD0037,2025-07-06,648,Standard,2025-07-12,2025-07-11,0,On Time
ORD002003,SUP0059,PRD0024,2026-03-29,117,High,2026-04-03,2026-04-09,6,Delayed
ORD002004,SUP0015,PRD0001,2025-09-23,85,Standard,2025-09-29,2025-09-29,0,On Time
ORD002005,SUP0004,PRD0012,2025-10-21,1947,Standard,2025-11-02,2025-11-01,0,On Time
ORD002006,SUP0042,PRD0026,2026-06-25,754,Standard,2026-07-02,2026-07-02,0,On Time
ORD002007,SUP0028,PRD0005,2026-04-18,383,Standard,2026-04-27,2026-04-29,2,Delayed
ORD002008,SUP0040,PRD0019,2025-05-19,1630,Standard,2025-05-25,2025-05-24,0,On Time
ORD002009,SUP0044,PRD0024,2025-03-12,243,Standard,2025-03-18,2025-03-17,0,On Time
ORD002010,SUP0013,PRD0031,2025-07-09,440,Standard,2025-07-14,2025-07-14,0,On Time
ORD002011,SUP0018,PRD0003,2024-10-26,1698,Standard,2024-11-01,2024-10-31,0,On Time
ORD002012,SUP0037,PRD0043,2025-01-24,580,Standard,2025-01-31,2025-01-30,0,On Time
ORD002013,SUP0033,PRD0031,2025-12-16,362,High,2025-12-22,2025-12-21,0,On Time
ORD002014,SUP0014,PRD0010,2025-09-30,1383,High,2025-10-03,2025-10-02,0,On Time
ORD002015,SUP0048,PRD0018,2025-05-14,872,Urgent,2025-05-21,2025-05-21,0,On Time
ORD002016,SUP0004,PRD0009,2025-06-06,357,Standard,2025-06-18,2025-06-19,1,Delayed
ORD002017,SUP0006,PRD0037,2026-07-04,1486,Standard,2026-07-16,2026-07-16,0,On Time
ORD002018,SUP0033,PRD0022,2025-02-09,777,Standard,2025-02-15,2025-02-14,0,On Time
ORD002019,SUP0051,PRD0024,2025-08-27,1379,High,2025-09-01,2025-08-31,0,On Time
ORD002020,SUP0014,PRD0002,2026-08-24,1424,Standard,2026-08-27,2026-09-02,6,Delayed
ORD002021,SUP0025,PRD0039,2025-09-07,157,Standard,2025-09-15,2025-09-14,0,On Time
ORD002022,SUP0036,PRD0045,2026-07-22,377,Standard,2026-07-28,2026-07-28,0,On Time
ORD002023,SUP0060,PRD0018,2026-05-30,970,Standard,2026-06-06,2026-06-05,0,On Time
ORD002024,SUP0003,PRD0028,2025-07-26,1399,Standard,2025-08-04,2025-08-07,3,Delayed
ORD002025,SUP0032,PRD0030,2024-12-09,1883,Standard,2024-12-15,2024-12-14,0,On Time
ORD002026,SUP0032,PRD0027,2024-12-17,314,Urgent,2024-12-23,2024-12-27,4,Delayed
ORD002027,SUP0043,PRD0020,2024-11-12,1876,Standard,2024-11-19,2024-11-22,3,Delayed
ORD002028,SUP0048,PRD0037,2024-12-05,1850,Standard,2024-12-12,2024-12-11,0,On Time
ORD002029,SUP0016,PRD0010,2025-03-31,1431,High,2025-04-08,2025-04-07,0,On Time
ORD002030,SUP0050,PRD0013,2025-10-16,358,Standard,2025-10-18,2025-10-17,0,On Time
ORD002031,SUP0058,PRD0016,2026-01-13,867,High,2026-01-19,2026-01-19,0,On Time
ORD002032,SUP0052,PRD0035,2025-11-16,1549,Standard,2025-11-25,2025-11-24,0,On Time
ORD002033,SUP0046,PRD0001,2025-10-01,22,High,2025-10-04,2025-10-03,0,On Time
ORD002034,SUP0033,PRD0044,2025-10-28,1314,Urgent,2025-11-03,2025-11-03,0,On Time
ORD002035,SUP0006,PRD0010,2025-03-13,698,Standard,2025-03-25,2025-03-25,0,On Time
ORD002036,SUP0031,PRD0002,2024-10-03,1419,Standard,2024-10-12,2024-10-12,0,On Time
ORD002037,SUP0051,PRD0005,2026-06-16,742,Standard,2026-06-21,2026-06-21,0,On Time
ORD002038,SUP0054,PRD0021,2026-09-24,660,Standard,2026-09-30,,,In Transit
ORD002039,SUP0022,PRD0041,2024-12-18,1575,Standard,2024-12-26,2024-12-26,0,On Time
ORD002040,SUP0033,PRD0005,2026-03-06,91,Standard,2026-03-12,2026-03-11,0,On Time
ORD002041,SUP0042,PRD0036,2024-10-25,434,Standard,2024-11-01,2024-11-01,0,On Time
ORD002042,SUP0005,PRD0004,2025-07-21,1003,Standard,2025-08-02,2025-08-01,0,On Time
ORD002043,SUP0008,PRD0013,2025-04-25,31,High,2025-05-04,2025-05-03,0,On Time
ORD002044,SUP0043,PRD0027,2026-05-08,466,Standard,2026-05-15,2026-05-15,0,On Time
ORD002045,SUP0012,PRD0037,2024-10-26,1502,Standard,2024-10-31,2024-10-30,0,On Time
ORD002046,SUP0038,PRD0026,2026-09-05,18,Standard,2026-09-12,2026-09-12,0,On Time
ORD002047,SUP0019,PRD0022,2026-02-06,1242,Standard,2026-02-10,2026-02-09,0,On Time
ORD002048,SUP0009,PRD0011,2024-12-27,677,Standard,2025-01-02,2025-01-01,0,On Time
ORD002049,SUP0007,PRD0001,2026-09-09,1243,Standard,2026-09-20,2026-09-21,1,Delayed
ORD002050,SUP0023,PRD0009,2026-04-28,367,Standard,2026-05-05,2026-05-05,0,On Time
ORD002051,SUP0053,PRD0016,2026-09-15,1168,High,2026-09-20,2026-09-20,0,On Time
ORD002052,SUP0007,PRD0003,2025-06-11,1682,Standard,2025-06-22,2025-06-23,1,Delayed
ORD002053,SUP0042,PRD0045,2024-10-09,720,Urgent,2024-10-16,2024-10-16,0,On Time
ORD002054,SUP0037,PRD0023,2025-12-23,1665,Standard,2025-12-30,2025-12-30,0,On Time
ORD002055,SUP0024,PRD0016,2025-04-30,987,Standard,2025-05-08,2025-05-07,0,On Time
ORD002056,SUP0009,PRD0001,2026-08-29,899,Standard,2026-09-04,2026-09-03,0,On Time
ORD002057,SUP0022,PRD0033,2025-09-15,77,Standard,2025-09-23,2025-09-23,0,On Time
ORD002058,SUP0013,PRD0018,2026-02-22,614,Urgent,2026-02-27,2026-02-26,0,On Time
ORD002059,SUP0017,PRD0015,2025-02-09,1100,Standard,2025-02-13,2025-02-12,0,On Time
ORD002060,SUP0031,PRD0016,2024-12-07,331,Standard,2024-12-16,2024-12-23,7,Delayed
ORD002061,SUP0034,PRD0012,2026-04-29,974,Standard,2026-05-03,2026-05-03,0,On Time
ORD002062,SUP0011,PRD0003,2026-05-19,630,Standard,2026-05-24,2026-05-24,0,On Time
ORD002063,SUP0011,PRD0008,2026-08-04,362,Standard,2026-08-09,2026-08-08,0,On Time
ORD002064,SUP0040,PRD0040,2025-05-15,1505,Urgent,2025-05-21,2025-05-27,6,Delayed
ORD002065,SUP0033,PRD0041,2026-08-15,703,Standard,2026-08-21,2026-08-21,0,On Time
ORD002066,SUP0032,PRD0010,2026-08-30,39,Standard,2026-09-05,2026-09-04,0,On Time
ORD002067,SUP0007,PRD0022,2025-05-30,1388,Urgent,2025-06-10,2025-06-09,0,On Time
ORD002068,SUP0026,PRD0023,2024-10-26,1413,Standard,2024-11-02,2024-11-03,1,Delayed
ORD002069,SUP0049,PRD0038,2025-07-27,1619,Standard,2025-08-03,2025-08-03,0,On Time
ORD002070,SUP0001,PRD0022,2026-04-05,1474,Standard,2026-04-17,2026-04-17,0,On Time
ORD002071,SUP0058,PRD0004,2026-05-14,913,Standard,2026-05-20,2026-05-20,0,On Time
ORD002072,SUP0056,PRD0008,2025-04-16,1920,Standard,2025-04-21,2025-04-23,2,Delayed
ORD002073,SUP0034,PRD0015,2026-07-21,871,High,2026-07-25,2026-07-25,0,On Time
ORD002074,SUP0011,PRD0026,2025-03-31,1118,High,2025-04-05,2025-04-04,0,On Time
ORD002075,SUP0023,PRD0011,2025-10-10,1963,Standard,2025-10-17,2025-10-16,0,On Time
ORD002076,SUP0058,PRD0025,2025-10-09,1620,Standard,2025-10-15,2025-10-15,0,On Time
ORD002077,SUP0011,PRD0031,2025-09-26,1321,Standard,2025-10-01,2025-10-03,2,Delayed
ORD002078,SUP0009,PRD0014,2024-12-23,1738,Urgent,2024-12-29,2025-01-03,5,Delayed
ORD002079,SUP0058,PRD0011,2025-01-10,791,Urgent,2025-01-16,2025-01-16,0,On Time
ORD002080,SUP0047,PRD0037,2026-07-30,1615,Standard,2026-08-04,2026-08-04,0,On Time
ORD002081,SUP0011,PRD0039,2026-08-19,981,Standard,2026-08-24,2026-08-23,0,On Time
ORD002082,SUP0023,PRD0020,2026-05-15,658,Standard,2026-05-22,2026-05-29,7,Delayed
ORD002083,SUP0039,PRD0025,2026-08-16,270,Standard,2026-08-20,2026-08-19,0,On Time
ORD002084,SUP0019,PRD0015,2025-10-15,456,Standard,2025-10-19,2025-10-20,1,Delayed
ORD002085,SUP0014,PRD0001,2025-05-08,589,Standard,2025-05-11,2025-05-11,0,On Time
ORD002086,SUP0008,PRD0035,2026-07-20,1760,High,2026-07-29,2026-07-28,0,On Time
ORD002087,SUP0020,PRD0010,2025-11-09,534,Standard,2025-11-13,2025-11-12,0,On Time
ORD002088,SUP0041,PRD0041,2026-08-25,102,Standard,2026-08-29,2026-08-28,0,On Time
ORD002089,SUP0054,PRD0024,2025-01-09,1344,Standard,2025-01-15,2025-01-15,0,On Time
ORD002090,SUP0001,PRD0033,2025-07-29,839,High,2025-08-10,2025-08-15,5,Delayed
ORD002091,SUP0018,PRD0016,2024-11-02,314,Standard,2024-11-08,2024-11-07,0,On Time
ORD002092,SUP0021,PRD0019,2024-11-27,1583,Standard,2024-12-04,2024-12-03,0,On Time
ORD002093,SUP0001,PRD0017,2025-11-12,715,Urgent,2025-11-24,2025-11-25,1,Delayed
ORD002094,SUP0007,PRD0021,2026-05-31,1813,Standard,2026-06-11,2026-06-11,0,On Time
ORD002095,SUP0025,PRD0015,2025-10-01,1916,Standard,2025-10-09,2025-10-09,0,On Time
ORD002096,SUP0012,PRD0019,2026-03-18,1376,Standard,2026-03-23,2026-03-22,0,On Time
ORD002097,SUP0036,PRD0040,2026-01-23,1186,Standard,2026-01-29,2026-01-29,0,On Time
ORD002098,SUP0013,PRD0034,2025-06-30,98,Standard,2025-07-05,2025-07-04,0,On Time
ORD002099,SUP0021,PRD0010,2025-03-26,1079,Standard,2025-04-02,2025-04-02,0,On Time
ORD002100,SUP0008,PRD0036,2025-02-08,948,Standard,2025-02-17,2025-02-16,0,On Time
ORD002101,SUP0026,PRD0029,2026-02-08,1992,High,2026-02-15,2026-02-15,0,On Time
ORD002102,SUP0040,PRD0023,2025-03-18,848,Standard,2025-03-24,2025-03-23,0,On Time
ORD002103,SUP0003,PRD0010,2025-10-07,850,Standard,2025-10-16,2025-10-17,1,Delayed
ORD002104,SUP0022,PRD0039,2025-09-23,840,High,2025-10-01,2025-09-30,0,On Time
ORD002105,SUP0017,PRD0032,2025-11-13,85,Standard,2025-11-17,2025-11-19,2,Delayed
ORD002106,SUP0004,PRD0012,2025-08-07,1607,High,2025-08-19,2025-08-19,0,On Time
ORD002107,SUP0045,PRD0033,2026-03-21,899,Standard,2026-03-27,2026-03-27,0,On Time
ORD002108,SUP0005,PRD0021,2024-12-15,728,Standard,2024-12-27,2024-12-27,0,On Time
ORD002109,SUP0043,PRD0036,2025-04-18,1768,Standard,2025-04-25,2025-04-25,0,On Time
ORD002110,SUP0050,PRD0032,2025-10-10,725,Standard,2025-10-12,2025-10-11,0,On Time
ORD002111,SUP0015,PRD0016,2025-03-20,1527,Standard,2025-03-26,2025-03-26,0,On Time
ORD002112,SUP0048,PRD0037,2026-06-03,784,High,2026-06-10,2026-06-09,0,On Time
ORD002113,SUP0007,PRD0041,2026-09-14,1491,Standard,2026-09-25,2026-09-28,3,Delayed
ORD002114,SUP0042,PRD0012,2024-12-11,1777,High,2024-12-18,2024-12-17,0,On Time
ORD002115,SUP0035,PRD0044,2026-05-31,230,Standard,2026-06-05,2026-06-06,1,Delayed
ORD002116,SUP0015,PRD0005,2026-04-28,854,High,2026-05-04,2026-05-03,0,On Time
ORD002117,SUP0036,PRD0032,2025-03-12,1437,Standard,2025-03-18,2025-03-18,0,On Time
ORD002118,SUP0037,PRD0014,2025-08-16,383,Standard,2025-08-23,2025-08-22,0,On Time
ORD002119,SUP0026,PRD0045,2024-11-03,1664,Standard,2024-11-10,2024-11-09,0,On Time
ORD002120,SUP0051,PRD0028,2026-02-25,1911,High,2026-03-02,2026-03-01,0,On Time
ORD002121,SUP0012,PRD0023,2026-07-10,577,High,2026-07-15,2026-07-14,0,On Time
ORD002122,SUP0019,PRD0039,2025-11-01,1693,Standard,2025-11-05,2025-11-08,3,Delayed
ORD002123,SUP0028,PRD0020,2026-03-21,1718,Standard,2026-03-30,2026-03-30,0,On Time
ORD002124,SUP0060,PRD0019,2025-02-27,1150,High,2025-03-06,2025-03-06,0,On Time
ORD002125,SUP0027,PRD0023,2025-12-14,279,Standard,2025-12-20,2025-12-22,2,Delayed
ORD002126,SUP0043,PRD0020,2024-11-11,62,Urgent,2024-11-18,2024-11-17,0,On Time
ORD002127,SUP0015,PRD0039,2026-03-02,168,Urgent,2026-03-08,2026-03-07,0,On Time
ORD002128,SUP0031,PRD0041,2025-02-07,840,Standard,2025-02-16,2025-02-16,0,On Time
ORD002129,SUP0049,PRD0010,2025-11-26,706,Standard,2025-12-03,2025-12-09,6,Delayed
ORD002130,SUP0015,PRD0009,2025-09-03,748,High,2025-09-09,2025-09-09,0,On Time
ORD002131,SUP0042,PRD0001,2025-11-08,1213,Standard,2025-11-15,2025-11-15,0,On Time
ORD002132,SUP0056,PRD0002,2026-01-28,1859,High,2026-02-02,2026-02-01,0,On Time
ORD002133,SUP0029,PRD0001,2026-09-09,1536,High,2026-09-14,2026-09-13,0,On Time
ORD002134,SUP0024,PRD0002,2025-09-05,1093,High,2025-09-13,2025-09-13,0,On Time
ORD002135,SUP0027,PRD0023,2025-04-10,755,Standard,2025-04-16,2025-04-16,0,On Time
ORD002136,SUP0045,PRD0035,2025-10-30,1363,Standard,2025-11-05,2025-11-04,0,On Time
ORD002137,SUP0054,PRD0038,2026-02-28,872,Standard,2026-03-06,2026-03-06,0,On Time
ORD002138,SUP0012,PRD0035,2025-10-20,163,Standard,2025-10-25,2025-10-24,0,On Time
ORD002139,SUP0002,PRD0045,2025-09-27,125,Standard,2025-10-06,2025-10-12,6,Delayed
ORD002140,SUP0002,PRD0014,2024-11-09,496,Standard,2024-11-18,2024-11-18,0,On Time
ORD002141,SUP0023,PRD0024,2025-04-04,1892,Standard,2025-04-11,2025-04-15,4,Delayed
ORD002142,SUP0041,PRD0041,2026-05-11,53,Standard,2026-05-15,2026-05-15,0,On Time
ORD002143,SUP0007,PRD0028,2026-01-05,1713,Standard,2026-01-16,2026-01-23,7,Delayed
ORD002144,SUP0012,PRD0027,2026-06-14,1867,Standard,2026-06-19,2026-06-19,0,On Time
ORD002145,SUP0036,PRD0003,2025-08-16,399,High,2025-08-22,2025-08-22,0,On Time
ORD002146,SUP0055,PRD0043,2025-11-24,1855,Standard,2025-12-03,2025-12-02,0,On Time
ORD002147,SUP0001,PRD0010,2025-03-02,267,Standard,2025-03-14,2025-03-13,0,On Time
ORD002148,SUP0041,PRD0034,2025-09-13,541,Standard,2025-09-17,2025-09-21,4,Delayed
ORD002149,SUP0041,PRD0014,2025-10-12,640,Standard,2025-10-16,2025-10-16,0,On Time
ORD002150,SUP0029,PRD0016,2026-08-18,45,Standard,2026-08-23,2026-08-29,6,Delayed
ORD002151,SUP0004,PRD0012,2025-08-04,1157,Standard,2025-08-16,2025-08-15,0,On Time
ORD002152,SUP0030,PRD0019,2025-12-15,1571,Standard,2025-12-24,2025-12-23,0,On Time
ORD002153,SUP0050,PRD0013,2025-12-29,1256,Urgent,2025-12-31,2025-12-31,0,On Time
ORD002154,SUP0018,PRD0011,2025-03-09,469,Standard,2025-03-15,2025-03-15,0,On Time
ORD002155,SUP0004,PRD0018,2025-05-09,1092,Standard,2025-05-21,2025-05-20,0,On Time
ORD002156,SUP0038,PRD0032,2026-02-17,81,Standard,2026-02-24,2026-02-24,0,On Time
ORD002157,SUP0056,PRD0022,2025-04-18,1067,Standard,2025-04-23,2025-04-22,0,On Time
ORD002158,SUP0048,PRD0026,2024-12-17,750,Standard,2024-12-24,2024-12-24,0,On Time
ORD002159,SUP0055,PRD0029,2025-07-15,1531,Standard,2025-07-24,2025-07-24,0,On Time
ORD002160,SUP0040,PRD0034,2025-11-01,1412,Standard,2025-11-07,2025-11-06,0,On Time
ORD002161,SUP0057,PRD0022,2025-02-22,640,Standard,2025-02-27,2025-02-27,0,On Time
ORD002162,SUP0015,PRD0031,2024-10-09,1537,Standard,2024-10-15,2024-10-15,0,On Time
ORD002163,SUP0030,PRD0020,2025-09-17,900,Urgent,2025-09-26,2025-09-26,0,On Time
ORD002164,SUP0054,PRD0018,2025-04-09,112,Standard,2025-04-15,2025-04-15,0,On Time
ORD002165,SUP0053,PRD0006,2026-01-05,275,Standard,2026-01-10,2026-01-12,2,Delayed
ORD002166,SUP0060,PRD0032,2026-09-10,513,Standard,2026-09-17,2026-09-16,0,On Time
ORD002167,SUP0049,PRD0040,2026-07-16,1565,Standard,2026-07-23,2026-07-22,0,On Time
ORD002168,SUP0042,PRD0009,2025-12-10,1544,Standard,2025-12-17,2025-12-16,0,On Time
ORD002169,SUP0048,PRD0035,2025-12-22,1696,Standard,2025-12-29,2025-12-28,0,On Time
ORD002170,SUP0036,PRD0025,2025-06-16,44,High,2025-06-22,2025-06-22,0,On Time
ORD002171,SUP0014,PRD0019,2025-01-27,198,Standard,2025-01-30,2025-01-29,0,On Time
ORD002172,SUP0011,PRD0012,2025-06-08,1310,High,2025-06-13,2025-06-13,0,On Time
ORD002173,SUP0038,PRD0001,2026-03-29,345,Standard,2026-04-05,2026-04-04,0,On Time
ORD002174,SUP0054,PRD0041,2026-03-10,1924,Standard,2026-03-16,2026-03-21,5,Delayed
ORD002175,SUP0008,PRD0003,2026-02-18,1885,Standard,2026-02-27,2026-02-26,0,On Time
ORD002176,SUP0044,PRD0008,2026-08-31,703,Standard,2026-09-06,2026-09-06,0,On Time
ORD002177,SUP0025,PRD0042,2026-08-26,1047,High,2026-09-03,2026-09-03,0,On Time
ORD002178,SUP0010,PRD0037,2026-02-04,493,Standard,2026-02-11,2026-02-11,0,On Time
ORD002179,SUP0010,PRD0024,2025-11-08,1102,Urgent,2025-11-15,2025-11-14,0,On Time
ORD002180,SUP0013,PRD0008,2024-12-07,72,Standard,2024-12-12,2024-12-12,0,On Time
ORD002181,SUP0034,PRD0037,2024-11-23,1837,Standard,2024-11-27,2024-11-26,0,On Time
ORD002182,SUP0021,PRD0033,2025-03-14,1620,Standard,2025-03-21,2025-03-20,0,On Time
ORD002183,SUP0051,PRD0038,2025-02-04,1447,Standard,2025-02-09,2025-02-08,0,On Time
ORD002184,SUP0057,PRD0029,2025-10-08,1033,High,2025-10-13,2025-10-12,0,On Time
ORD002185,SUP0034,PRD0035,2026-02-04,831,Standard,2026-02-08,2026-02-07,0,On Time
ORD002186,SUP0016,PRD0040,2025-03-12,1555,Standard,2025-03-20,2025-03-19,0,On Time
ORD002187,SUP0011,PRD0031,2025-08-10,516,Standard,2025-08-15,2025-08-14,0,On Time
ORD002188,SUP0059,PRD0028,2026-08-28,1151,Standard,2026-09-02,2026-09-01,0,On Time
ORD002189,SUP0060,PRD0037,2025-08-08,767,Standard,2025-08-15,2025-08-15,0,On Time
ORD002190,SUP0014,PRD0012,2024-11-23,150,High,2024-11-26,2024-11-26,0,On Time
ORD002191,SUP0020,PRD0036,2026-06-27,747,Standard,2026-07-01,2026-07-01,0,On Time
ORD002192,SUP0008,PRD0036,2026-08-24,1868,Standard,2026-09-02,2026-09-02,0,On Time
ORD002193,SUP0049,PRD0040,2025-02-19,378,Standard,2025-02-26,2025-02-26,0,On Time
ORD002194,SUP0036,PRD0009,2025-03-13,611,High,2025-03-19,2025-03-19,0,On Time
ORD002195,SUP0055,PRD0020,2025-09-18,1401,Standard,2025-09-27,2025-09-27,0,On Time
ORD002196,SUP0035,PRD0032,2025-02-03,1368,High,2025-02-08,2025-02-10,2,Delayed
ORD002197,SUP0038,PRD0008,2025-12-15,1245,Standard,2025-12-22,2025-12-22,0,On Time
ORD002198,SUP0060,PRD0020,2024-10-31,1275,High,2024-11-07,2024-11-06,0,On Time
ORD002199,SUP0051,PRD0014,2025-11-02,1803,High,2025-11-07,2025-11-07,0,On Time
ORD002200,SUP0051,PRD0026,2025-12-02,1954,Standard,2025-12-07,2025-12-07,0,On Time
ORD002201,SUP0031,PRD0012,2026-05-16,658,Standard,2026-05-25,2026-05-25,0,On Time
ORD002202,SUP0044,PRD0024,2025-03-10,1634,Standard,2025-03-16,2025-03-15,0,On Time
ORD002203,SUP0052,PRD0035,2026-02-19,279,Standard,2026-02-28,2026-02-27,0,On Time
ORD002204,SUP0029,PRD0025,2025-06-05,1406,Standard,2025-06-10,2025-06-10,0,On Time
ORD002205,SUP0058,PRD0014,2025-12-27,1075,Standard,2026-01-02,2026-01-01,0,On Time
ORD002206,SUP0011,PRD0031,2026-05-02,399,High,2026-05-07,2026-05-07,0,On Time
ORD002207,SUP0027,PRD0026,2026-08-20,384,Standard,2026-08-26,2026-08-25,0,On Time
ORD002208,SUP0046,PRD0031,2025-09-28,862,High,2025-10-01,2025-09-30,0,On Time
ORD002209,SUP0054,PRD0032,2026-06-08,1911,High,2026-06-14,2026-06-13,0,On Time
ORD002210,SUP0050,PRD0014,2026-02-22,966,Standard,2026-02-24,2026-02-24,0,On Time
ORD002211,SUP0003,PRD0011,2024-11-20,1416,Standard,2024-11-29,2024-11-29,0,On Time
ORD002212,SUP0007,PRD0018,2024-10-03,1213,High,2024-10-14,2024-10-14,0,On Time
ORD002213,SUP0047,PRD0007,2025-07-23,568,Standard,2025-07-28,2025-07-28,0,On Time
ORD002214,SUP0011,PRD0035,2025-11-26,1961,Standard,2025-12-01,2025-12-01,0,On Time
ORD002215,SUP0012,PRD0020,2026-05-26,1724,Standard,2026-05-31,2026-05-31,0,On Time
ORD002216,SUP0011,PRD0006,2026-02-16,598,Standard,2026-02-21,2026-02-21,0,On Time
ORD002217,SUP0024,PRD0008,2025-11-14,17,Standard,2025-11-22,2025-11-22,0,On Time
ORD002218,SUP0003,PRD0030,2025-08-16,1973,Standard,2025-08-25,2025-08-25,0,On Time
ORD002219,SUP0020,PRD0041,2026-04-18,257,High,2026-04-22,2026-04-22,0,On Time
ORD002220,SUP0003,PRD0025,2026-08-29,1969,Standard,2026-09-07,2026-09-06,0,On Time
ORD002221,SUP0053,PRD0033,2025-07-11,68,High,2025-07-16,2025-07-16,0,On Time
ORD002222,SUP0057,PRD0024,2025-11-28,65,Standard,2025-12-03,2025-12-03,0,On Time
ORD002223,SUP0007,PRD0038,2025-09-26,644,Standard,2025-10-07,2025-10-06,0,On Time
ORD002224,SUP0010,PRD0045,2025-03-24,537,Standard,2025-03-31,2025-03-31,0,On Time
ORD002225,SUP0031,PRD0038,2025-09-04,1109,High,2025-09-13,2025-09-13,0,On Time
ORD002226,SUP0056,PRD0044,2025-12-15,378,High,2025-12-20,2025-12-25,5,Delayed
ORD002227,SUP0003,PRD0014,2026-01-05,238,High,2026-01-14,2026-01-18,4,Delayed
ORD002228,SUP0026,PRD0011,2025-01-21,1594,Standard,2025-01-28,2025-01-27,0,On Time
ORD002229,SUP0053,PRD0007,2025-11-30,1458,Standard,2025-12-05,2025-12-05,0,On Time
ORD002230,SUP0054,PRD0010,2025-07-15,1490,Standard,2025-07-21,2025-07-20,0,On Time
ORD002231,SUP0036,PRD0012,2025-04-07,1985,High,2025-04-13,2025-04-13,0,On Time
ORD002232,SUP0053,PRD0004,2024-11-19,282,Urgent,2024-11-24,2024-11-23,0,On Time
ORD002233,SUP0017,PRD0024,2026-05-16,1921,Standard,2026-05-20,2026-05-19,0,On Time
ORD002234,SUP0009,PRD0009,2026-04-24,374,High,2026-04-30,2026-04-29,0,On Time
ORD002235,SUP0004,PRD0012,2024-12-13,1609,Standard,2024-12-25,2024-12-24,0,On Time
ORD002236,SUP0004,PRD0002,2025-10-18,1173,Standard,2025-10-30,2025-11-02,3,Delayed
ORD002237,SUP0038,PRD0018,2026-08-11,1324,High,2026-08-18,2026-08-18,0,On Time
ORD002238,SUP0019,PRD0029,2026-01-24,211,High,2026-01-28,2026-01-27,0,On Time
ORD002239,SUP0008,PRD0016,2025-04-11,1412,Standard,2025-04-20,2025-04-20,0,On Time
ORD002240,SUP0007,PRD0034,2025-11-29,865,Standard,2025-12-10,2025-12-09,0,On Time
ORD002241,SUP0019,PRD0028,2025-10-18,1857,Standard,2025-10-22,2025-10-21,0,On Time
ORD002242,SUP0046,PRD0009,2025-01-09,632,Standard,2025-01-12,2025-01-12,0,On Time
ORD002243,SUP0057,PRD0033,2025-06-08,223,High,2025-06-13,2025-06-13,0,On Time
ORD002244,SUP0044,PRD0006,2025-08-01,1274,Standard,2025-08-07,2025-08-06,0,On Time
ORD002245,SUP0037,PRD0032,2026-07-20,1351,Standard,2026-07-27,2026-08-02,6,Delayed
ORD002246,SUP0048,PRD0011,2025-03-20,910,High,2025-03-27,2025-03-26,0,On Time
ORD002247,SUP0032,PRD0013,2026-07-13,450,Standard,2026-07-19,2026-07-18,0,On Time
ORD002248,SUP0042,PRD0025,2025-01-06,991,Standard,2025-01-13,2025-01-12,0,On Time
ORD002249,SUP0020,PRD0025,2025-03-01,809,Standard,2025-03-05,2025-03-04,0,On Time
ORD002250,SUP0002,PRD0035,2025-02-28,1393,Standard,2025-03-09,2025-03-09,0,On Time
ORD002251,SUP0038,PRD0012,2026-05-17,1010,Standard,2026-05-24,2026-05-23,0,On Time
ORD002252,SUP0034,PRD0009,2026-04-10,997,Standard,2026-04-14,2026-04-13,0,On Time
ORD002253,SUP0015,PRD0035,2026-06-15,1758,Standard,2026-06-21,2026-06-20,0,On Time
ORD002254,SUP0054,PRD0035,2024-11-23,1046,Standard,2024-11-29,2024-11-29,0,On Time
ORD002255,SUP0044,PRD0011,2025-04-30,54,Standard,2025-05-06,2025-05-05,0,On Time
ORD002256,SUP0028,PRD0016,2026-04-20,1924,Standard,2026-04-29,2026-04-28,0,On Time
ORD002257,SUP0057,PRD0008,2024-12-15,1857,Standard,2024-12-20,2024-12-20,0,On Time
ORD002258,SUP0025,PRD0010,2026-09-05,498,Standard,2026-09-13,2026-09-12,0,On Time
ORD002259,SUP0048,PRD0042,2026-05-11,1890,Standard,2026-05-18,2026-05-17,0,On Time
ORD002260,SUP0036,PRD0042,2026-08-23,1307,Standard,2026-08-29,2026-08-29,0,On Time
ORD002261,SUP0037,PRD0037,2025-12-22,1574,Standard,2025-12-29,2025-12-31,2,Delayed
ORD002262,SUP0032,PRD0022,2025-01-07,1437,Standard,2025-01-13,2025-01-12,0,On Time
ORD002263,SUP0023,PRD0042,2025-11-09,1250,Standard,2025-11-16,2025-11-16,0,On Time
ORD002264,SUP0022,PRD0028,2026-01-21,1579,Standard,2026-01-29,2026-01-29,0,On Time
ORD002265,SUP0054,PRD0036,2024-12-29,1957,High,2025-01-04,2025-01-04,0,On Time
ORD002266,SUP0023,PRD0012,2024-12-14,1322,Standard,2024-12-21,2024-12-21,0,On Time
ORD002267,SUP0026,PRD0044,2026-08-12,581,Standard,2026-08-19,2026-08-19,0,On Time
ORD002268,SUP0050,PRD0002,2025-04-05,428,Standard,2025-04-07,2025-04-06,0,On Time
ORD002269,SUP0032,PRD0042,2026-04-03,14,Standard,2026-04-09,2026-04-08,0,On Time
ORD002270,SUP0057,PRD0017,2025-02-08,988,Standard,2025-02-13,2025-02-13,0,On Time
ORD002271,SUP0055,PRD0032,2026-08-31,621,Standard,2026-09-09,2026-09-09,0,On Time
ORD002272,SUP0008,PRD0038,2025-11-16,1889,Standard,2025-11-25,2025-11-30,5,Delayed
ORD002273,SUP0016,PRD0042,2026-07-06,1549,Standard,2026-07-14,2026-07-13,0,On Time
ORD002274,SUP0037,PRD0043,2026-02-26,907,Standard,2026-03-05,2026-03-04,0,On Time
ORD002275,SUP0005,PRD0013,2025-06-03,1773,High,2025-06-15,2025-06-21,6,Delayed
ORD002276,SUP0009,PRD0015,2026-07-13,451,Standard,2026-07-19,2026-07-18,0,On Time
ORD002277,SUP0024,PRD0028,2026-07-13,1098,Standard,2026-07-21,2026-07-21,0,On Time
ORD002278,SUP0034,PRD0002,2025-07-28,1695,High,2025-08-01,2025-08-01,0,On Time
ORD002279,SUP0001,PRD0041,2025-10-30,333,High,2025-11-11,2025-11-11,0,On Time
ORD002280,SUP0003,PRD0036,2025-03-10,1937,High,2025-03-19,2025-03-25,6,Delayed
ORD002281,SUP0036,PRD0016,2026-01-14,1564,High,2026-01-20,2026-01-20,0,On Time
ORD002282,SUP0034,PRD0036,2026-04-12,1343,Standard,2026-04-16,2026-04-15,0,On Time
ORD002283,SUP0041,PRD0019,2025-10-11,1938,Standard,2025-10-15,2025-10-15,0,On Time
ORD002284,SUP0042,PRD0031,2025-07-25,1869,Standard,2025-08-01,2025-08-01,0,On Time
ORD002285,SUP0040,PRD0001,2026-03-04,1048,Urgent,2026-03-10,2026-03-09,0,On Time
ORD002286,SUP0030,PRD0020,2025-03-17,761,Standard,2025-03-26,2025-03-25,0,On Time
ORD002287,SUP0008,PRD0041,2026-06-19,520,Standard,2026-06-28,2026-06-27,0,On Time
ORD002288,SUP0028,PRD0022,2025-07-20,1697,High,2025-07-29,2025-07-29,0,On Time
ORD002289,SUP0005,PRD0028,2025-04-26,1821,Standard,2025-05-08,2025-05-08,0,On Time
ORD002290,SUP0054,PRD0032,2025-01-03,745,Standard,2025-01-09,2025-01-11,2,Delayed
ORD002291,SUP0014,PRD0019,2026-06-26,762,Standard,2026-06-29,2026-06-29,0,On Time
ORD002292,SUP0045,PRD0030,2024-11-28,520,Standard,2024-12-04,2024-12-04,0,On Time
ORD002293,SUP0016,PRD0011,2025-11-23,245,Standard,2025-12-01,2025-11-30,0,On Time
ORD002294,SUP0014,PRD0041,2025-05-28,1798,Standard,2025-05-31,2025-05-30,0,On Time
ORD002295,SUP0046,PRD0006,2026-08-31,812,Urgent,2026-09-03,2026-09-02,0,On Time
ORD002296,SUP0020,PRD0039,2025-08-05,637,Standard,2025-08-09,2025-08-08,0,On Time
ORD002297,SUP0041,PRD0030,2026-03-31,399,High,2026-04-04,2026-04-04,0,On Time
ORD002298,SUP0012,PRD0040,2024-12-20,629,Standard,2024-12-25,2024-12-25,0,On Time
ORD002299,SUP0031,PRD0027,2026-06-22,895,Standard,2026-07-01,2026-07-01,0,On Time
ORD002300,SUP0015,PRD0022,2026-08-29,755,Standard,2026-09-04,2026-09-03,0,On Time
ORD002301,SUP0042,PRD0008,2026-02-01,1060,Standard,2026-02-08,2026-02-08,0,On Time
ORD002302,SUP0052,PRD0041,2026-07-07,1337,Standard,2026-07-16,2026-07-16,0,On Time
ORD002303,SUP0010,PRD0021,2026-05-04,488,Standard,2026-05-11,2026-05-10,0,On Time
ORD002304,SUP0022,PRD0031,2026-03-19,1044,Standard,2026-03-27,2026-03-26,0,On Time
ORD002305,SUP0009,PRD0008,2025-09-27,850,Standard,2025-10-03,2025-10-02,0,On Time
ORD002306,SUP0027,PRD0004,2026-01-06,1802,Standard,2026-01-12,2026-01-12,0,On Time
ORD002307,SUP0010,PRD0015,2026-08-24,989,Standard,2026-08-31,2026-08-30,0,On Time
ORD002308,SUP0014,PRD0043,2026-09-04,1582,Standard,2026-09-07,2026-09-06,0,On Time
ORD002309,SUP0015,PRD0036,2026-09-08,710,High,2026-09-14,2026-09-14,0,On Time
ORD002310,SUP0052,PRD0003,2025-06-21,963,Standard,2025-06-30,2025-06-29,0,On Time
ORD002311,SUP0022,PRD0002,2026-03-05,190,Standard,2026-03-13,2026-03-12,0,On Time
ORD002312,SUP0041,PRD0011,2026-03-09,106,Standard,2026-03-13,2026-03-12,0,On Time
ORD002313,SUP0021,PRD0011,2025-01-15,691,Standard,2025-01-22,2025-01-22,0,On Time
ORD002314,SUP0013,PRD0010,2026-06-05,1812,Standard,2026-06-10,2026-06-10,0,On Time
ORD002315,SUP0046,PRD0033,2025-02-14,374,High,2025-02-17,2025-02-17,0,On Time
ORD002316,SUP0056,PRD0038,2026-06-03,1180,High,2026-06-08,2026-06-07,0,On Time
ORD002317,SUP0026,PRD0004,2026-04-26,1333,Urgent,2026-05-03,2026-05-03,0,On Time
ORD002318,SUP0049,PRD0016,2026-07-12,1165,High,2026-07-19,2026-07-19,0,On Time
ORD002319,SUP0013,PRD0027,2026-07-31,1694,Standard,2026-08-05,2026-08-05,0,On Time
ORD002320,SUP0002,PRD0024,2025-03-18,1730,Urgent,2025-03-27,2025-03-26,0,On Time
ORD002321,SUP0022,PRD0010,2025-09-30,1075,Standard,2025-10-08,2025-10-07,0,On Time
ORD002322,SUP0025,PRD0014,2026-04-19,1324,Standard,2026-04-27,2026-04-27,0,On Time
ORD002323,SUP0004,PRD0008,2024-10-13,516,High,2024-10-25,2024-10-27,2,Delayed
ORD002324,SUP0006,PRD0039,2025-03-08,249,Standard,2025-03-20,2025-03-25,5,Delayed
ORD002325,SUP0026,PRD0023,2025-01-26,18,Standard,2025-02-02,2025-02-02,0,On Time
ORD002326,SUP0049,PRD0037,2025-04-01,1236,Standard,2025-04-08,2025-04-08,0,On Time
ORD002327,SUP0019,PRD0005,2025-01-22,1876,Standard,2025-01-26,2025-01-26,0,On Time
ORD002328,SUP0023,PRD0024,2026-05-20,1539,Standard,2026-05-27,2026-05-26,0,On Time
ORD002329,SUP0047,PRD0005,2025-09-15,298,High,2025-09-20,2025-09-19,0,On Time
ORD002330,SUP0018,PRD0021,2025-03-01,1351,Urgent,2025-03-07,2025-03-13,6,Delayed
ORD002331,SUP0034,PRD0038,2024-11-09,1951,Standard,2024-11-13,2024-11-12,0,On Time
ORD002332,SUP0036,PRD0033,2024-10-29,1516,High,2024-11-04,2024-11-04,0,On Time
ORD002333,SUP0052,PRD0023,2024-11-27,1166,Standard,2024-12-06,2024-12-06,0,On Time
ORD002334,SUP0050,PRD0039,2026-08-11,481,Standard,2026-08-13,2026-08-12,0,On Time
ORD002335,SUP0035,PRD0036,2025-09-01,187,Standard,2025-09-06,2025-09-06,0,On Time
ORD002336,SUP0012,PRD0035,2026-05-04,110,Standard,2026-05-09,2026-05-08,0,On Time
ORD002337,SUP0004,PRD0026,2025-04-14,1436,Standard,2025-04-26,2025-04-25,0,On Time
ORD002338,SUP0033,PRD0017,2026-03-10,133,Standard,2026-03-16,2026-03-15,0,On Time
ORD002339,SUP0014,PRD0009,2024-11-06,801,Urgent,2024-11-09,2024-11-09,0,On Time
ORD002340,SUP0020,PRD0016,2024-11-05,415,Standard,2024-11-09,2024-11-08,0,On Time
ORD002341,SUP0032,PRD0019,2024-12-31,470,Standard,2025-01-06,2025-01-06,0,On Time
ORD002342,SUP0006,PRD0031,2025-09-05,1008,Standard,2025-09-17,2025-09-16,0,On Time
ORD002343,SUP0022,PRD0042,2026-08-29,1582,High,2026-09-06,2026-09-05,0,On Time
ORD002344,SUP0014,PRD0039,2025-04-19,728,Standard,2025-04-22,2025-04-21,0,On Time
ORD002345,SUP0032,PRD0033,2026-06-10,1983,Standard,2026-06-16,2026-06-16,0,On Time
ORD002346,SUP0045,PRD0021,2025-03-21,1005,High,2025-03-27,2025-03-27,0,On Time
ORD002347,SUP0011,PRD0026,2026-04-16,510,Standard,2026-04-21,2026-04-21,0,On Time
ORD002348,SUP0053,PRD0044,2025-02-11,462,Standard,2025-02-16,2025-02-15,0,On Time
ORD002349,SUP0027,PRD0005,2025-02-05,1758,Standard,2025-02-11,2025-02-10,0,On Time
ORD002350,SUP0021,PRD0037,2025-02-13,1387,Standard,2025-02-20,2025-02-19,0,On Time
ORD002351,SUP0054,PRD0039,2025-10-07,1017,Standard,2025-10-13,2025-10-15,2,Delayed
ORD002352,SUP0021,PRD0019,2025-09-25,98,Standard,2025-10-02,2025-10-02,0,On Time
ORD002353,SUP0056,PRD0019,2026-08-26,1274,Standard,2026-08-31,2026-08-30,0,On Time
ORD002354,SUP0007,PRD0024,2024-12-26,496,Standard,2025-01-06,2025-01-10,4,Delayed
ORD002355,SUP0029,PRD0009,2025-12-19,555,Standard,2025-12-24,2025-12-23,0,On Time
ORD002356,SUP0012,PRD0003,2026-05-24,1037,Standard,2026-05-29,2026-06-04,6,Delayed
ORD002357,SUP0019,PRD0003,2026-09-03,191,Standard,2026-09-07,2026-09-07,0,On Time
ORD002358,SUP0003,PRD0034,2024-10-30,930,Urgent,2024-11-08,2024-11-07,0,On Time
ORD002359,SUP0020,PRD0005,2025-02-23,1574,High,2025-02-27,2025-02-27,0,On Time
ORD002360,SUP0028,PRD0022,2025-01-04,619,Standard,2025-01-13,2025-01-13,0,On Time
ORD002361,SUP0012,PRD0029,2026-05-05,927,Standard,2026-05-10,2026-05-09,0,On Time
ORD002362,SUP0011,PRD0013,2026-05-16,266,Standard,2026-05-21,2026-05-28,7,Delayed
ORD002363,SUP0008,PRD0014,2026-07-15,260,Standard,2026-07-24,2026-07-23,0,On Time
ORD002364,SUP0018,PRD0021,2025-09-26,393,Standard,2025-10-02,2025-10-01,0,On Time
ORD002365,SUP0048,PRD0007,2025-04-01,664,Standard,2025-04-08,2025-04-08,0,On Time
ORD002366,SUP0011,PRD0019,2026-04-08,680,Standard,2026-04-13,2026-04-12,0,On Time
ORD002367,SUP0050,PRD0031,2026-06-25,1052,Standard,2026-06-27,2026-06-26,0,On Time
ORD002368,SUP0043,PRD0044,2025-06-27,1956,Standard,2025-07-04,2025-07-04,0,On Time
ORD002369,SUP0018,PRD0028,2025-02-03,1875,Standard,2025-02-09,2025-02-08,0,On Time
ORD002370,SUP0041,PRD0004,2025-05-19,1030,Standard,2025-05-23,2025-05-22,0,On Time
ORD002371,SUP0004,PRD0025,2026-05-19,373,High,2026-05-31,2026-05-30,0,On Time
ORD002372,SUP0045,PRD0035,2025-12-31,1023,High,2026-01-06,2026-01-06,0,On Time
ORD002373,SUP0056,PRD0030,2024-12-16,1085,Standard,2024-12-21,2024-12-27,6,Delayed
ORD002374,SUP0005,PRD0042,2025-04-30,1671,High,2025-05-12,2025-05-14,2,Delayed
ORD002375,SUP0037,PRD0002,2025-01-04,355,Standard,2025-01-11,2025-01-10,0,On Time
ORD002376,SUP0051,PRD0022,2026-01-28,1084,High,2026-02-02,2026-02-01,0,On Time
ORD002377,SUP0053,PRD0015,2026-06-09,668,Standard,2026-06-14,2026-06-14,0,On Time
ORD002378,SUP0017,PRD0023,2025-07-26,569,Standard,2025-07-30,2025-07-29,0,On Time
ORD002379,SUP0026,PRD0025,2026-02-14,932,Standard,2026-02-21,2026-02-21,0,On Time
ORD002380,SUP0058,PRD0029,2025-05-26,185,Standard,2025-06-01,2025-06-01,0,On Time
ORD002381,SUP0035,PRD0041,2024-11-08,134,Standard,2024-11-13,2024-11-14,1,Delayed
ORD002382,SUP0030,PRD0028,2026-06-26,1308,High,2026-07-05,2026-07-04,0,On Time
ORD002383,SUP0053,PRD0017,2025-08-10,1534,Standard,2025-08-15,2025-08-14,0,On Time
ORD002384,SUP0046,PRD0037,2026-02-10,689,Standard,2026-02-13,2026-02-12,0,On Time
ORD002385,SUP0023,PRD0007,2024-10-18,1514,High,2024-10-25,2024-10-25,0,On Time
ORD002386,SUP0048,PRD0022,2025-11-08,1251,Standard,2025-11-15,2025-11-20,5,Delayed
ORD002387,SUP0043,PRD0024,2025-04-22,1543,Standard,2025-04-29,2025-04-29,0,On Time
ORD002388,SUP0053,PRD0041,2024-10-09,1475,Standard,2024-10-14,2024-10-15,1,Delayed
ORD002389,SUP0059,PRD0032,2025-02-01,806,Urgent,2025-02-06,2025-02-06,0,On Time
ORD002390,SUP0001,PRD0021,2025-04-18,1071,Standard,2025-04-30,2025-04-29,0,On Time
ORD002391,SUP0060,PRD0028,2025-09-07,1594,Standard,2025-09-14,2025-09-13,0,On Time
ORD002392,SUP0019,PRD0041,2025-09-23,17,Standard,2025-09-27,2025-09-27,0,On Time
ORD002393,SUP0019,PRD0027,2026-09-25,1848,Standard,2026-09-29,,,In Transit
ORD002394,SUP0016,PRD0027,2025-09-26,1972,Standard,2025-10-04,2025-10-03,0,On Time
ORD002395,SUP0006,PRD0003,2025-07-21,1293,High,2025-08-02,2025-08-02,0,On Time
ORD002396,SUP0001,PRD0038,2024-10-17,1585,High,2024-10-29,2024-10-28,0,On Time
ORD002397,SUP0032,PRD0026,2025-12-12,1054,High,2025-12-18,2025-12-20,2,Delayed
ORD002398,SUP0004,PRD0012,2024-11-08,220,Standard,2024-11-20,2024-11-22,2,Delayed
ORD002399,SUP0039,PRD0037,2026-04-27,1284,Standard,2026-05-01,2026-05-01,0,On Time
ORD002400,SUP0003,PRD0029,2026-03-02,1695,Standard,2026-03-11,2026-03-10,0,On Time
ORD002401,SUP0039,PRD0013,2025-06-10,805,High,2025-06-14,2025-06-13,0,On Time
ORD002402,SUP0009,PRD0041,2025-08-13,1157,Standard,2025-08-19,2025-08-18,0,On Time
ORD002403,SUP0043,PRD0044,2025-02-26,611,High,2025-03-05,2025-03-05,0,On Time
ORD002404,SUP0036,PRD0006,2026-05-23,1092,Standard,2026-05-29,2026-05-28,0,On Time
ORD002405,SUP0042,PRD0021,2025-08-10,1463,Standard,2025-08-17,2025-08-16,0,On Time
ORD002406,SUP0027,PRD0009,2025-03-10,1666,High,2025-03-16,2025-03-16,0,On Time
ORD002407,SUP0032,PRD0004,2026-05-09,1665,Standard,2026-05-15,2026-05-15,0,On Time
ORD002408,SUP0014,PRD0012,2025-11-05,1115,Standard,2025-11-08,2025-11-07,0,On Time
ORD002409,SUP0053,PRD0039,2025-07-05,1871,Standard,2025-07-10,2025-07-10,0,On Time
ORD002410,SUP0047,PRD0037,2026-09-15,234,Standard,2026-09-20,2026-09-19,0,On Time
ORD002411,SUP0020,PRD0031,2026-07-17,1541,Standard,2026-07-21,2026-07-21,0,On Time
ORD002412,SUP0017,PRD0034,2025-06-05,957,High,2025-06-09,2025-06-14,5,Delayed
ORD002413,SUP0059,PRD0012,2025-01-01,1809,Standard,2025-01-06,2025-01-06,0,On Time
ORD002414,SUP0012,PRD0004,2025-05-31,1280,Standard,2025-06-05,2025-06-08,3,Delayed
ORD002415,SUP0040,PRD0024,2024-11-27,569,High,2024-12-03,2024-12-03,0,On Time
ORD002416,SUP0047,PRD0041,2025-09-05,298,Standard,2025-09-10,2025-09-09,0,On Time
ORD002417,SUP0036,PRD0036,2025-03-23,1792,Standard,2025-03-29,2025-03-29,0,On Time
ORD002418,SUP0030,PRD0009,2024-10-20,1646,Urgent,2024-10-29,2024-10-28,0,On Time
ORD002419,SUP0010,PRD0031,2025-05-21,747,Standard,2025-05-28,2025-05-27,0,On Time
ORD002420,SUP0031,PRD0002,2026-04-16,291,High,2026-04-25,2026-04-24,0,On Time
ORD002421,SUP0023,PRD0042,2026-02-28,412,Standard,2026-03-07,2026-03-06,0,On Time
ORD002422,SUP0044,PRD0009,2024-12-11,816,Standard,2024-12-17,2024-12-17,0,On Time
ORD002423,SUP0023,PRD0016,2025-11-28,804,Standard,2025-12-05,2025-12-04,0,On Time
ORD002424,SUP0051,PRD0043,2026-03-29,1059,Standard,2026-04-03,2026-04-03,0,On Time
ORD002425,SUP0013,PRD0016,2025-12-10,1770,Urgent,2025-12-15,2025-12-15,0,On Time
ORD002426,SUP0009,PRD0002,2026-07-08,1546,Standard,2026-07-14,2026-07-13,0,On Time
ORD002427,SUP0011,PRD0030,2026-03-08,1520,Standard,2026-03-13,2026-03-13,0,On Time
ORD002428,SUP0054,PRD0022,2025-11-13,1342,Standard,2025-11-19,2025-11-18,0,On Time
ORD002429,SUP0025,PRD0001,2026-04-17,958,Urgent,2026-04-25,2026-04-24,0,On Time
ORD002430,SUP0018,PRD0038,2025-04-03,1019,Standard,2025-04-09,2025-04-08,0,On Time
ORD002431,SUP0001,PRD0044,2026-06-23,1729,Standard,2026-07-05,2026-07-04,0,On Time
ORD002432,SUP0051,PRD0014,2025-06-27,544,Standard,2025-07-02,2025-07-02,0,On Time
ORD002433,SUP0003,PRD0009,2026-03-26,371,High,2026-04-04,2026-04-06,2,Delayed
ORD002434,SUP0019,PRD0041,2026-09-18,1466,High,2026-09-22,2026-09-22,0,On Time
ORD002435,SUP0060,PRD0036,2025-07-11,1270,Standard,2025-07-18,2025-07-18,0,On Time
ORD002436,SUP0031,PRD0005,2026-03-13,859,Standard,2026-03-22,2026-03-26,4,Delayed
ORD002437,SUP0047,PRD0028,2026-01-17,183,Standard,2026-01-22,2026-01-29,7,Delayed
ORD002438,SUP0006,PRD0039,2026-03-15,1686,High,2026-03-27,2026-04-03,7,Delayed
ORD002439,SUP0011,PRD0045,2025-11-24,1065,Standard,2025-11-29,2025-11-30,1,Delayed
ORD002440,SUP0033,PRD0019,2025-03-25,622,Standard,2025-03-31,2025-04-01,1,Delayed
ORD002441,SUP0060,PRD0032,2026-02-15,956,Standard,2026-02-22,2026-02-21,0,On Time
ORD002442,SUP0052,PRD0026,2025-04-24,1929,High,2025-05-03,2025-05-02,0,On Time
ORD002443,SUP0001,PRD0037,2026-05-21,232,Standard,2026-06-02,2026-06-04,2,Delayed
ORD002444,SUP0043,PRD0038,2025-05-29,854,Standard,2025-06-05,2025-06-05,0,On Time
ORD002445,SUP0012,PRD0014,2026-07-18,1983,High,2026-07-23,2026-07-23,0,On Time
ORD002446,SUP0019,PRD0002,2024-10-05,1721,Standard,2024-10-09,2024-10-08,0,On Time
ORD002447,SUP0026,PRD0031,2026-01-29,1526,Standard,2026-02-05,2026-02-04,0,On Time
ORD002448,SUP0021,PRD0033,2025-03-04,1166,Standard,2025-03-11,2025-03-10,0,On Time
ORD002449,SUP0055,PRD0043,2025-01-16,337,High,2025-01-25,2025-01-24,0,On Time
ORD002450,SUP0036,PRD0028,2026-01-29,33,Standard,2026-02-04,2026-02-03,0,On Time
ORD002451,SUP0027,PRD0030,2025-06-05,1758,Standard,2025-06-11,2025-06-11,0,On Time
ORD002452,SUP0002,PRD0033,2026-02-20,697,Standard,2026-03-01,2026-02-28,0,On Time
ORD002453,SUP0002,PRD0027,2025-10-20,1913,Standard,2025-10-29,2025-10-28,0,On Time
ORD002454,SUP0039,PRD0029,2024-10-14,1267,Standard,2024-10-18,2024-10-17,0,On Time
ORD002455,SUP0028,PRD0029,2026-03-04,1990,Standard,2026-03-13,2026-03-13,0,On Time
ORD002456,SUP0011,PRD0016,2026-09-08,1476,Standard,2026-09-13,2026-09-12,0,On Time
ORD002457,SUP0029,PRD0035,2025-04-29,986,High,2025-05-04,2025-05-04,0,On Time
ORD002458,SUP0043,PRD0015,2025-11-04,1351,Standard,2025-11-11,2025-11-11,0,On Time
ORD002459,SUP0043,PRD0038,2025-02-21,1576,Urgent,2025-02-28,2025-02-28,0,On Time
ORD002460,SUP0028,PRD0001,2024-12-18,1996,Standard,2024-12-27,2024-12-26,0,On Time
ORD002461,SUP0013,PRD0003,2025-03-22,1824,Standard,2025-03-27,2025-03-26,0,On Time
ORD002462,SUP0048,PRD0018,2025-03-24,1571,Standard,2025-03-31,2025-03-31,0,On Time
ORD002463,SUP0053,PRD0009,2025-09-07,1337,Standard,2025-09-12,2025-09-12,0,On Time
ORD002464,SUP0006,PRD0040,2026-08-16,428,Standard,2026-08-28,2026-09-02,5,Delayed
ORD002465,SUP0037,PRD0024,2026-06-18,1768,Standard,2026-06-25,2026-06-24,0,On Time
ORD002466,SUP0039,PRD0013,2025-12-13,1827,Standard,2025-12-17,2025-12-17,0,On Time
ORD002467,SUP0025,PRD0022,2025-08-25,1049,Standard,2025-09-02,2025-09-01,0,On Time
ORD002468,SUP0031,PRD0039,2025-06-25,125,Standard,2025-07-04,2025-07-03,0,On Time
ORD002469,SUP0044,PRD0011,2026-07-10,385,Standard,2026-07-16,2026-07-16,0,On Time
ORD002470,SUP0014,PRD0036,2025-07-04,1238,Urgent,2025-07-07,2025-07-07,0,On Time
ORD002471,SUP0001,PRD0037,2026-05-31,1798,Standard,2026-06-12,2026-06-18,6,Delayed
ORD002472,SUP0035,PRD0038,2026-03-24,1570,Standard,2026-03-29,2026-03-28,0,On Time
ORD002473,SUP0014,PRD0031,2025-12-17,1091,Standard,2025-12-20,2025-12-25,5,Delayed
ORD002474,SUP0031,PRD0009,2026-07-09,1586,Standard,2026-07-18,2026-07-19,1,Delayed
ORD002475,SUP0028,PRD0038,2025-12-04,1618,Standard,2025-12-13,2025-12-13,0,On Time
ORD002476,SUP0057,PRD0035,2026-07-06,801,High,2026-07-11,2026-07-11,0,On Time
ORD002477,SUP0008,PRD0022,2024-10-09,523,High,2024-10-18,2024-10-21,3,Delayed
ORD002478,SUP0036,PRD0031,2026-09-13,75,Standard,2026-09-19,2026-09-18,0,On Time
ORD002479,SUP0054,PRD0043,2025-07-06,1632,Standard,2025-07-12,2025-07-17,5,Delayed
ORD002480,SUP0026,PRD0045,2025-05-06,567,Standard,2025-05-13,2025-05-12,0,On Time
ORD002481,SUP0054,PRD0019,2026-05-14,66,High,2026-05-20,2026-05-19,0,On Time
ORD002482,SUP0054,PRD0009,2025-06-06,1840,High,2025-06-12,2025-06-11,0,On Time
ORD002483,SUP0034,PRD0031,2026-05-01,1257,High,2026-05-05,2026-05-05,0,On Time
ORD002484,SUP0027,PRD0043,2026-09-17,1400,Standard,2026-09-23,2026-09-23,0,On Time
ORD002485,SUP0060,PRD0018,2025-06-11,1597,High,2025-06-18,2025-06-18,0,On Time
ORD002486,SUP0043,PRD0013,2025-07-24,1579,Standard,2025-07-31,2025-07-31,0,On Time
ORD002487,SUP0051,PRD0029,2026-07-07,775,Standard,2026-07-12,2026-07-12,0,On Time
ORD002488,SUP0060,PRD0010,2026-04-04,1449,Standard,2026-04-11,2026-04-11,0,On Time
ORD002489,SUP0025,PRD0009,2025-03-28,607,Standard,2025-04-05,2025-04-04,0,On Time
ORD002490,SUP0009,PRD0023,2025-11-28,1051,Standard,2025-12-04,2025-12-03,0,On Time
ORD002491,SUP0021,PRD0045,2024-11-30,891,High,2024-12-07,2024-12-07,0,On Time
ORD002492,SUP0040,PRD0009,2024-12-11,265,Standard,2024-12-17,2024-12-23,6,Delayed
ORD002493,SUP0024,PRD0034,2025-02-07,56,Standard,2025-02-15,2025-02-14,0,On Time
ORD002494,SUP0016,PRD0041,2026-08-18,1444,Standard,2026-08-26,2026-08-25,0,On Time
ORD002495,SUP0049,PRD0011,2026-04-16,1443,Standard,2026-04-23,2026-04-22,0,On Time
ORD002496,SUP0020,PRD0009,2026-09-25,488,Standard,2026-09-29,,,In Transit
ORD002497,SUP0039,PRD0024,2026-07-06,1345,Standard,2026-07-10,2026-07-10,0,On Time
ORD002498,SUP0028,PRD0025,2025-08-10,365,Standard,2025-08-19,2025-08-22,3,Delayed
ORD002499,SUP0038,PRD0031,2026-08-13,1825,High,2026-08-20,2026-08-20,0,On Time
ORD002500,SUP0016,PRD0008,2026-01-28,730,Standard,2026-02-05,2026-02-04,0,On Time
ORD002501,SUP0056,PRD0037,2025-07-21,787,Standard,2025-07-26,2025-07-26,0,On Time
ORD002502,SUP0032,PRD0013,2026-07-09,159,Standard,2026-07-15,2026-07-15,0,On Time
ORD002503,SUP0032,PRD0041,2025-03-21,804,Urgent,2025-03-27,2025-03-26,0,On Time
ORD002504,SUP0028,PRD0034,2025-03-31,115,Standard,2025-04-09,2025-04-16,7,Delayed
ORD002505,SUP0028,PRD0045,2024-11-09,641,Standard,2024-11-18,2024-11-18,0,On Time
ORD002506,SUP0036,PRD0016,2026-09-15,560,Standard,2026-09-21,2026-09-20,0,On Time
ORD002507,SUP0040,PRD0028,2026-01-20,1073,Standard,2026-01-26,2026-01-25,0,On Time
ORD002508,SUP0029,PRD0027,2026-09-08,1027,High,2026-09-13,2026-09-12,0,On Time
ORD002509,SUP0009,PRD0015,2025-01-20,684,Standard,2025-01-26,2025-01-25,0,On Time
ORD002510,SUP0031,PRD0044,2026-02-25,1447,High,2026-03-06,2026-03-11,5,Delayed
ORD002511,SUP0034,PRD0003,2026-08-01,640,Standard,2026-08-05,2026-08-04,0,On Time
ORD002512,SUP0043,PRD0028,2026-03-27,771,Standard,2026-04-03,2026-04-03,0,On Time
ORD002513,SUP0036,PRD0005,2025-01-10,431,Standard,2025-01-16,2025-01-16,0,On Time
ORD002514,SUP0056,PRD0035,2025-02-25,722,Standard,2025-03-02,2025-03-02,0,On Time
ORD002515,SUP0004,PRD0034,2024-12-24,99,Standard,2025-01-05,2025-01-04,0,On Time
ORD002516,SUP0048,PRD0026,2025-02-26,877,Standard,2025-03-05,2025-03-04,0,On Time
ORD002517,SUP0058,PRD0032,2026-01-15,1840,Standard,2026-01-21,2026-01-21,0,On Time
ORD002518,SUP0022,PRD0044,2024-10-14,1117,Urgent,2024-10-22,2024-10-22,0,On Time
ORD002519,SUP0011,PRD0018,2024-12-31,1021,Standard,2025-01-05,2025-01-04,0,On Time
ORD002520,SUP0053,PRD0039,2024-10-04,1360,Standard,2024-10-09,2024-10-09,0,On Time
ORD002521,SUP0043,PRD0004,2025-01-19,229,Standard,2025-01-26,2025-01-25,0,On Time
ORD002522,SUP0031,PRD0012,2025-12-14,592,Standard,2025-12-23,2025-12-22,0,On Time
ORD002523,SUP0038,PRD0006,2025-07-09,1316,Standard,2025-07-16,2025-07-15,0,On Time
ORD002524,SUP0037,PRD0041,2026-09-06,853,Standard,2026-09-13,2026-09-12,0,On Time
ORD002525,SUP0059,PRD0032,2026-01-12,149,Standard,2026-01-17,2026-01-19,2,Delayed
ORD002526,SUP0019,PRD0009,2026-04-26,914,Standard,2026-04-30,2026-04-29,0,On Time
ORD002527,SUP0058,PRD0014,2026-01-02,1966,Standard,2026-01-08,2026-01-07,0,On Time
ORD002528,SUP0044,PRD0028,2025-12-01,692,Standard,2025-12-07,2025-12-06,0,On Time
ORD002529,SUP0043,PRD0045,2026-08-19,893,Standard,2026-08-26,2026-08-26,0,On Time
ORD002530,SUP0018,PRD0029,2026-06-24,175,Standard,2026-06-30,2026-06-30,0,On Time
ORD002531,SUP0030,PRD0037,2025-05-26,179,Standard,2025-06-04,2025-06-03,0,On Time
ORD002532,SUP0032,PRD0001,2025-07-30,1503,Standard,2025-08-05,2025-08-05,0,On Time
ORD002533,SUP0035,PRD0039,2026-01-10,1851,Standard,2026-01-15,2026-01-15,0,On Time
ORD002534,SUP0024,PRD0033,2024-12-15,823,Standard,2024-12-23,2024-12-29,6,Delayed
ORD002535,SUP0033,PRD0041,2024-10-27,899,High,2024-11-02,2024-11-01,0,On Time
ORD002536,SUP0032,PRD0014,2026-01-06,216,Standard,2026-01-12,2026-01-12,0,On Time
ORD002537,SUP0008,PRD0002,2026-09-12,71,High,2026-09-21,2026-09-21,0,On Time
ORD002538,SUP0011,PRD0022,2025-03-16,150,Urgent,2025-03-21,2025-03-20,0,On Time
ORD002539,SUP0038,PRD0028,2025-04-19,663,Standard,2025-04-26,2025-04-26,0,On Time
ORD002540,SUP0051,PRD0009,2025-04-03,1114,Standard,2025-04-08,2025-04-08,0,On Time
ORD002541,SUP0003,PRD0015,2026-07-08,1560,High,2026-07-17,2026-07-16,0,On Time
ORD002542,SUP0019,PRD0001,2026-01-19,1861,Standard,2026-01-23,2026-01-23,0,On Time
ORD002543,SUP0009,PRD0008,2024-10-10,989,Standard,2024-10-16,2024-10-15,0,On Time
ORD002544,SUP0007,PRD0026,2025-04-29,281,Standard,2025-05-10,2025-05-09,0,On Time
ORD002545,SUP0017,PRD0007,2025-01-14,1120,High,2025-01-18,2025-01-18,0,On Time
ORD002546,SUP0033,PRD0012,2025-11-11,1707,High,2025-11-17,2025-11-17,0,On Time
ORD002547,SUP0017,PRD0029,2025-10-13,337,Standard,2025-10-17,2025-10-16,0,On Time
ORD002548,SUP0020,PRD0033,2025-07-08,305,Standard,2025-07-12,2025-07-18,6,Delayed
ORD002549,SUP0056,PRD0023,2026-06-20,816,Standard,2026-06-25,2026-07-01,6,Delayed
ORD002550,SUP0026,PRD0037,2025-05-16,1971,Standard,2025-05-23,2025-05-23,0,On Time
ORD002551,SUP0009,PRD0033,2026-02-28,130,Standard,2026-03-06,2026-03-10,4,Delayed
ORD002552,SUP0014,PRD0017,2026-03-09,1024,Standard,2026-03-12,2026-03-12,0,On Time
ORD002553,SUP0043,PRD0008,2026-08-04,1212,High,2026-08-11,2026-08-14,3,Delayed
ORD002554,SUP0056,PRD0032,2025-06-13,1369,High,2025-06-18,2025-06-17,0,On Time
ORD002555,SUP0027,PRD0011,2026-02-02,1113,High,2026-02-08,2026-02-08,0,On Time
ORD002556,SUP0050,PRD0015,2025-06-16,1127,Standard,2025-06-18,2025-06-18,0,On Time
ORD002557,SUP0040,PRD0004,2025-07-31,1053,Standard,2025-08-06,2025-08-13,7,Delayed
ORD002558,SUP0046,PRD0019,2025-03-07,114,Standard,2025-03-10,2025-03-10,0,On Time
ORD002559,SUP0048,PRD0035,2025-05-15,1384,Standard,2025-05-22,2025-05-22,0,On Time
ORD002560,SUP0029,PRD0018,2025-07-14,412,Standard,2025-07-19,2025-07-25,6,Delayed
ORD002561,SUP0043,PRD0003,2025-02-01,656,Standard,2025-02-08,2025-02-08,0,On Time
ORD002562,SUP0053,PRD0007,2026-07-31,563,Standard,2026-08-05,2026-08-04,0,On Time
ORD002563,SUP0021,PRD0030,2026-08-17,1370,Standard,2026-08-24,2026-08-24,0,On Time
ORD002564,SUP0040,PRD0031,2026-06-17,1901,Standard,2026-06-23,2026-06-23,0,On Time
ORD002565,SUP0009,PRD0025,2025-02-24,589,Standard,2025-03-02,2025-03-01,0,On Time
ORD002566,SUP0057,PRD0004,2025-06-28,1390,Standard,2025-07-03,2025-07-03,0,On Time
ORD002567,SUP0010,PRD0035,2026-01-19,828,Standard,2026-01-26,2026-01-26,0,On Time
ORD002568,SUP0003,PRD0025,2025-08-23,298,High,2025-09-01,2025-08-31,0,On Time
ORD002569,SUP0037,PRD0031,2025-08-22,1434,High,2025-08-29,2025-08-29,0,On Time
ORD002570,SUP0020,PRD0029,2026-08-09,1314,Standard,2026-08-13,2026-08-12,0,On Time
ORD002571,SUP0019,PRD0022,2025-02-14,31,High,2025-02-18,2025-02-18,0,On Time
ORD002572,SUP0023,PRD0002,2026-04-07,1070,Standard,2026-04-14,2026-04-13,0,On Time
ORD002573,SUP0023,PRD0005,2025-07-28,42,Standard,2025-08-04,2025-08-04,0,On Time
ORD002574,SUP0024,PRD0037,2025-02-14,1179,Standard,2025-02-22,2025-02-21,0,On Time
ORD002575,SUP0040,PRD0029,2025-04-14,584,Standard,2025-04-20,2025-04-19,0,On Time
ORD002576,SUP0019,PRD0007,2025-04-09,984,High,2025-04-13,2025-04-12,0,On Time
ORD002577,SUP0007,PRD0021,2025-12-25,1722,High,2026-01-05,2026-01-05,0,On Time
ORD002578,SUP0007,PRD0025,2025-11-25,1602,Standard,2025-12-06,2025-12-09,3,Delayed
ORD002579,SUP0040,PRD0011,2026-08-01,1995,Standard,2026-08-07,2026-08-07,0,On Time
ORD002580,SUP0031,PRD0018,2026-04-17,1242,Urgent,2026-04-26,2026-04-25,0,On Time
ORD002581,SUP0001,PRD0042,2025-03-22,1840,Standard,2025-04-03,2025-04-02,0,On Time
ORD002582,SUP0004,PRD0036,2024-10-05,351,High,2024-10-17,2024-10-17,0,On Time
ORD002583,SUP0022,PRD0010,2026-08-03,1568,High,2026-08-11,2026-08-11,0,On Time
ORD002584,SUP0015,PRD0033,2026-04-01,390,Standard,2026-04-07,2026-04-09,2,Delayed
ORD002585,SUP0015,PRD0004,2025-02-15,374,Standard,2025-02-21,2025-02-20,0,On Time
ORD002586,SUP0047,PRD0002,2024-11-14,1568,Standard,2024-11-19,2024-11-18,0,On Time
ORD002587,SUP0019,PRD0018,2025-11-14,1008,High,2025-11-18,2025-11-20,2,Delayed
ORD002588,SUP0036,PRD0027,2025-10-10,1508,High,2025-10-16,2025-10-15,0,On Time
ORD002589,SUP0012,PRD0004,2024-11-09,987,Standard,2024-11-14,2024-11-13,0,On Time
ORD002590,SUP0014,PRD0033,2026-07-13,196,High,2026-07-16,2026-07-16,0,On Time
ORD002591,SUP0020,PRD0018,2026-01-16,594,Standard,2026-01-20,2026-01-20,0,On Time
ORD002592,SUP0044,PRD0043,2026-09-02,421,Standard,2026-09-08,2026-09-08,0,On Time
ORD002593,SUP0006,PRD0042,2026-04-21,1460,Urgent,2026-05-03,2026-05-02,0,On Time
ORD002594,SUP0038,PRD0040,2025-11-03,1823,Standard,2025-11-10,2025-11-09,0,On Time
ORD002595,SUP0056,PRD0014,2025-05-03,841,Standard,2025-05-08,2025-05-07,0,On Time
ORD002596,SUP0001,PRD0041,2026-04-13,67,Urgent,2026-04-25,2026-04-25,0,On Time
ORD002597,SUP0036,PRD0012,2025-08-22,126,Urgent,2025-08-28,2025-08-27,0,On Time
ORD002598,SUP0007,PRD0004,2026-09-05,1432,Standard,2026-09-16,2026-09-20,4,Delayed
ORD002599,SUP0049,PRD0019,2025-10-31,1776,Standard,2025-11-07,2025-11-06,0,On Time
ORD002600,SUP0039,PRD0006,2026-05-04,459,Standard,2026-05-08,2026-05-07,0,On Time
ORD002601,SUP0029,PRD0037,2025-12-14,1060,High,2025-12-19,2025-12-18,0,On Time
ORD002602,SUP0017,PRD0019,2025-09-30,1385,High,2025-10-04,2025-10-04,0,On Time
ORD002603,SUP0010,PRD0019,2025-03-15,1910,High,2025-03-22,2025-03-22,0,On Time
ORD002604,SUP0008,PRD0039,2026-04-09,711,High,2026-04-18,2026-04-19,1,Delayed
ORD002605,SUP0038,PRD0013,2026-04-19,694,Standard,2026-04-26,2026-04-25,0,On Time
ORD002606,SUP0015,PRD0025,2025-01-29,1468,Standard,2025-02-04,2025-02-03,0,On Time
ORD002607,SUP0036,PRD0032,2025-12-08,751,Urgent,2025-12-14,2025-12-13,0,On Time
ORD002608,SUP0035,PRD0022,2025-06-19,950,Standard,2025-06-24,2025-06-24,0,On Time
ORD002609,SUP0046,PRD0027,2026-05-12,1432,Standard,2026-05-15,2026-05-15,0,On Time
ORD002610,SUP0011,PRD0038,2026-06-23,1762,Standard,2026-06-28,2026-06-30,2,Delayed
ORD002611,SUP0038,PRD0037,2025-09-19,1810,Standard,2025-09-26,2025-09-25,0,On Time
ORD002612,SUP0056,PRD0044,2025-07-03,787,High,2025-07-08,2025-07-07,0,On Time
ORD002613,SUP0025,PRD0011,2024-11-28,313,Standard,2024-12-06,2024-12-05,0,On Time
ORD002614,SUP0035,PRD0044,2025-12-24,1411,Standard,2025-12-29,2025-12-29,0,On Time
ORD002615,SUP0057,PRD0010,2024-10-04,1851,Standard,2024-10-09,2024-10-08,0,On Time
ORD002616,SUP0043,PRD0044,2025-09-17,1497,Standard,2025-09-24,2025-09-24,0,On Time
ORD002617,SUP0014,PRD0019,2025-02-25,1946,Standard,2025-02-28,2025-02-28,0,On Time
ORD002618,SUP0057,PRD0001,2025-04-23,1335,Standard,2025-04-28,2025-04-27,0,On Time
ORD002619,SUP0045,PRD0008,2026-01-20,1440,Standard,2026-01-26,2026-01-26,0,On Time
ORD002620,SUP0034,PRD0031,2024-11-07,947,Standard,2024-11-11,2024-11-10,0,On Time
ORD002621,SUP0008,PRD0039,2025-10-29,415,Standard,2025-11-07,2025-11-06,0,On Time
ORD002622,SUP0020,PRD0023,2024-10-21,175,High,2024-10-25,2024-10-25,0,On Time
ORD002623,SUP0027,PRD0009,2026-06-08,441,Standard,2026-06-14,2026-06-19,5,Delayed
ORD002624,SUP0024,PRD0044,2024-11-29,759,Urgent,2024-12-07,2024-12-07,0,On Time
ORD002625,SUP0056,PRD0004,2025-07-25,1850,Standard,2025-07-30,2025-07-30,0,On Time
ORD002626,SUP0037,PRD0023,2025-10-03,545,Urgent,2025-10-10,2025-10-09,0,On Time
ORD002627,SUP0040,PRD0009,2025-06-12,1065,Urgent,2025-06-18,2025-06-18,0,On Time
ORD002628,SUP0022,PRD0002,2026-09-17,933,Standard,2026-09-25,2026-09-25,0,On Time
ORD002629,SUP0007,PRD0028,2025-03-31,1436,Urgent,2025-04-11,2025-04-11,0,On Time
ORD002630,SUP0026,PRD0004,2025-06-11,564,Standard,2025-06-18,2025-06-22,4,Delayed
ORD002631,SUP0006,PRD0034,2025-12-13,603,Standard,2025-12-25,2025-12-24,0,On Time
ORD002632,SUP0020,PRD0019,2025-08-01,945,Standard,2025-08-05,2025-08-05,0,On Time
ORD002633,SUP0055,PRD0036,2026-06-25,653,High,2026-07-04,2026-07-04,0,On Time
ORD002634,SUP0038,PRD0039,2026-04-21,1914,Standard,2026-04-28,2026-04-27,0,On Time
ORD002635,SUP0019,PRD0042,2026-03-20,1908,Standard,2026-03-24,2026-03-24,0,On Time
ORD002636,SUP0010,PRD0026,2026-08-06,1512,Standard,2026-08-13,2026-08-13,0,On Time
ORD002637,SUP0013,PRD0031,2026-06-08,1084,High,2026-06-13,2026-06-13,0,On Time
ORD002638,SUP0008,PRD0044,2026-05-23,325,Standard,2026-06-01,2026-06-01,0,On Time
ORD002639,SUP0023,PRD0045,2025-04-19,1036,High,2025-04-26,2025-04-26,0,On Time
ORD002640,SUP0047,PRD0014,2025-05-27,1172,Standard,2025-06-01,2025-06-01,0,On Time
ORD002641,SUP0047,PRD0013,2025-04-17,1658,High,2025-04-22,2025-04-22,0,On Time
ORD002642,SUP0021,PRD0039,2026-04-25,1905,Standard,2026-05-02,2026-05-06,4,Delayed
ORD002643,SUP0042,PRD0036,2024-10-07,1405,Standard,2024-10-14,2024-10-13,0,On Time
ORD002644,SUP0030,PRD0025,2025-11-22,1037,Standard,2025-12-01,2025-11-30,0,On Time
ORD002645,SUP0043,PRD0007,2026-07-12,1270,Standard,2026-07-19,2026-07-18,0,On Time
ORD002646,SUP0012,PRD0030,2025-02-24,275,Standard,2025-03-01,2025-03-07,6,Delayed
ORD002647,SUP0007,PRD0022,2025-04-13,13,Urgent,2025-04-24,2025-04-25,1,Delayed
ORD002648,SUP0044,PRD0010,2025-07-14,451,Standard,2025-07-20,2025-07-20,0,On Time
ORD002649,SUP0007,PRD0009,2026-02-22,247,Standard,2026-03-05,2026-03-04,0,On Time
ORD002650,SUP0005,PRD0016,2025-02-25,839,Urgent,2025-03-09,2025-03-16,7,Delayed
ORD002651,SUP0021,PRD0028,2025-01-11,603,Standard,2025-01-18,2025-01-17,0,On Time
ORD002652,SUP0011,PRD0038,2024-10-26,1314,Urgent,2024-10-31,2024-10-30,0,On Time
ORD002653,SUP0054,PRD0002,2025-05-18,1951,Standard,2025-05-24,2025-05-25,1,Delayed
ORD002654,SUP0008,PRD0001,2026-01-08,1491,Standard,2026-01-17,2026-01-20,3,Delayed
ORD002655,SUP0013,PRD0026,2025-05-07,1850,Standard,2025-05-12,2025-05-11,0,On Time
ORD002656,SUP0018,PRD0011,2024-11-20,1615,High,2024-11-26,2024-11-26,0,On Time
ORD002657,SUP0056,PRD0025,2025-10-27,139,Standard,2025-11-01,2025-10-31,0,On Time
ORD002658,SUP0042,PRD0010,2025-08-01,770,Standard,2025-08-08,2025-08-08,0,On Time
ORD002659,SUP0056,PRD0012,2025-06-08,492,Standard,2025-06-13,2025-06-12,0,On Time
ORD002660,SUP0014,PRD0030,2025-07-20,1031,Standard,2025-07-23,2025-07-22,0,On Time
ORD002661,SUP0053,PRD0018,2026-03-17,623,Standard,2026-03-22,2026-03-22,0,On Time
ORD002662,SUP0018,PRD0037,2026-02-16,60,Standard,2026-02-22,2026-03-01,7,Delayed
ORD002663,SUP0025,PRD0030,2026-06-25,286,Urgent,2026-07-03,2026-07-03,0,On Time
ORD002664,SUP0039,PRD0018,2025-11-26,207,High,2025-11-30,2025-11-29,0,On Time
ORD002665,SUP0055,PRD0015,2026-09-22,1325,High,2026-10-01,,,In Transit
ORD002666,SUP0021,PRD0040,2026-05-11,1766,Standard,2026-05-18,2026-05-17,0,On Time
ORD002667,SUP0052,PRD0004,2026-06-05,1628,Standard,2026-06-14,2026-06-14,0,On Time
ORD002668,SUP0021,PRD0012,2025-01-25,686,Standard,2025-02-01,2025-02-08,7,Delayed
ORD002669,SUP0034,PRD0042,2025-01-16,1002,Standard,2025-01-20,2025-01-19,0,On Time
ORD002670,SUP0015,PRD0028,2025-10-15,769,Standard,2025-10-21,2025-10-20,0,On Time
ORD002671,SUP0049,PRD0033,2025-08-07,1648,Standard,2025-08-14,2025-08-14,0,On Time
ORD002672,SUP0008,PRD0014,2026-01-03,658,Standard,2026-01-12,2026-01-17,5,Delayed
ORD002673,SUP0009,PRD0032,2025-04-14,482,Standard,2025-04-20,2025-04-22,2,Delayed
ORD002674,SUP0029,PRD0016,2026-07-02,667,High,2026-07-07,2026-07-06,0,On Time
ORD002675,SUP0032,PRD0034,2024-12-12,788,Standard,2024-12-18,2024-12-18,0,On Time
ORD002676,SUP0031,PRD0023,2025-12-08,678,High,2025-12-17,2025-12-17,0,On Time
ORD002677,SUP0002,PRD0030,2025-04-14,493,Standard,2025-04-23,2025-04-25,2,Delayed
ORD002678,SUP0030,PRD0013,2026-07-01,395,Standard,2026-07-10,2026-07-10,0,On Time
ORD002679,SUP0029,PRD0029,2025-11-10,529,Standard,2025-11-15,2025-11-14,0,On Time
ORD002680,SUP0040,PRD0025,2025-12-14,302,Urgent,2025-12-20,2025-12-20,0,On Time
ORD002681,SUP0014,PRD0043,2026-07-31,1072,Standard,2026-08-03,2026-08-03,0,On Time
ORD002682,SUP0044,PRD0040,2025-08-30,80,Standard,2025-09-05,2025-09-04,0,On Time
ORD002683,SUP0054,PRD0039,2026-08-23,1542,Standard,2026-08-29,2026-08-29,0,On Time
ORD002684,SUP0032,PRD0030,2026-02-28,562,Standard,2026-03-06,2026-03-05,0,On Time
ORD002685,SUP0060,PRD0040,2026-06-01,884,Standard,2026-06-08,2026-06-07,0,On Time
ORD002686,SUP0045,PRD0034,2025-09-09,753,Standard,2025-09-15,2025-09-19,4,Delayed
ORD002687,SUP0053,PRD0006,2025-04-15,1272,Standard,2025-04-20,2025-04-20,0,On Time
ORD002688,SUP0018,PRD0043,2025-03-20,1993,Urgent,2025-03-26,2025-03-26,0,On Time
ORD002689,SUP0044,PRD0009,2025-03-11,1024,High,2025-03-17,2025-03-17,0,On Time
ORD002690,SUP0026,PRD0034,2025-10-03,93,Urgent,2025-10-10,2025-10-10,0,On Time
ORD002691,SUP0060,PRD0012,2025-01-14,445,Standard,2025-01-21,2025-01-20,0,On Time
ORD002692,SUP0038,PRD0039,2025-03-17,163,Standard,2025-03-24,2025-03-24,0,On Time
ORD002693,SUP0054,PRD0011,2026-07-01,1667,High,2026-07-07,2026-07-08,1,Delayed
ORD002694,SUP0037,PRD0033,2024-12-05,537,Standard,2024-12-12,2024-12-17,5,Delayed
ORD002695,SUP0033,PRD0006,2026-07-17,399,Standard,2026-07-23,2026-07-30,7,Delayed
ORD002696,SUP0047,PRD0038,2025-07-08,799,Standard,2025-07-13,2025-07-13,0,On Time
ORD002697,SUP0044,PRD0005,2025-05-16,970,High,2025-05-22,2025-05-21,0,On Time
ORD002698,SUP0020,PRD0003,2025-12-13,1838,Standard,2025-12-17,2025-12-17,0,On Time
ORD002699,SUP0060,PRD0021,2026-07-11,1146,Standard,2026-07-18,2026-07-17,0,On Time
ORD002700,SUP0050,PRD0009,2024-10-13,247,Standard,2024-10-15,2024-10-15,0,On Time
ORD002701,SUP0007,PRD0036,2025-11-29,290,High,2025-12-10,2025-12-11,1,Delayed
ORD002702,SUP0015,PRD0026,2025-09-21,1573,High,2025-09-27,2025-09-27,0,On Time
ORD002703,SUP0017,PRD0032,2026-04-09,1260,Standard,2026-04-13,2026-04-13,0,On Time
ORD002704,SUP0002,PRD0045,2025-02-26,578,Standard,2025-03-07,2025-03-06,0,On Time
ORD002705,SUP0013,PRD0023,2026-08-10,12,Standard,2026-08-15,2026-08-15,0,On Time
ORD002706,SUP0018,PRD0006,2026-09-01,1117,Standard,2026-09-07,2026-09-07,0,On Time
ORD002707,SUP0044,PRD0005,2026-08-20,888,Standard,2026-08-26,2026-08-26,0,On Time
ORD002708,SUP0004,PRD0024,2025-12-18,1198,Standard,2025-12-30,2025-12-30,0,On Time
ORD002709,SUP0041,PRD0045,2026-03-23,315,Standard,2026-03-27,2026-03-26,0,On Time
ORD002710,SUP0020,PRD0038,2025-08-13,1528,Standard,2025-08-17,2025-08-16,0,On Time
ORD002711,SUP0014,PRD0038,2025-12-16,165,Standard,2025-12-19,2025-12-19,0,On Time
ORD002712,SUP0029,PRD0010,2026-04-14,1036,Standard,2026-04-19,2026-04-18,0,On Time
ORD002713,SUP0024,PRD0011,2025-01-02,1095,Standard,2025-01-10,2025-01-09,0,On Time
ORD002714,SUP0055,PRD0017,2024-12-27,536,High,2025-01-05,2025-01-04,0,On Time
ORD002715,SUP0008,PRD0028,2025-01-17,1817,Standard,2025-01-26,2025-01-25,0,On Time
ORD002716,SUP0047,PRD0040,2026-01-20,1466,Standard,2026-01-25,2026-01-25,0,On Time
ORD002717,SUP0042,PRD0003,2025-06-26,1426,High,2025-07-03,2025-07-02,0,On Time
ORD002718,SUP0050,PRD0039,2026-05-06,77,Standard,2026-05-08,2026-05-07,0,On Time
ORD002719,SUP0010,PRD0037,2025-01-17,246,High,2025-01-24,2025-01-23,0,On Time
ORD002720,SUP0005,PRD0045,2026-07-10,1220,High,2026-07-22,2026-07-21,0,On Time
ORD002721,SUP0047,PRD0029,2024-10-25,382,Standard,2024-10-30,2024-10-30,0,On Time
ORD002722,SUP0029,PRD0008,2025-08-26,786,Standard,2025-08-31,2025-08-30,0,On Time
ORD002723,SUP0052,PRD0016,2026-07-07,475,Standard,2026-07-16,2026-07-16,0,On Time
ORD002724,SUP0033,PRD0042,2024-10-21,1411,Standard,2024-10-27,2024-10-27,0,On Time
ORD002725,SUP0051,PRD0027,2025-11-24,1002,Standard,2025-11-29,2025-11-28,0,On Time
ORD002726,SUP0046,PRD0043,2026-05-21,911,Standard,2026-05-24,2026-05-24,0,On Time
ORD002727,SUP0051,PRD0008,2025-03-18,1506,Standard,2025-03-23,2025-03-23,0,On Time
ORD002728,SUP0027,PRD0008,2025-07-16,416,Standard,2025-07-22,2025-07-22,0,On Time
ORD002729,SUP0036,PRD0005,2024-12-21,1081,Standard,2024-12-27,2024-12-31,4,Delayed
ORD002730,SUP0023,PRD0041,2025-02-23,496,Standard,2025-03-02,2025-03-05,3,Delayed
ORD002731,SUP0044,PRD0006,2024-12-26,1860,Urgent,2025-01-01,2025-01-07,6,Delayed
ORD002732,SUP0042,PRD0038,2026-05-29,1246,Urgent,2026-06-05,2026-06-04,0,On Time
ORD002733,SUP0031,PRD0005,2025-09-05,607,High,2025-09-14,2025-09-13,0,On Time
ORD002734,SUP0058,PRD0002,2025-08-25,1252,Standard,2025-08-31,2025-08-31,0,On Time
ORD002735,SUP0004,PRD0038,2025-01-17,605,Standard,2025-01-29,2025-01-30,1,Delayed
ORD002736,SUP0023,PRD0037,2025-09-25,494,Standard,2025-10-02,2025-10-01,0,On Time
ORD002737,SUP0005,PRD0014,2025-11-05,548,Urgent,2025-11-17,2025-11-16,0,On Time
ORD002738,SUP0036,PRD0002,2026-08-18,706,High,2026-08-24,2026-08-23,0,On Time
ORD002739,SUP0009,PRD0029,2024-11-12,349,Standard,2024-11-18,2024-11-18,0,On Time
ORD002740,SUP0009,PRD0011,2026-08-17,493,Standard,2026-08-23,2026-08-22,0,On Time
ORD002741,SUP0044,PRD0033,2026-04-21,1861,Standard,2026-04-27,2026-04-27,0,On Time
ORD002742,SUP0027,PRD0034,2026-08-22,570,High,2026-08-28,2026-08-28,0,On Time
ORD002743,SUP0027,PRD0006,2025-06-16,140,Standard,2025-06-22,2025-06-21,0,On Time
ORD002744,SUP0050,PRD0041,2025-08-24,1383,Standard,2025-08-26,2025-08-25,0,On Time
ORD002745,SUP0028,PRD0003,2025-10-24,289,Standard,2025-11-02,2025-11-02,0,On Time
ORD002746,SUP0047,PRD0035,2026-09-11,79,High,2026-09-16,2026-09-15,0,On Time
ORD002747,SUP0009,PRD0034,2025-06-21,1009,High,2025-06-27,2025-06-26,0,On Time
ORD002748,SUP0021,PRD0034,2026-01-26,262,Standard,2026-02-02,2026-02-05,3,Delayed
ORD002749,SUP0060,PRD0005,2024-11-16,1015,Urgent,2024-11-23,2024-11-23,0,On Time
ORD002750,SUP0033,PRD0041,2025-06-30,1080,Standard,2025-07-06,2025-07-06,0,On Time
ORD002751,SUP0011,PRD0042,2025-07-07,1664,Standard,2025-07-12,2025-07-12,0,On Time
ORD002752,SUP0012,PRD0006,2026-06-16,1279,Standard,2026-06-21,2026-06-21,0,On Time
ORD002753,SUP0028,PRD0016,2026-05-04,262,Urgent,2026-05-13,2026-05-12,0,On Time
ORD002754,SUP0007,PRD0017,2024-11-05,227,High,2024-11-16,2024-11-18,2,Delayed
ORD002755,SUP0019,PRD0001,2026-02-21,1648,Standard,2026-02-25,2026-03-02,5,Delayed
ORD002756,SUP0046,PRD0021,2026-01-22,62,Standard,2026-01-25,2026-01-25,0,On Time
ORD002757,SUP0028,PRD0034,2025-03-30,350,Standard,2025-04-08,2025-04-07,0,On Time
ORD002758,SUP0024,PRD0019,2025-04-25,1819,Standard,2025-05-03,2025-05-03,0,On Time
ORD002759,SUP0029,PRD0002,2026-07-06,1409,High,2026-07-11,2026-07-16,5,Delayed
ORD002760,SUP0013,PRD0004,2025-01-04,314,Standard,2025-01-09,2025-01-08,0,On Time
ORD002761,SUP0032,PRD0022,2025-05-09,169,Standard,2025-05-15,2025-05-15,0,On Time
ORD002762,SUP0060,PRD0007,2025-04-29,1701,Standard,2025-05-06,2025-05-05,0,On Time
ORD002763,SUP0004,PRD0016,2025-09-29,1873,Standard,2025-10-11,2025-10-18,7,Delayed
ORD002764,SUP0058,PRD0001,2025-01-25,1858,Standard,2025-01-31,2025-01-30,0,On Time
ORD002765,SUP0002,PRD0009,2025-04-14,1289,High,2025-04-23,2025-04-28,5,Delayed
ORD002766,SUP0005,PRD0011,2026-05-01,571,Standard,2026-05-13,2026-05-20,7,Delayed
ORD002767,SUP0040,PRD0023,2025-06-30,1617,Standard,2025-07-06,2025-07-05,0,On Time
ORD002768,SUP0051,PRD0044,2025-05-12,824,Standard,2025-05-17,2025-05-23,6,Delayed
ORD002769,SUP0045,PRD0019,2025-04-07,1626,High,2025-04-13,2025-04-13,0,On Time
ORD002770,SUP0024,PRD0032,2024-10-14,1077,Standard,2024-10-22,2024-10-22,0,On Time
ORD002771,SUP0045,PRD0018,2025-09-24,1319,Urgent,2025-09-30,2025-09-29,0,On Time
ORD002772,SUP0012,PRD0017,2025-12-17,1165,Standard,2025-12-22,2025-12-22,0,On Time
ORD002773,SUP0053,PRD0030,2026-01-28,776,Standard,2026-02-02,2026-02-02,0,On Time
ORD002774,SUP0035,PRD0040,2026-09-15,1277,High,2026-09-20,2026-09-20,0,On Time
ORD002775,SUP0046,PRD0025,2025-08-28,1451,High,2025-08-31,2025-08-30,0,On Time
ORD002776,SUP0040,PRD0031,2026-07-26,421,Standard,2026-08-01,2026-07-31,0,On Time
ORD002777,SUP0024,PRD0006,2024-12-23,1254,Standard,2024-12-31,2024-12-31,0,On Time
ORD002778,SUP0060,PRD0029,2026-03-16,604,Standard,2026-03-23,2026-03-23,0,On Time
ORD002779,SUP0031,PRD0007,2026-07-02,1112,Standard,2026-07-11,2026-07-11,0,On Time
ORD002780,SUP0001,PRD0043,2024-10-01,502,Standard,2024-10-13,2024-10-18,5,Delayed
ORD002781,SUP0028,PRD0003,2026-02-18,354,Standard,2026-02-27,2026-02-26,0,On Time
ORD002782,SUP0022,PRD0024,2026-06-17,458,Standard,2026-06-25,2026-06-24,0,On Time
ORD002783,SUP0052,PRD0020,2026-01-03,1513,Standard,2026-01-12,2026-01-12,0,On Time
ORD002784,SUP0047,PRD0030,2025-12-10,1249,Standard,2025-12-15,2025-12-15,0,On Time
ORD002785,SUP0052,PRD0024,2026-08-20,1223,Standard,2026-08-29,2026-08-28,0,On Time
ORD002786,SUP0019,PRD0002,2025-05-03,628,Standard,2025-05-07,2025-05-06,0,On Time
ORD002787,SUP0016,PRD0030,2026-09-07,1331,Standard,2026-09-15,2026-09-14,0,On Time
ORD002788,SUP0059,PRD0027,2026-06-23,1999,Standard,2026-06-28,2026-06-28,0,On Time
ORD002789,SUP0017,PRD0001,2025-02-19,558,Standard,2025-02-23,2025-02-23,0,On Time
ORD002790,SUP0027,PRD0021,2026-05-19,1032,High,2026-05-25,2026-05-25,0,On Time
ORD002791,SUP0054,PRD0041,2026-09-02,191,Urgent,2026-09-08,2026-09-08,0,On Time
ORD002792,SUP0013,PRD0028,2026-07-10,357,Standard,2026-07-15,2026-07-14,0,On Time
ORD002793,SUP0030,PRD0001,2026-02-07,956,Standard,2026-02-16,2026-02-15,0,On Time
ORD002794,SUP0011,PRD0044,2026-04-11,650,Standard,2026-04-16,2026-04-15,0,On Time
ORD002795,SUP0005,PRD0002,2025-02-20,1744,Standard,2025-03-04,2025-03-04,0,On Time
ORD002796,SUP0060,PRD0005,2025-01-06,1184,Standard,2025-01-13,2025-01-13,0,On Time
ORD002797,SUP0048,PRD0012,2025-10-06,1378,Standard,2025-10-13,2025-10-12,0,On Time
ORD002798,SUP0028,PRD0022,2025-01-10,977,High,2025-01-19,2025-01-22,3,Delayed
ORD002799,SUP0002,PRD0002,2026-02-22,426,Standard,2026-03-03,2026-03-06,3,Delayed
ORD002800,SUP0006,PRD0035,2026-06-04,127,High,2026-06-16,2026-06-15,0,On Time
ORD002801,SUP0018,PRD0028,2026-04-22,450,High,2026-04-28,2026-04-27,0,On Time
ORD002802,SUP0045,PRD0036,2026-03-21,1467,Standard,2026-03-27,2026-03-27,0,On Time
ORD002803,SUP0021,PRD0004,2025-03-04,571,Standard,2025-03-11,2025-03-10,0,On Time
ORD002804,SUP0006,PRD0003,2026-06-14,57,Standard,2026-06-26,2026-06-25,0,On Time
ORD002805,SUP0051,PRD0019,2025-03-24,1795,Standard,2025-03-29,2025-03-28,0,On Time
ORD002806,SUP0041,PRD0040,2026-01-17,64,Standard,2026-01-21,2026-01-25,4,Delayed
ORD002807,SUP0023,PRD0041,2026-08-11,1304,High,2026-08-18,2026-08-18,0,On Time
ORD002808,SUP0045,PRD0008,2025-08-08,1730,Standard,2025-08-14,2025-08-13,0,On Time
ORD002809,SUP0043,PRD0030,2024-10-18,668,High,2024-10-25,2024-10-25,0,On Time
ORD002810,SUP0015,PRD0016,2026-09-05,996,High,2026-09-11,2026-09-11,0,On Time
ORD002811,SUP0032,PRD0005,2026-04-15,1651,Standard,2026-04-21,2026-04-26,5,Delayed
ORD002812,SUP0055,PRD0005,2025-09-18,788,Standard,2025-09-27,2025-09-27,0,On Time
ORD002813,SUP0012,PRD0017,2025-09-04,223,Standard,2025-09-09,2025-09-08,0,On Time
ORD002814,SUP0005,PRD0015,2025-12-04,356,Standard,2025-12-16,2025-12-21,5,Delayed
ORD002815,SUP0056,PRD0011,2026-05-07,630,Standard,2026-05-12,2026-05-12,0,On Time
ORD002816,SUP0017,PRD0005,2026-07-28,605,Standard,2026-08-01,2026-08-01,0,On Time
ORD002817,SUP0017,PRD0018,2025-10-25,1204,Standard,2025-10-29,2025-10-28,0,On Time
ORD002818,SUP0060,PRD0006,2025-08-04,908,Standard,2025-08-11,2025-08-10,0,On Time
ORD002819,SUP0013,PRD0044,2025-02-07,786,Standard,2025-02-12,2025-02-12,0,On Time
ORD002820,SUP0027,PRD0027,2025-09-30,1364,Standard,2025-10-06,2025-10-06,0,On Time
ORD002821,SUP0053,PRD0015,2025-05-07,609,Standard,2025-05-12,2025-05-14,2,Delayed
ORD002822,SUP0047,PRD0002,2025-04-10,802,Standard,2025-04-15,2025-04-15,0,On Time
ORD002823,SUP0003,PRD0006,2026-08-20,1875,Standard,2026-08-29,2026-08-28,0,On Time
ORD002824,SUP0004,PRD0007,2025-11-10,1267,Standard,2025-11-22,2025-11-21,0,On Time
ORD002825,SUP0049,PRD0007,2025-11-18,953,Standard,2025-11-25,2025-11-25,0,On Time
ORD002826,SUP0036,PRD0007,2025-04-22,118,Standard,2025-04-28,2025-04-27,0,On Time
ORD002827,SUP0018,PRD0004,2026-02-04,402,Standard,2026-02-10,2026-02-09,0,On Time
ORD002828,SUP0045,PRD0031,2026-06-10,498,Standard,2026-06-16,2026-06-16,0,On Time
ORD002829,SUP0057,PRD0021,2024-12-31,514,Standard,2025-01-05,2025-01-04,0,On Time
ORD002830,SUP0028,PRD0008,2025-10-13,1514,Standard,2025-10-22,2025-10-22,0,On Time
ORD002831,SUP0049,PRD0007,2025-04-10,1855,Standard,2025-04-17,2025-04-17,0,On Time
ORD002832,SUP0053,PRD0005,2026-08-20,306,Standard,2026-08-25,2026-08-25,0,On Time
ORD002833,SUP0011,PRD0038,2026-04-18,1046,Standard,2026-04-23,2026-04-22,0,On Time
ORD002834,SUP0038,PRD0024,2025-05-06,532,High,2025-05-13,2025-05-12,0,On Time
ORD002835,SUP0056,PRD0014,2026-05-25,1241,Standard,2026-05-30,2026-05-30,0,On Time
ORD002836,SUP0014,PRD0007,2025-02-05,1330,Standard,2025-02-08,2025-02-07,0,On Time
ORD002837,SUP0018,PRD0017,2026-05-18,872,Standard,2026-05-24,2026-05-23,0,On Time
ORD002838,SUP0046,PRD0006,2026-01-26,409,Standard,2026-01-29,2026-01-29,0,On Time
ORD002839,SUP0003,PRD0026,2025-07-30,1936,Standard,2025-08-08,2025-08-08,0,On Time
ORD002840,SUP0051,PRD0044,2025-11-01,455,High,2025-11-06,2025-11-05,0,On Time
ORD002841,SUP0031,PRD0028,2024-12-16,256,Standard,2024-12-25,2024-12-24,0,On Time
ORD002842,SUP0048,PRD0045,2025-06-25,413,Standard,2025-07-02,2025-07-02,0,On Time
ORD002843,SUP0010,PRD0041,2026-03-27,153,Standard,2026-04-03,2026-04-03,0,On Time
ORD002844,SUP0055,PRD0022,2026-06-12,1955,Standard,2026-06-21,2026-06-20,0,On Time
ORD002845,SUP0039,PRD0045,2026-05-07,295,Standard,2026-05-11,2026-05-10,0,On Time
ORD002846,SUP0020,PRD0015,2026-08-03,318,Urgent,2026-08-07,2026-08-13,6,Delayed
ORD002847,SUP0051,PRD0006,2026-08-05,1729,High,2026-08-10,2026-08-09,0,On Time
ORD002848,SUP0060,PRD0005,2025-04-06,1433,High,2025-04-13,2025-04-14,1,Delayed
ORD002849,SUP0030,PRD0031,2025-07-01,588,Standard,2025-07-10,2025-07-09,0,On Time
ORD002850,SUP0026,PRD0045,2025-04-13,779,Standard,2025-04-20,2025-04-20,0,On Time
ORD002851,SUP0023,PRD0031,2026-08-28,378,Standard,2026-09-04,2026-09-04,0,On Time
ORD002852,SUP0050,PRD0045,2024-11-05,1970,Standard,2024-11-07,2024-11-07,0,On Time
ORD002853,SUP0021,PRD0030,2025-04-19,1901,Urgent,2025-04-26,2025-04-26,0,On Time
ORD002854,SUP0032,PRD0010,2025-08-10,949,Standard,2025-08-16,2025-08-16,0,On Time
ORD002855,SUP0048,PRD0030,2024-10-31,1184,High,2024-11-07,2024-11-07,0,On Time
ORD002856,SUP0008,PRD0045,2026-05-20,939,Standard,2026-05-29,2026-05-28,0,On Time
ORD002857,SUP0034,PRD0028,2025-12-26,1940,Standard,2025-12-30,2026-01-06,7,Delayed
ORD002858,SUP0026,PRD0036,2024-12-17,407,Urgent,2024-12-24,2024-12-29,5,Delayed
ORD002859,SUP0056,PRD0014,2025-07-15,1204,Standard,2025-07-20,2025-07-19,0,On Time
ORD002860,SUP0030,PRD0045,2025-05-01,1394,Standard,2025-05-10,2025-05-17,7,Delayed
ORD002861,SUP0025,PRD0001,2026-09-22,901,Standard,2026-09-30,,,In Transit
ORD002862,SUP0037,PRD0012,2026-08-29,1573,Standard,2026-09-05,2026-09-12,7,Delayed
ORD002863,SUP0053,PRD0014,2026-03-05,1152,Standard,2026-03-10,2026-03-10,0,On Time
ORD002864,SUP0028,PRD0013,2025-04-03,1710,High,2025-04-12,2025-04-19,7,Delayed
ORD002865,SUP0030,PRD0001,2025-03-06,99,Standard,2025-03-15,2025-03-14,0,On Time
ORD002866,SUP0052,PRD0015,2024-11-30,270,Standard,2024-12-09,2024-12-09,0,On Time
ORD002867,SUP0004,PRD0036,2025-03-16,312,Standard,2025-03-28,2025-03-28,0,On Time
ORD002868,SUP0046,PRD0025,2026-09-24,921,Standard,2026-09-27,,,In Transit
ORD002869,SUP0006,PRD0016,2025-07-05,1560,Standard,2025-07-17,2025-07-22,5,Delayed
ORD002870,SUP0058,PRD0018,2026-08-31,1220,Standard,2026-09-06,2026-09-05,0,On Time
ORD002871,SUP0059,PRD0019,2026-08-08,399,Standard,2026-08-13,2026-08-13,0,On Time
ORD002872,SUP0019,PRD0017,2025-10-16,1854,High,2025-10-20,2025-10-20,0,On Time
ORD002873,SUP0020,PRD0010,2026-08-03,1155,Urgent,2026-08-07,2026-08-06,0,On Time
ORD002874,SUP0034,PRD0028,2026-02-05,985,Standard,2026-02-09,2026-02-08,0,On Time
ORD002875,SUP0007,PRD0007,2025-02-06,427,Standard,2025-02-17,2025-02-20,3,Delayed
ORD002876,SUP0044,PRD0045,2026-09-07,345,Standard,2026-09-13,2026-09-13,0,On Time
ORD002877,SUP0008,PRD0001,2025-05-18,1789,Standard,2025-05-27,2025-05-26,0,On Time
ORD002878,SUP0007,PRD0006,2026-09-11,388,Standard,2026-09-22,2026-09-25,3,Delayed
ORD002879,SUP0032,PRD0003,2025-03-26,201,Standard,2025-04-01,2025-03-31,0,On Time
ORD002880,SUP0019,PRD0036,2025-12-11,1047,Standard,2025-12-15,2025-12-14,0,On Time
ORD002881,SUP0034,PRD0043,2025-09-03,1902,Standard,2025-09-07,2025-09-07,0,On Time
ORD002882,SUP0013,PRD0024,2025-06-15,1959,Standard,2025-06-20,2025-06-19,0,On Time
ORD002883,SUP0008,PRD0012,2026-01-09,1842,Standard,2026-01-18,2026-01-17,0,On Time
ORD002884,SUP0006,PRD0009,2024-10-21,482,High,2024-11-02,2024-11-02,0,On Time
ORD002885,SUP0013,PRD0021,2026-09-21,1745,High,2026-09-26,,,In Transit
ORD002886,SUP0002,PRD0015,2026-04-21,1235,High,2026-04-30,2026-04-29,0,On Time
ORD002887,SUP0024,PRD0037,2026-05-29,190,Urgent,2026-06-06,2026-06-05,0,On Time
ORD002888,SUP0023,PRD0045,2024-10-20,1272,Standard,2024-10-27,2024-10-27,0,On Time
ORD002889,SUP0055,PRD0025,2026-03-02,1700,Standard,2026-03-11,2026-03-10,0,On Time
ORD002890,SUP0052,PRD0032,2026-04-16,345,Standard,2026-04-25,2026-04-25,0,On Time
ORD002891,SUP0034,PRD0005,2026-07-09,1572,Urgent,2026-07-13,2026-07-12,0,On Time
ORD002892,SUP0052,PRD0036,2025-07-13,857,Standard,2025-07-22,2025-07-21,0,On Time
ORD002893,SUP0013,PRD0013,2025-10-13,1885,Standard,2025-10-18,2025-10-17,0,On Time
ORD002894,SUP0040,PRD0005,2024-10-15,1327,Standard,2024-10-21,2024-10-20,0,On Time
ORD002895,SUP0055,PRD0018,2026-08-22,1818,High,2026-08-31,2026-08-31,0,On Time
ORD002896,SUP0032,PRD0012,2026-03-30,744,Standard,2026-04-05,2026-04-04,0,On Time
ORD002897,SUP0019,PRD0018,2025-12-06,471,Standard,2025-12-10,2025-12-10,0,On Time
ORD002898,SUP0044,PRD0024,2025-04-10,1680,Standard,2025-04-16,2025-04-16,0,On Time
ORD002899,SUP0015,PRD0029,2025-01-17,602,Standard,2025-01-23,2025-01-23,0,On Time
ORD002900,SUP0052,PRD0013,2025-04-23,1278,Standard,2025-05-02,2025-05-01,0,On Time
ORD002901,SUP0047,PRD0008,2025-07-12,1269,High,2025-07-17,2025-07-16,0,On Time
ORD002902,SUP0020,PRD0002,2025-06-14,238,Standard,2025-06-18,2025-06-18,0,On Time
ORD002903,SUP0014,PRD0014,2024-10-27,929,Standard,2024-10-30,2024-10-29,0,On Time
ORD002904,SUP0058,PRD0042,2026-02-24,1409,Standard,2026-03-02,2026-03-02,0,On Time
ORD002905,SUP0048,PRD0023,2026-09-02,1511,High,2026-09-09,2026-09-09,0,On Time
ORD002906,SUP0016,PRD0002,2025-03-21,1993,High,2025-03-29,2025-03-29,0,On Time
ORD002907,SUP0008,PRD0031,2024-12-09,1582,Standard,2024-12-18,2024-12-23,5,Delayed
ORD002908,SUP0040,PRD0044,2024-11-27,27,Standard,2024-12-03,2024-12-05,2,Delayed
ORD002909,SUP0049,PRD0034,2026-06-02,710,Standard,2026-06-09,2026-06-09,0,On Time
ORD002910,SUP0049,PRD0006,2024-12-18,1016,Standard,2024-12-25,2024-12-29,4,Delayed
ORD002911,SUP0003,PRD0028,2026-03-07,10,High,2026-03-16,2026-03-15,0,On Time
ORD002912,SUP0008,PRD0016,2026-08-24,424,Standard,2026-09-02,2026-09-09,7,Delayed
ORD002913,SUP0035,PRD0013,2025-09-19,1209,Standard,2025-09-24,2025-09-24,0,On Time
ORD002914,SUP0012,PRD0044,2025-01-09,1826,High,2025-01-14,2025-01-13,0,On Time
ORD002915,SUP0007,PRD0038,2025-08-25,386,Standard,2025-09-05,2025-09-05,0,On Time
ORD002916,SUP0027,PRD0016,2025-12-14,258,Standard,2025-12-20,2025-12-20,0,On Time
ORD002917,SUP0050,PRD0017,2026-07-23,412,High,2026-07-25,2026-07-24,0,On Time
ORD002918,SUP0054,PRD0005,2025-06-12,1054,Standard,2025-06-18,2025-06-20,2,Delayed
ORD002919,SUP0010,PRD0015,2026-04-20,189,Standard,2026-04-27,2026-04-27,0,On Time
ORD002920,SUP0012,PRD0024,2026-02-14,710,Urgent,2026-02-19,2026-02-19,0,On Time
ORD002921,SUP0031,PRD0032,2026-07-16,704,High,2026-07-25,2026-07-25,0,On Time
ORD002922,SUP0056,PRD0029,2025-08-01,1774,High,2025-08-06,2025-08-10,4,Delayed
ORD002923,SUP0029,PRD0016,2025-07-10,938,Standard,2025-07-15,2025-07-14,0,On Time
ORD002924,SUP0034,PRD0026,2024-11-23,1382,Standard,2024-11-27,2024-11-27,0,On Time
ORD002925,SUP0006,PRD0019,2026-08-11,1774,Standard,2026-08-23,2026-08-30,7,Delayed
ORD002926,SUP0028,PRD0018,2025-07-04,1352,Standard,2025-07-13,2025-07-12,0,On Time
ORD002927,SUP0057,PRD0029,2026-09-26,1004,Standard,2026-10-01,,,In Transit
ORD002928,SUP0034,PRD0028,2024-10-02,1906,Standard,2024-10-06,2024-10-06,0,On Time
ORD002929,SUP0041,PRD0031,2026-09-24,1556,Standard,2026-09-28,,,In Transit
ORD002930,SUP0024,PRD0015,2025-02-16,1413,Standard,2025-02-24,2025-02-24,0,On Time
ORD002931,SUP0004,PRD0022,2025-11-27,1770,High,2025-12-09,2025-12-08,0,On Time
ORD002932,SUP0025,PRD0027,2025-09-20,660,High,2025-09-28,2025-09-28,0,On Time
ORD002933,SUP0027,PRD0032,2025-06-06,1130,High,2025-06-12,2025-06-11,0,On Time
ORD002934,SUP0004,PRD0032,2026-04-27,1617,Standard,2026-05-09,2026-05-08,0,On Time
ORD002935,SUP0013,PRD0036,2026-07-20,378,Urgent,2026-07-25,2026-07-25,0,On Time
ORD002936,SUP0051,PRD0037,2025-06-19,1261,High,2025-06-24,2025-06-23,0,On Time
ORD002937,SUP0057,PRD0042,2025-01-22,657,Standard,2025-01-27,2025-01-27,0,On Time
ORD002938,SUP0053,PRD0026,2025-12-20,1682,Standard,2025-12-25,2025-12-25,0,On Time
ORD002939,SUP0005,PRD0037,2025-03-14,484,Standard,2025-03-26,2025-03-25,0,On Time
ORD002940,SUP0018,PRD0040,2025-04-06,868,Standard,2025-04-12,2025-04-11,0,On Time
ORD002941,SUP0028,PRD0044,2026-08-17,1572,Standard,2026-08-26,2026-08-26,0,On Time
ORD002942,SUP0036,PRD0015,2025-01-02,1616,Standard,2025-01-08,2025-01-08,0,On Time
ORD002943,SUP0029,PRD0045,2024-11-12,282,High,2024-11-17,2024-11-17,0,On Time
ORD002944,SUP0014,PRD0002,2025-05-29,11,Standard,2025-06-01,2025-06-01,0,On Time
ORD002945,SUP0044,PRD0013,2025-03-27,1218,Standard,2025-04-02,2025-04-01,0,On Time
ORD002946,SUP0015,PRD0044,2025-04-15,1158,Standard,2025-04-21,2025-04-21,0,On Time
ORD002947,SUP0014,PRD0038,2024-10-29,1686,Urgent,2024-11-01,2024-11-01,0,On Time
ORD002948,SUP0059,PRD0008,2025-07-12,1271,High,2025-07-17,2025-07-17,0,On Time
ORD002949,SUP0044,PRD0036,2026-08-25,1428,Standard,2026-08-31,2026-08-31,0,On Time
ORD002950,SUP0023,PRD0012,2025-09-16,740,Standard,2025-09-23,2025-09-23,0,On Time
ORD002951,SUP0014,PRD0018,2026-03-01,1785,Standard,2026-03-04,2026-03-04,0,On Time
ORD002952,SUP0023,PRD0024,2026-07-27,1462,Standard,2026-08-03,2026-08-03,0,On Time
ORD002953,SUP0021,PRD0011,2026-02-14,487,Standard,2026-02-21,2026-02-21,0,On Time
ORD002954,SUP0035,PRD0036,2026-01-28,1824,Standard,2026-02-02,2026-02-01,0,On Time
ORD002955,SUP0007,PRD0038,2025-11-05,1029,High,2025-11-16,2025-11-16,0,On Time
ORD002956,SUP0052,PRD0001,2025-06-10,559,Standard,2025-06-19,2025-06-19,0,On Time
ORD002957,SUP0009,PRD0014,2024-11-04,1586,High,2024-11-10,2024-11-09,0,On Time
ORD002958,SUP0058,PRD0009,2024-12-31,799,Standard,2025-01-06,2025-01-05,0,On Time
ORD002959,SUP0015,PRD0005,2024-12-29,1827,High,2025-01-04,2025-01-04,0,On Time
ORD002960,SUP0013,PRD0026,2025-11-18,769,Urgent,2025-11-23,2025-11-22,0,On Time
ORD002961,SUP0028,PRD0030,2026-04-03,476,Standard,2026-04-12,2026-04-11,0,On Time
ORD002962,SUP0044,PRD0002,2026-04-01,997,Standard,2026-04-07,2026-04-07,0,On Time
ORD002963,SUP0060,PRD0016,2025-04-15,1063,Standard,2025-04-22,2025-04-21,0,On Time
ORD002964,SUP0035,PRD0032,2025-04-06,224,High,2025-04-11,2025-04-10,0,On Time
ORD002965,SUP0025,PRD0001,2025-05-30,1500,Standard,2025-06-07,2025-06-10,3,Delayed
ORD002966,SUP0030,PRD0014,2025-05-16,994,Standard,2025-05-25,2025-05-25,0,On Time
ORD002967,SUP0034,PRD0018,2024-10-23,1248,Urgent,2024-10-27,2024-10-26,0,On Time
ORD002968,SUP0016,PRD0044,2025-10-09,1062,High,2025-10-17,2025-10-16,0,On Time
ORD002969,SUP0036,PRD0039,2026-09-20,1015,Standard,2026-09-26,2026-09-25,0,On Time
ORD002970,SUP0047,PRD0007,2025-02-03,775,Standard,2025-02-08,2025-02-08,0,On Time
ORD002971,SUP0031,PRD0010,2025-09-25,911,High,2025-10-04,2025-10-03,0,On Time
ORD002972,SUP0004,PRD0038,2025-10-28,56,Standard,2025-11-09,2025-11-14,5,Delayed
ORD002973,SUP0009,PRD0019,2025-04-23,536,Urgent,2025-04-29,2025-04-28,0,On Time
ORD002974,SUP0039,PRD0002,2026-05-25,671,Standard,2026-05-29,2026-05-29,0,On Time
ORD002975,SUP0021,PRD0044,2026-06-21,233,High,2026-06-28,2026-06-28,0,On Time
ORD002976,SUP0035,PRD0021,2026-01-14,967,Standard,2026-01-19,2026-01-19,0,On Time
ORD002977,SUP0052,PRD0023,2026-04-29,702,High,2026-05-08,2026-05-08,0,On Time
ORD002978,SUP0039,PRD0039,2025-07-20,1141,High,2025-07-24,2025-07-24,0,On Time
ORD002979,SUP0047,PRD0037,2026-01-14,126,High,2026-01-19,2026-01-18,0,On Time
ORD002980,SUP0027,PRD0043,2026-07-29,111,High,2026-08-04,2026-08-03,0,On Time
ORD002981,SUP0041,PRD0034,2026-06-11,853,Standard,2026-06-15,2026-06-14,0,On Time
ORD002982,SUP0030,PRD0024,2026-01-13,1696,Standard,2026-01-22,2026-01-27,5,Delayed
ORD002983,SUP0055,PRD0034,2025-11-06,1209,High,2025-11-15,2025-11-15,0,On Time
ORD002984,SUP0047,PRD0039,2025-01-27,537,Standard,2025-02-01,2025-02-01,0,On Time
ORD002985,SUP0018,PRD0025,2025-09-21,1692,Standard,2025-09-27,2025-09-27,0,On Time
ORD002986,SUP0028,PRD0034,2024-11-28,979,Standard,2024-12-07,2024-12-07,0,On Time
ORD002987,SUP0010,PRD0008,2026-07-31,1096,High,2026-08-07,2026-08-06,0,On Time
ORD002988,SUP0027,PRD0015,2026-07-28,1673,High,2026-08-03,2026-08-02,0,On Time
ORD002989,SUP0028,PRD0041,2026-07-12,1021,Standard,2026-07-21,2026-07-21,0,On Time
ORD002990,SUP0012,PRD0010,2025-01-21,1873,High,2025-01-26,2025-01-26,0,On Time
ORD002991,SUP0059,PRD0033,2026-06-27,924,High,2026-07-02,2026-07-01,0,On Time
ORD002992,SUP0007,PRD0006,2025-01-09,1931,High,2025-01-20,2025-01-21,1,Delayed
ORD002993,SUP0037,PRD0004,2025-10-13,1976,Standard,2025-10-20,2025-10-20,0,On Time
ORD002994,SUP0020,PRD0006,2025-11-10,1756,Standard,2025-11-14,2025-11-14,0,On Time
ORD002995,SUP0022,PRD0015,2025-08-07,1075,Standard,2025-08-15,2025-08-14,0,On Time
ORD002996,SUP0058,PRD0035,2025-12-17,1946,High,2025-12-23,2025-12-22,0,On Time
ORD002997,SUP0012,PRD0042,2025-06-19,1643,Standard,2025-06-24,2025-06-23,0,On Time
ORD002998,SUP0048,PRD0022,2025-04-26,402,Standard,2025-05-03,2025-05-02,0,On Time
ORD002999,SUP0022,PRD0001,2026-01-05,1911,High,2026-01-13,2026-01-15,2,Delayed
ORD003000,SUP0005,PRD0032,2026-08-14,481,Standard,2026-08-26,2026-08-25,0,On Time
ORD003001,SUP0006,PRD0001,2025-07-26,578,Standard,2025-08-07,2025-08-08,1,Delayed
ORD003002,SUP0045,PRD0026,2026-09-16,1419,Urgent,2026-09-22,2026-09-21,0,On Time
ORD003003,SUP0049,PRD0021,2024-10-02,1613,Standard,2024-10-09,2024-10-09,0,On Time
ORD003004,SUP0051,PRD0023,2025-04-21,1226,Standard,2025-04-26,2025-04-25,0,On Time
ORD003005,SUP0056,PRD0038,2025-12-25,1958,Standard,2025-12-30,2025-12-29,0,On Time
ORD003006,SUP0038,PRD0043,2026-02-06,1828,Urgent,2026-02-13,2026-02-13,0,On Time
ORD003007,SUP0013,PRD0033,2025-07-20,1816,Standard,2025-07-25,2025-07-25,0,On Time
ORD003008,SUP0011,PRD0043,2026-01-29,861,High,2026-02-03,2026-02-07,4,Delayed
ORD003009,SUP0013,PRD0024,2026-02-19,1995,Standard,2026-02-24,2026-02-23,0,On Time
ORD003010,SUP0034,PRD0010,2025-08-29,685,Standard,2025-09-02,2025-09-01,0,On Time
ORD003011,SUP0024,PRD0040,2025-12-09,558,Standard,2025-12-17,2025-12-16,0,On Time
ORD003012,SUP0054,PRD0036,2025-02-02,736,Urgent,2025-02-08,2025-02-07,0,On Time
ORD003013,SUP0046,PRD0029,2026-01-20,678,Standard,2026-01-23,2026-01-22,0,On Time
ORD003014,SUP0056,PRD0010,2026-05-02,541,Standard,2026-05-07,2026-05-07,0,On Time
ORD003015,SUP0041,PRD0009,2024-10-26,1398,Urgent,2024-10-30,2024-10-29,0,On Time
ORD003016,SUP0029,PRD0013,2025-08-19,176,Standard,2025-08-24,2025-08-24,0,On Time
ORD003017,SUP0038,PRD0027,2025-10-20,381,Standard,2025-10-27,2025-10-27,0,On Time
ORD003018,SUP0052,PRD0034,2026-09-05,924,Standard,2026-09-14,2026-09-14,0,On Time
ORD003019,SUP0047,PRD0009,2026-09-02,1932,Standard,2026-09-07,2026-09-06,0,On Time
ORD003020,SUP0038,PRD0038,2026-01-09,77,Standard,2026-01-16,2026-01-15,0,On Time
ORD003021,SUP0033,PRD0016,2026-05-26,1993,Standard,2026-06-01,2026-05-31,0,On Time
ORD003022,SUP0037,PRD0007,2025-12-03,870,Standard,2025-12-10,2025-12-09,0,On Time
ORD003023,SUP0038,PRD0040,2024-10-09,633,Standard,2024-10-16,2024-10-15,0,On Time
ORD003024,SUP0052,PRD0027,2024-12-07,1504,Urgent,2024-12-16,2024-12-21,5,Delayed
ORD003025,SUP0037,PRD0007,2026-04-17,1054,Standard,2026-04-24,2026-04-23,0,On Time
ORD003026,SUP0008,PRD0043,2025-12-31,326,Standard,2026-01-09,2026-01-08,0,On Time
ORD003027,SUP0027,PRD0035,2025-04-07,1018,Urgent,2025-04-13,2025-04-12,0,On Time
ORD003028,SUP0056,PRD0039,2026-01-16,1812,Urgent,2026-01-21,2026-01-21,0,On Time
ORD003029,SUP0039,PRD0008,2024-12-28,436,Standard,2025-01-01,2025-01-01,0,On Time
ORD003030,SUP0018,PRD0004,2025-01-09,1811,Standard,2025-01-15,2025-01-14,0,On Time
ORD003031,SUP0046,PRD0005,2026-02-26,1032,Standard,2026-03-01,2026-02-28,0,On Time
ORD003032,SUP0039,PRD0044,2025-07-19,820,Standard,2025-07-23,2025-07-26,3,Delayed
ORD003033,SUP0041,PRD0021,2025-08-02,1384,Standard,2025-08-06,2025-08-06,0,On Time
ORD003034,SUP0045,PRD0032,2025-12-01,1317,High,2025-12-07,2025-12-06,0,On Time
ORD003035,SUP0016,PRD0013,2024-12-31,1353,Urgent,2025-01-08,2025-01-07,0,On Time
ORD003036,SUP0045,PRD0036,2025-03-28,1764,Standard,2025-04-03,2025-04-02,0,On Time
ORD003037,SUP0015,PRD0016,2026-02-19,113,High,2026-02-25,2026-02-26,1,Delayed
ORD003038,SUP0006,PRD0045,2026-09-19,177,High,2026-10-01,,,In Transit
ORD003039,SUP0039,PRD0010,2025-07-28,988,Standard,2025-08-01,2025-08-01,0,On Time
ORD003040,SUP0034,PRD0045,2025-03-31,1884,Standard,2025-04-04,2025-04-03,0,On Time
ORD003041,SUP0029,PRD0018,2024-12-30,1630,Standard,2025-01-04,2025-01-04,0,On Time
ORD003042,SUP0021,PRD0006,2025-09-21,1612,High,2025-09-28,2025-10-05,7,Delayed
ORD003043,SUP0049,PRD0032,2025-01-15,1503,Standard,2025-01-22,2025-01-22,0,On Time
ORD003044,SUP0043,PRD0006,2026-07-18,1293,Standard,2026-07-25,2026-07-24,0,On Time
ORD003045,SUP0052,PRD0032,2025-06-02,1334,High,2025-06-11,2025-06-10,0,On Time
ORD003046,SUP0038,PRD0002,2026-04-29,1589,Standard,2026-05-06,2026-05-06,0,On Time
ORD003047,SUP0025,PRD0010,2026-03-28,1092,Standard,2026-04-05,2026-04-04,0,On Time
ORD003048,SUP0017,PRD0039,2025-05-19,738,Standard,2025-05-23,2025-05-23,0,On Time
ORD003049,SUP0025,PRD0035,2025-04-02,102,Standard,2025-04-10,2025-04-09,0,On Time
ORD003050,SUP0008,PRD0039,2025-12-26,608,Standard,2026-01-04,2026-01-11,7,Delayed
ORD003051,SUP0031,PRD0002,2025-01-11,871,Standard,2025-01-20,2025-01-19,0,On Time
ORD003052,SUP0048,PRD0039,2025-09-08,1679,High,2025-09-15,2025-09-14,0,On Time
ORD003053,SUP0043,PRD0039,2026-02-02,431,Standard,2026-02-09,2026-02-08,0,On Time
ORD003054,SUP0031,PRD0018,2025-07-23,345,Standard,2025-08-01,2025-08-01,0,On Time
ORD003055,SUP0060,PRD0032,2026-04-09,91,Standard,2026-04-16,2026-04-15,0,On Time
ORD003056,SUP0054,PRD0011,2025-08-10,1286,Standard,2025-08-16,2025-08-16,0,On Time
ORD003057,SUP0004,PRD0005,2026-07-23,487,High,2026-08-04,2026-08-03,0,On Time
ORD003058,SUP0030,PRD0038,2025-02-02,1246,Standard,2025-02-11,2025-02-11,0,On Time
ORD003059,SUP0039,PRD0042,2025-12-30,1704,Standard,2026-01-03,2026-01-02,0,On Time
ORD003060,SUP0059,PRD0045,2026-02-09,1270,Standard,2026-02-14,2026-02-14,0,On Time
ORD003061,SUP0023,PRD0004,2024-10-31,1278,Standard,2024-11-07,2024-11-07,0,On Time
ORD003062,SUP0019,PRD0024,2025-11-22,394,Standard,2025-11-26,2025-11-26,0,On Time
ORD003063,SUP0038,PRD0040,2026-08-18,1332,Standard,2026-08-25,2026-08-25,0,On Time
ORD003064,SUP0010,PRD0033,2025-04-15,201,High,2025-04-22,2025-04-22,0,On Time
ORD003065,SUP0008,PRD0017,2025-12-20,652,High,2025-12-29,2025-12-29,0,On Time
ORD003066,SUP0058,PRD0012,2026-04-27,1585,High,2026-05-03,2026-05-03,0,On Time
ORD003067,SUP0010,PRD0025,2024-11-17,1991,Standard,2024-11-24,2024-11-24,0,On Time
ORD003068,SUP0003,PRD0037,2025-08-10,53,Standard,2025-08-19,2025-08-22,3,Delayed
ORD003069,SUP0048,PRD0028,2026-05-14,1093,High,2026-05-21,2026-05-21,0,On Time
ORD003070,SUP0002,PRD0030,2025-08-16,300,Urgent,2025-08-25,2025-08-24,0,On Time
ORD003071,SUP0042,PRD0036,2026-09-25,47,Standard,2026-10-02,,,In Transit
ORD003072,SUP0032,PRD0004,2025-03-07,297,Urgent,2025-03-13,2025-03-12,0,On Time
ORD003073,SUP0036,PRD0011,2025-05-23,1885,Standard,2025-05-29,2025-05-28,0,On Time
ORD003074,SUP0030,PRD0039,2025-06-27,1300,Standard,2025-07-06,2025-07-07,1,Delayed
ORD003075,SUP0052,PRD0015,2026-04-18,655,High,2026-04-27,2026-04-26,0,On Time
ORD003076,SUP0040,PRD0015,2025-09-04,621,Standard,2025-09-10,2025-09-10,0,On Time
ORD003077,SUP0008,PRD0042,2025-08-24,1352,High,2025-09-02,2025-09-02,0,On Time
ORD003078,SUP0047,PRD0004,2025-04-07,281,Standard,2025-04-12,2025-04-12,0,On Time
ORD003079,SUP0037,PRD0034,2025-10-15,1188,Standard,2025-10-22,2025-10-22,0,On Time
ORD003080,SUP0053,PRD0044,2025-02-21,1853,Standard,2025-02-26,2025-02-26,0,On Time
ORD003081,SUP0016,PRD0034,2025-10-21,846,Standard,2025-10-29,2025-10-29,0,On Time
ORD003082,SUP0001,PRD0045,2026-01-03,691,Standard,2026-01-15,2026-01-14,0,On Time
ORD003083,SUP0020,PRD0033,2025-06-18,1228,Standard,2025-06-22,2025-06-22,0,On Time
ORD003084,SUP0009,PRD0003,2026-06-21,1049,Urgent,2026-06-27,2026-06-27,0,On Time
ORD003085,SUP0007,PRD0035,2025-02-13,1294,Standard,2025-02-24,2025-02-23,0,On Time
ORD003086,SUP0043,PRD0037,2026-01-06,432,High,2026-01-13,2026-01-12,0,On Time
ORD003087,SUP0055,PRD0030,2025-01-27,1093,Standard,2025-02-05,2025-02-05,0,On Time
ORD003088,SUP0034,PRD0039,2025-08-11,1763,Standard,2025-08-15,2025-08-15,0,On Time
ORD003089,SUP0026,PRD0007,2026-03-08,442,High,2026-03-15,2026-03-14,0,On Time
ORD003090,SUP0018,PRD0045,2025-06-18,1787,Standard,2025-06-24,2025-06-24,0,On Time
ORD003091,SUP0050,PRD0028,2025-08-13,1693,Urgent,2025-08-15,2025-08-16,1,Delayed
ORD003092,SUP0007,PRD0012,2026-09-26,671,Standard,2026-10-07,,,In Transit
ORD003093,SUP0022,PRD0036,2025-09-09,1333,Standard,2025-09-17,2025-09-16,0,On Time
ORD003094,SUP0001,PRD0043,2025-04-07,119,Standard,2025-04-19,2025-04-25,6,Delayed
ORD003095,SUP0007,PRD0009,2025-08-30,1294,Urgent,2025-09-10,2025-09-09,0,On Time
ORD003096,SUP0028,PRD0040,2025-05-14,185,Standard,2025-05-23,2025-05-23,0,On Time
ORD003097,SUP0052,PRD0039,2026-01-06,1174,High,2026-01-15,2026-01-15,0,On Time
ORD003098,SUP0057,PRD0017,2025-09-27,794,Standard,2025-10-02,2025-10-02,0,On Time
ORD003099,SUP0007,PRD0040,2026-04-09,332,High,2026-04-20,2026-04-19,0,On Time
ORD003100,SUP0006,PRD0039,2025-05-08,416,Standard,2025-05-20,2025-05-20,0,On Time
ORD003101,SUP0040,PRD0021,2026-05-28,1838,Standard,2026-06-03,2026-06-03,0,On Time
ORD003102,SUP0059,PRD0005,2025-10-07,1181,Standard,2025-10-12,2025-10-11,0,On Time
ORD003103,SUP0049,PRD0016,2025-05-30,907,Standard,2025-06-06,2025-06-06,0,On Time
ORD003104,SUP0042,PRD0014,2026-06-25,1207,Standard,2026-07-02,2026-07-02,0,On Time
ORD003105,SUP0044,PRD0024,2024-11-03,1260,Standard,2024-11-09,2024-11-09,0,On Time
ORD003106,SUP0003,PRD0040,2025-11-06,1757,Standard,2025-11-15,2025-11-14,0,On Time
ORD003107,SUP0004,PRD0034,2025-01-27,1501,Urgent,2025-02-08,2025-02-07,0,On Time
ORD003108,SUP0007,PRD0016,2024-11-02,989,Standard,2024-11-13,2024-11-19,6,Delayed
ORD003109,SUP0047,PRD0031,2026-03-23,333,Standard,2026-03-28,2026-03-27,0,On Time
ORD003110,SUP0045,PRD0026,2026-04-17,703,Standard,2026-04-23,2026-04-23,0,On Time
ORD003111,SUP0052,PRD0025,2026-04-15,607,Standard,2026-04-24,2026-04-24,0,On Time
ORD003112,SUP0050,PRD0020,2025-07-01,935,Standard,2025-07-03,2025-07-03,0,On Time
ORD003113,SUP0009,PRD0017,2025-04-18,1305,High,2025-04-24,2025-04-23,0,On Time
ORD003114,SUP0056,PRD0042,2024-11-13,558,Standard,2024-11-18,2024-11-25,7,Delayed
ORD003115,SUP0054,PRD0025,2025-07-02,1769,Standard,2025-07-08,2025-07-07,0,On Time
ORD003116,SUP0014,PRD0036,2026-07-20,1609,Standard,2026-07-23,2026-07-22,0,On Time
ORD003117,SUP0047,PRD0013,2025-05-21,1417,Standard,2025-05-26,2025-05-25,0,On Time
ORD003118,SUP0028,PRD0045,2026-04-26,1664,Standard,2026-05-05,2026-05-04,0,On Time
ORD003119,SUP0017,PRD0001,2026-07-29,1717,Standard,2026-08-02,2026-08-02,0,On Time
ORD003120,SUP0038,PRD0023,2026-03-18,1631,High,2026-03-25,2026-03-24,0,On Time
ORD003121,SUP0002,PRD0023,2026-07-08,119,High,2026-07-17,2026-07-16,0,On Time
ORD003122,SUP0046,PRD0045,2025-11-16,1777,Standard,2025-11-19,2025-11-19,0,On Time
ORD003123,SUP0048,PRD0006,2025-09-16,930,Standard,2025-09-23,2025-09-23,0,On Time
ORD003124,SUP0037,PRD0029,2024-11-01,1356,Standard,2024-11-08,2024-11-10,2,Delayed
ORD003125,SUP0020,PRD0024,2026-03-16,1692,Standard,2026-03-20,2026-03-26,6,Delayed
ORD003126,SUP0035,PRD0022,2026-05-14,1853,Standard,2026-05-19,2026-05-18,0,On Time
ORD003127,SUP0012,PRD0021,2024-12-10,828,Standard,2024-12-15,2024-12-14,0,On Time
ORD003128,SUP0057,PRD0038,2025-03-03,717,Standard,2025-03-08,2025-03-07,0,On Time
ORD003129,SUP0023,PRD0022,2026-07-23,489,Standard,2026-07-30,2026-07-30,0,On Time
ORD003130,SUP0051,PRD0003,2025-06-30,887,Standard,2025-07-05,2025-07-05,0,On Time
ORD003131,SUP0040,PRD0011,2026-06-26,193,Standard,2026-07-02,2026-07-02,0,On Time
ORD003132,SUP0024,PRD0045,2025-04-14,662,Standard,2025-04-22,2025-04-26,4,Delayed
ORD003133,SUP0026,PRD0016,2025-07-29,1760,Standard,2025-08-05,2025-08-05,0,On Time
ORD003134,SUP0003,PRD0045,2026-04-18,427,Standard,2026-04-27,2026-05-01,4,Delayed
ORD003135,SUP0051,PRD0034,2025-12-08,160,High,2025-12-13,2025-12-13,0,On Time
ORD003136,SUP0017,PRD0035,2025-12-16,1227,Standard,2025-12-20,2025-12-20,0,On Time
ORD003137,SUP0040,PRD0011,2025-09-10,1244,Standard,2025-09-16,2025-09-15,0,On Time
ORD003138,SUP0019,PRD0032,2025-11-24,311,Standard,2025-11-28,2025-11-27,0,On Time
ORD003139,SUP0031,PRD0014,2025-10-29,488,High,2025-11-07,2025-11-07,0,On Time
ORD003140,SUP0057,PRD0010,2026-09-08,1157,Urgent,2026-09-13,2026-09-12,0,On Time
ORD003141,SUP0040,PRD0005,2025-09-21,381,High,2025-09-27,2025-09-26,0,On Time
ORD003142,SUP0001,PRD0006,2025-11-26,178,Standard,2025-12-08,2025-12-07,0,On Time
ORD003143,SUP0002,PRD0037,2025-11-12,551,Urgent,2025-11-21,2025-11-21,0,On Time
ORD003144,SUP0028,PRD0030,2025-08-27,721,Standard,2025-09-05,2025-09-04,0,On Time
ORD003145,SUP0024,PRD0003,2026-06-27,412,Standard,2026-07-05,2026-07-12,7,Delayed
ORD003146,SUP0003,PRD0045,2025-12-17,1665,Standard,2025-12-26,2025-12-29,3,Delayed
ORD003147,SUP0054,PRD0029,2025-06-10,1514,Standard,2025-06-16,2025-06-15,0,On Time
ORD003148,SUP0007,PRD0031,2026-07-10,1288,Standard,2026-07-21,2026-07-20,0,On Time
ORD003149,SUP0022,PRD0002,2025-07-20,1197,Standard,2025-07-28,2025-07-28,0,On Time
ORD003150,SUP0047,PRD0029,2025-07-27,1637,High,2025-08-01,2025-07-31,0,On Time
ORD003151,SUP0011,PRD0011,2025-07-06,60,Standard,2025-07-11,2025-07-12,1,Delayed
ORD003152,SUP0041,PRD0024,2026-04-08,1620,Standard,2026-04-12,2026-04-11,0,On Time
ORD003153,SUP0012,PRD0038,2025-02-22,1314,Standard,2025-02-27,2025-03-04,5,Delayed
ORD003154,SUP0055,PRD0039,2024-11-29,1049,Standard,2024-12-08,2024-12-07,0,On Time
ORD003155,SUP0001,PRD0042,2025-11-15,357,High,2025-11-27,2025-12-03,6,Delayed
ORD003156,SUP0011,PRD0012,2024-12-07,888,High,2024-12-12,2024-12-11,0,On Time
ORD003157,SUP0006,PRD0035,2025-08-09,369,Standard,2025-08-21,2025-08-20,0,On Time
ORD003158,SUP0028,PRD0004,2026-08-18,1455,Standard,2026-08-27,2026-08-26,0,On Time
ORD003159,SUP0029,PRD0013,2026-06-29,1348,Standard,2026-07-04,2026-07-03,0,On Time
ORD003160,SUP0009,PRD0016,2025-10-28,1953,High,2025-11-03,2025-11-03,0,On Time
ORD003161,SUP0009,PRD0036,2025-06-13,1449,High,2025-06-19,2025-06-18,0,On Time
ORD003162,SUP0045,PRD0037,2025-12-07,870,High,2025-12-13,2025-12-13,0,On Time
ORD003163,SUP0053,PRD0026,2025-06-20,1483,Standard,2025-06-25,2025-06-24,0,On Time
ORD003164,SUP0037,PRD0015,2025-08-25,1447,High,2025-09-01,2025-09-01,0,On Time
ORD003165,SUP0044,PRD0039,2026-05-23,1429,High,2026-05-29,2026-05-29,0,On Time
ORD003166,SUP0029,PRD0001,2026-01-19,1821,Standard,2026-01-24,2026-01-26,2,Delayed
ORD003167,SUP0013,PRD0040,2026-04-13,87,Standard,2026-04-18,2026-04-18,0,On Time
ORD003168,SUP0007,PRD0011,2026-03-22,1715,Standard,2026-04-02,2026-04-05,3,Delayed
ORD003169,SUP0037,PRD0023,2026-05-09,1129,Urgent,2026-05-16,2026-05-16,0,On Time
ORD003170,SUP0019,PRD0015,2026-01-12,869,Standard,2026-01-16,2026-01-20,4,Delayed
ORD003171,SUP0029,PRD0036,2026-05-15,429,Standard,2026-05-20,2026-05-20,0,On Time
ORD003172,SUP0054,PRD0020,2025-05-07,1730,High,2025-05-13,2025-05-12,0,On Time
ORD003173,SUP0007,PRD0035,2026-07-17,1899,High,2026-07-28,2026-07-28,0,On Time
ORD003174,SUP0049,PRD0031,2025-07-08,515,Standard,2025-07-15,2025-07-14,0,On Time
ORD003175,SUP0022,PRD0022,2026-07-05,1702,High,2026-07-13,2026-07-13,0,On Time
ORD003176,SUP0013,PRD0034,2025-02-07,27,Standard,2025-02-12,2025-02-12,0,On Time
ORD003177,SUP0055,PRD0019,2026-05-04,1599,Standard,2026-05-13,2026-05-12,0,On Time
ORD003178,SUP0007,PRD0008,2024-11-24,1169,Standard,2024-12-05,2024-12-12,7,Delayed
ORD003179,SUP0016,PRD0045,2026-01-22,1911,Standard,2026-01-30,2026-01-29,0,On Time
ORD003180,SUP0051,PRD0004,2025-10-15,1132,High,2025-10-20,2025-10-20,0,On Time
ORD003181,SUP0022,PRD0040,2026-05-18,1987,Urgent,2026-05-26,2026-05-25,0,On Time
ORD003182,SUP0018,PRD0037,2026-02-10,1094,Standard,2026-02-16,2026-02-15,0,On Time
ORD003183,SUP0051,PRD0037,2026-05-25,1687,Standard,2026-05-30,2026-05-30,0,On Time
ORD003184,SUP0028,PRD0042,2026-07-08,1777,Standard,2026-07-17,2026-07-16,0,On Time
ORD003185,SUP0029,PRD0026,2025-12-29,176,Standard,2026-01-03,2026-01-03,0,On Time
ORD003186,SUP0038,PRD0025,2026-05-03,739,High,2026-05-10,2026-05-10,0,On Time
ORD003187,SUP0039,PRD0038,2025-05-19,695,Standard,2025-05-23,2025-05-22,0,On Time
ORD003188,SUP0047,PRD0021,2025-01-24,1060,Standard,2025-01-29,2025-01-28,0,On Time
ORD003189,SUP0040,PRD0026,2026-05-01,1118,Standard,2026-05-07,2026-05-07,0,On Time
ORD003190,SUP0043,PRD0002,2026-01-24,1660,Standard,2026-01-31,2026-01-30,0,On Time
ORD003191,SUP0030,PRD0002,2026-03-24,1039,Standard,2026-04-02,2026-04-01,0,On Time
ORD003192,SUP0040,PRD0040,2026-09-03,483,Standard,2026-09-09,2026-09-08,0,On Time
ORD003193,SUP0048,PRD0045,2025-06-24,1821,Standard,2025-07-01,2025-07-01,0,On Time
ORD003194,SUP0003,PRD0033,2024-11-01,140,Standard,2024-11-10,2024-11-17,7,Delayed
ORD003195,SUP0020,PRD0026,2025-04-17,265,Standard,2025-04-21,2025-04-23,2,Delayed
ORD003196,SUP0048,PRD0023,2025-12-04,1137,Standard,2025-12-11,2025-12-11,0,On Time
ORD003197,SUP0005,PRD0036,2025-08-02,791,Standard,2025-08-14,2025-08-18,4,Delayed
ORD003198,SUP0048,PRD0011,2025-12-22,1127,Standard,2025-12-29,2026-01-02,4,Delayed
ORD003199,SUP0001,PRD0019,2026-04-02,785,Standard,2026-04-14,2026-04-14,0,On Time
ORD003200,SUP0057,PRD0022,2025-03-11,904,Urgent,2025-03-16,2025-03-15,0,On Time
ORD003201,SUP0024,PRD0015,2026-08-30,676,Urgent,2026-09-07,2026-09-07,0,On Time
ORD003202,SUP0003,PRD0042,2025-01-21,1673,High,2025-01-30,2025-01-29,0,On Time
ORD003203,SUP0004,PRD0016,2025-05-20,1880,Standard,2025-06-01,2025-05-31,0,On Time
ORD003204,SUP0009,PRD0005,2026-07-09,507,Standard,2026-07-15,2026-07-15,0,On Time
ORD003205,SUP0029,PRD0009,2025-02-19,476,Standard,2025-02-24,2025-02-23,0,On Time
ORD003206,SUP0007,PRD0034,2025-04-26,807,High,2025-05-07,2025-05-07,0,On Time
ORD003207,SUP0053,PRD0041,2024-11-10,1677,Standard,2024-11-15,2024-11-15,0,On Time
ORD003208,SUP0003,PRD0014,2025-02-27,456,High,2025-03-08,2025-03-07,0,On Time
ORD003209,SUP0056,PRD0045,2025-12-10,729,High,2025-12-15,2025-12-14,0,On Time
ORD003210,SUP0003,PRD0042,2026-02-20,450,Standard,2026-03-01,2026-03-03,2,Delayed
ORD003211,SUP0048,PRD0014,2025-05-25,1911,Urgent,2025-06-01,2025-06-01,0,On Time
ORD003212,SUP0046,PRD0021,2024-12-25,197,Standard,2024-12-28,2024-12-27,0,On Time
ORD003213,SUP0058,PRD0029,2025-06-27,1679,Standard,2025-07-03,2025-07-02,0,On Time
ORD003214,SUP0014,PRD0018,2025-05-01,1295,High,2025-05-04,2025-05-04,0,On Time
ORD003215,SUP0023,PRD0011,2026-03-30,475,Standard,2026-04-06,2026-04-05,0,On Time
ORD003216,SUP0041,PRD0041,2025-08-04,909,Standard,2025-08-08,2025-08-07,0,On Time
ORD003217,SUP0038,PRD0009,2025-09-29,1153,Standard,2025-10-06,2025-10-06,0,On Time
ORD003218,SUP0041,PRD0015,2025-08-09,1088,High,2025-08-13,2025-08-12,0,On Time
ORD003219,SUP0058,PRD0035,2025-01-04,732,Standard,2025-01-10,2025-01-10,0,On Time
ORD003220,SUP0054,PRD0041,2025-09-07,1017,Standard,2025-09-13,2025-09-12,0,On Time
ORD003221,SUP0015,PRD0033,2025-12-27,745,High,2026-01-02,2026-01-02,0,On Time
ORD003222,SUP0037,PRD0016,2024-10-11,189,Urgent,2024-10-18,2024-10-18,0,On Time
ORD003223,SUP0004,PRD0014,2026-05-10,1755,High,2026-05-22,2026-05-22,0,On Time
ORD003224,SUP0008,PRD0041,2026-05-10,315,Standard,2026-05-19,2026-05-26,7,Delayed
ORD003225,SUP0012,PRD0033,2024-11-21,991,Standard,2024-11-26,2024-11-25,0,On Time
ORD003226,SUP0012,PRD0010,2025-04-21,618,Standard,2025-04-26,2025-04-26,0,On Time
ORD003227,SUP0029,PRD0001,2025-02-01,970,Standard,2025-02-06,2025-02-05,0,On Time
ORD003228,SUP0007,PRD0044,2025-01-15,214,Standard,2025-01-26,2025-01-25,0,On Time
ORD003229,SUP0011,PRD0028,2026-02-05,1957,High,2026-02-10,2026-02-09,0,On Time
ORD003230,SUP0012,PRD0023,2026-01-30,1731,Standard,2026-02-04,2026-02-04,0,On Time
ORD003231,SUP0045,PRD0037,2026-08-19,591,Urgent,2026-08-25,2026-08-25,0,On Time
ORD003232,SUP0010,PRD0043,2025-01-22,319,High,2025-01-29,2025-01-29,0,On Time
ORD003233,SUP0055,PRD0033,2024-12-06,1065,Standard,2024-12-15,2024-12-14,0,On Time
ORD003234,SUP0055,PRD0037,2025-10-14,227,Urgent,2025-10-23,2025-10-22,0,On Time
ORD003235,SUP0024,PRD0010,2024-12-29,1402,Standard,2025-01-06,2025-01-06,0,On Time
ORD003236,SUP0015,PRD0024,2026-01-02,1347,Standard,2026-01-08,2026-01-07,0,On Time
ORD003237,SUP0007,PRD0027,2025-04-28,614,High,2025-05-09,2025-05-09,0,On Time
ORD003238,SUP0022,PRD0036,2025-05-19,837,Standard,2025-05-27,2025-05-27,0,On Time
ORD003239,SUP0048,PRD0005,2025-08-27,657,Standard,2025-09-03,2025-09-02,0,On Time
ORD003240,SUP0037,PRD0044,2025-05-15,161,Standard,2025-05-22,2025-05-22,0,On Time
ORD003241,SUP0050,PRD0026,2024-12-13,627,Standard,2024-12-15,2024-12-14,0,On Time
ORD003242,SUP0051,PRD0013,2025-07-31,17,Standard,2025-08-05,2025-08-05,0,On Time
ORD003243,SUP0015,PRD0010,2025-12-24,1130,Standard,2025-12-30,2025-12-30,0,On Time
ORD003244,SUP0035,PRD0035,2024-11-22,1958,Standard,2024-11-27,2024-11-27,0,On Time
ORD003245,SUP0031,PRD0020,2026-08-28,200,Standard,2026-09-06,2026-09-05,0,On Time
ORD003246,SUP0028,PRD0033,2024-11-07,331,High,2024-11-16,2024-11-16,0,On Time
ORD003247,SUP0006,PRD0019,2024-12-09,1588,Standard,2024-12-21,2024-12-25,4,Delayed
ORD003248,SUP0019,PRD0041,2026-04-14,587,Standard,2026-04-18,2026-04-18,0,On Time
ORD003249,SUP0004,PRD0031,2026-07-04,51,Standard,2026-07-16,2026-07-16,0,On Time
ORD003250,SUP0049,PRD0024,2026-06-20,601,Standard,2026-06-27,2026-06-26,0,On Time
ORD003251,SUP0050,PRD0015,2026-08-15,1326,Urgent,2026-08-17,2026-08-16,0,On Time
ORD003252,SUP0020,PRD0011,2026-02-04,82,Standard,2026-02-08,2026-02-07,0,On Time
ORD003253,SUP0007,PRD0041,2025-04-19,478,Standard,2025-04-30,2025-04-30,0,On Time
ORD003254,SUP0007,PRD0016,2024-10-03,454,Standard,2024-10-14,2024-10-13,0,On Time
ORD003255,SUP0040,PRD0012,2025-09-07,537,Standard,2025-09-13,2025-09-13,0,On Time
ORD003256,SUP0034,PRD0004,2025-05-12,1853,Urgent,2025-05-16,2025-05-16,0,On Time
ORD003257,SUP0060,PRD0014,2025-04-13,1186,Standard,2025-04-20,2025-04-19,0,On Time
ORD003258,SUP0010,PRD0035,2025-04-15,1119,Standard,2025-04-22,2025-04-22,0,On Time
ORD003259,SUP0009,PRD0007,2025-06-18,664,High,2025-06-24,2025-06-24,0,On Time
ORD003260,SUP0044,PRD0023,2025-06-22,1498,Standard,2025-06-28,2025-06-27,0,On Time
ORD003261,SUP0047,PRD0015,2026-05-25,342,Standard,2026-05-30,2026-06-06,7,Delayed
ORD003262,SUP0040,PRD0011,2025-12-04,1090,Standard,2025-12-10,2025-12-09,0,On Time
ORD003263,SUP0006,PRD0033,2026-07-02,833,High,2026-07-14,2026-07-15,1,Delayed
ORD003264,SUP0048,PRD0045,2026-08-17,1330,Standard,2026-08-24,2026-08-24,0,On Time
ORD003265,SUP0007,PRD0016,2025-07-05,955,Standard,2025-07-16,2025-07-15,0,On Time
ORD003266,SUP0058,PRD0044,2026-06-10,632,Standard,2026-06-16,2026-06-16,0,On Time
ORD003267,SUP0025,PRD0016,2026-07-21,1849,Urgent,2026-07-29,2026-07-29,0,On Time
ORD003268,SUP0029,PRD0015,2025-06-28,538,High,2025-07-03,2025-07-02,0,On Time
ORD003269,SUP0016,PRD0010,2024-12-23,1339,Standard,2024-12-31,2024-12-31,0,On Time
ORD003270,SUP0047,PRD0040,2025-12-20,721,Standard,2025-12-25,2025-12-24,0,On Time
ORD003271,SUP0046,PRD0003,2026-04-17,457,High,2026-04-20,2026-04-19,0,On Time
ORD003272,SUP0004,PRD0007,2025-03-12,96,Standard,2025-03-24,2025-03-25,1,Delayed
ORD003273,SUP0033,PRD0030,2025-07-19,1312,Standard,2025-07-25,2025-07-24,0,On Time
ORD003274,SUP0032,PRD0043,2025-01-10,645,Standard,2025-01-16,2025-01-22,6,Delayed
ORD003275,SUP0020,PRD0010,2024-12-10,585,Standard,2024-12-14,2024-12-14,0,On Time
ORD003276,SUP0008,PRD0014,2025-11-01,1653,Standard,2025-11-10,2025-11-09,0,On Time
ORD003277,SUP0015,PRD0032,2026-07-13,756,Standard,2026-07-19,2026-07-18,0,On Time
ORD003278,SUP0054,PRD0043,2025-01-22,603,Standard,2025-01-28,2025-01-28,0,On Time
ORD003279,SUP0029,PRD0008,2025-06-13,1399,Standard,2025-06-18,2025-06-17,0,On Time
ORD003280,SUP0058,PRD0039,2024-10-16,1992,Urgent,2024-10-22,2024-10-21,0,On Time
ORD003281,SUP0034,PRD0005,2026-02-12,374,Standard,2026-02-16,2026-02-16,0,On Time
ORD003282,SUP0006,PRD0040,2026-07-01,1996,Standard,2026-07-13,2026-07-16,3,Delayed
ORD003283,SUP0016,PRD0026,2025-11-19,262,Standard,2025-11-27,2025-11-27,0,On Time
ORD003284,SUP0046,PRD0031,2025-11-13,1249,Standard,2025-11-16,2025-11-15,0,On Time
ORD003285,SUP0045,PRD0020,2026-02-01,631,Standard,2026-02-07,2026-02-06,0,On Time
ORD003286,SUP0031,PRD0006,2025-01-31,1907,Urgent,2025-02-09,2025-02-16,7,Delayed
ORD003287,SUP0054,PRD0005,2026-04-17,990,Standard,2026-04-23,2026-04-23,0,On Time
ORD003288,SUP0003,PRD0026,2026-06-13,1867,Standard,2026-06-22,2026-06-21,0,On Time
ORD003289,SUP0024,PRD0037,2025-10-28,1703,Standard,2025-11-05,2025-11-04,0,On Time
ORD003290,SUP0034,PRD0029,2026-07-29,1498,Standard,2026-08-02,2026-08-02,0,On Time
ORD003291,SUP0026,PRD0030,2025-12-10,1688,High,2025-12-17,2025-12-16,0,On Time
ORD003292,SUP0035,PRD0010,2025-04-04,505,Standard,2025-04-09,2025-04-08,0,On Time
ORD003293,SUP0022,PRD0028,2026-07-18,113,High,2026-07-26,2026-07-26,0,On Time
ORD003294,SUP0034,PRD0037,2025-10-10,1445,Standard,2025-10-14,2025-10-14,0,On Time
ORD003295,SUP0041,PRD0043,2025-04-01,1629,Standard,2025-04-05,2025-04-05,0,On Time
ORD003296,SUP0046,PRD0026,2025-08-14,623,Standard,2025-08-17,2025-08-17,0,On Time
ORD003297,SUP0017,PRD0004,2025-09-01,1901,Standard,2025-09-05,2025-09-04,0,On Time
ORD003298,SUP0042,PRD0002,2024-12-02,1604,Standard,2024-12-09,2024-12-09,0,On Time
ORD003299,SUP0031,PRD0036,2025-01-08,1339,Standard,2025-01-17,2025-01-17,0,On Time
ORD003300,SUP0001,PRD0031,2025-05-11,970,Standard,2025-05-23,2025-05-28,5,Delayed
ORD003301,SUP0040,PRD0031,2025-06-11,136,Standard,2025-06-17,2025-06-16,0,On Time
ORD003302,SUP0017,PRD0045,2026-05-13,1369,Standard,2026-05-17,2026-05-16,0,On Time
ORD003303,SUP0057,PRD0024,2025-03-23,1709,Standard,2025-03-28,2025-03-27,0,On Time
ORD003304,SUP0034,PRD0007,2026-01-16,817,Standard,2026-01-20,2026-01-24,4,Delayed
ORD003305,SUP0016,PRD0044,2026-03-29,1688,Standard,2026-04-06,2026-04-05,0,On Time
ORD003306,SUP0013,PRD0010,2025-05-28,1782,High,2025-06-02,2025-06-01,0,On Time
ORD003307,SUP0016,PRD0025,2024-10-28,1282,High,2024-11-05,2024-11-05,0,On Time
ORD003308,SUP0038,PRD0027,2025-09-26,656,Standard,2025-10-03,2025-10-03,0,On Time
ORD003309,SUP0026,PRD0034,2026-07-03,1436,Standard,2026-07-10,2026-07-09,0,On Time
ORD003310,SUP0044,PRD0007,2024-10-22,866,Standard,2024-10-28,2024-10-31,3,Delayed
ORD003311,SUP0026,PRD0001,2025-06-08,824,Standard,2025-06-15,2025-06-14,0,On Time
ORD003312,SUP0009,PRD0015,2025-04-05,1571,Standard,2025-04-11,2025-04-11,0,On Time
ORD003313,SUP0013,PRD0039,2026-04-04,1244,Standard,2026-04-09,2026-04-09,0,On Time
ORD003314,SUP0003,PRD0009,2025-10-24,459,High,2025-11-02,2025-11-02,0,On Time
ORD003315,SUP0015,PRD0027,2026-09-03,258,Standard,2026-09-09,2026-09-08,0,On Time
ORD003316,SUP0039,PRD0013,2025-07-30,1600,Standard,2025-08-03,2025-08-03,0,On Time
ORD003317,SUP0055,PRD0037,2025-05-30,437,Standard,2025-06-08,2025-06-08,0,On Time
ORD003318,SUP0038,PRD0006,2025-03-23,345,Standard,2025-03-30,2025-03-29,0,On Time
ORD003319,SUP0026,PRD0033,2026-03-27,1672,Standard,2026-04-03,2026-04-02,0,On Time
ORD003320,SUP0025,PRD0010,2024-10-11,1605,Urgent,2024-10-19,2024-10-18,0,On Time
ORD003321,SUP0050,PRD0012,2025-05-08,1752,Standard,2025-05-10,2025-05-10,0,On Time
ORD003322,SUP0006,PRD0001,2026-02-07,882,High,2026-02-19,2026-02-19,0,On Time
ORD003323,SUP0055,PRD0001,2026-09-09,1125,High,2026-09-18,2026-09-17,0,On Time
ORD003324,SUP0007,PRD0037,2025-05-22,1871,Standard,2025-06-02,2025-06-01,0,On Time
ORD003325,SUP0059,PRD0028,2024-12-12,777,Standard,2024-12-17,2024-12-17,0,On Time
ORD003326,SUP0019,PRD0002,2025-12-05,1953,High,2025-12-09,2025-12-08,0,On Time
ORD003327,SUP0058,PRD0014,2025-12-13,1422,Standard,2025-12-19,2025-12-18,0,On Time
ORD003328,SUP0050,PRD0003,2025-12-20,1348,High,2025-12-22,2025-12-29,7,Delayed
ORD003329,SUP0057,PRD0043,2026-03-30,673,Standard,2026-04-04,2026-04-04,0,On Time
ORD003330,SUP0020,PRD0008,2025-01-29,1852,Standard,2025-02-02,2025-02-02,0,On Time
ORD003331,SUP0001,PRD0032,2025-02-01,1043,Standard,2025-02-13,2025-02-13,0,On Time
ORD003332,SUP0048,PRD0024,2026-07-20,1926,Standard,2026-07-27,2026-07-26,0,On Time
ORD003333,SUP0054,PRD0035,2025-10-25,1325,Standard,2025-10-31,2025-10-31,0,On Time
ORD003334,SUP0005,PRD0004,2025-06-25,1069,Standard,2025-07-07,2025-07-07,0,On Time
ORD003335,SUP0024,PRD0036,2024-11-07,398,Standard,2024-11-15,2024-11-14,0,On Time
ORD003336,SUP0033,PRD0026,2026-04-14,538,High,2026-04-20,2026-04-22,2,Delayed
ORD003337,SUP0047,PRD0014,2025-04-16,523,Standard,2025-04-21,2025-04-21,0,On Time
ORD003338,SUP0024,PRD0044,2025-11-06,779,High,2025-11-14,2025-11-17,3,Delayed
ORD003339,SUP0060,PRD0033,2025-09-09,287,Standard,2025-09-16,2025-09-16,0,On Time
ORD003340,SUP0001,PRD0021,2026-05-04,246,Standard,2026-05-16,2026-05-15,0,On Time
ORD003341,SUP0015,PRD0027,2026-09-19,235,Standard,2026-09-25,2026-09-25,0,On Time
ORD003342,SUP0002,PRD0028,2024-10-11,994,Standard,2024-10-20,2024-10-19,0,On Time
ORD003343,SUP0021,PRD0015,2026-09-26,678,High,2026-10-03,,,In Transit
ORD003344,SUP0048,PRD0033,2025-07-04,1778,Standard,2025-07-11,2025-07-11,0,On Time
ORD003345,SUP0049,PRD0003,2026-02-11,1004,High,2026-02-18,2026-02-17,0,On Time
ORD003346,SUP0001,PRD0030,2025-12-29,1439,Urgent,2026-01-10,2026-01-14,4,Delayed
ORD003347,SUP0054,PRD0037,2026-03-19,1628,Standard,2026-03-25,2026-03-24,0,On Time
ORD003348,SUP0002,PRD0044,2025-06-04,404,Standard,2025-06-13,2025-06-13,0,On Time
ORD003349,SUP0053,PRD0005,2026-09-07,1961,Standard,2026-09-12,2026-09-11,0,On Time
ORD003350,SUP0029,PRD0036,2026-02-17,60,Standard,2026-02-22,2026-02-22,0,On Time
ORD003351,SUP0028,PRD0028,2025-10-11,428,Standard,2025-10-20,2025-10-19,0,On Time
ORD003352,SUP0037,PRD0018,2026-08-26,1757,High,2026-09-02,2026-09-08,6,Delayed
ORD003353,SUP0004,PRD0043,2025-06-03,1597,High,2025-06-15,2025-06-14,0,On Time
ORD003354,SUP0002,PRD0007,2025-02-18,270,Standard,2025-02-27,2025-02-27,0,On Time
ORD003355,SUP0056,PRD0028,2025-10-22,1550,Urgent,2025-10-27,2025-10-26,0,On Time
ORD003356,SUP0006,PRD0031,2024-11-09,665,Urgent,2024-11-21,2024-11-24,3,Delayed
ORD003357,SUP0030,PRD0016,2026-08-16,1374,Standard,2026-08-25,2026-08-24,0,On Time
ORD003358,SUP0049,PRD0013,2025-12-02,1935,Standard,2025-12-09,2025-12-09,0,On Time
ORD003359,SUP0008,PRD0045,2026-02-22,805,Standard,2026-03-03,2026-03-02,0,On Time
ORD003360,SUP0053,PRD0042,2026-06-22,1942,Standard,2026-06-27,2026-07-02,5,Delayed
ORD003361,SUP0031,PRD0018,2024-11-06,1353,Urgent,2024-11-15,2024-11-14,0,On Time
ORD003362,SUP0014,PRD0031,2026-05-22,208,Standard,2026-05-25,2026-05-25,0,On Time
ORD003363,SUP0022,PRD0045,2026-07-15,1886,Standard,2026-07-23,2026-07-23,0,On Time
ORD003364,SUP0047,PRD0040,2026-09-12,860,Standard,2026-09-17,2026-09-16,0,On Time
ORD003365,SUP0020,PRD0042,2025-12-21,978,Standard,2025-12-25,2025-12-31,6,Delayed
ORD003366,SUP0058,PRD0038,2026-09-25,700,Standard,2026-10-01,,,In Transit
ORD003367,SUP0010,PRD0038,2026-04-16,295,Standard,2026-04-23,2026-04-22,0,On Time
ORD003368,SUP0011,PRD0002,2025-04-26,986,High,2025-05-01,2025-04-30,0,On Time
ORD003369,SUP0002,PRD0037,2026-08-20,1370,Standard,2026-08-29,2026-09-05,7,Delayed
ORD003370,SUP0035,PRD0020,2025-02-27,757,Standard,2025-03-04,2025-03-03,0,On Time
ORD003371,SUP0052,PRD0029,2025-04-13,1120,High,2025-04-22,2025-04-21,0,On Time
ORD003372,SUP0004,PRD0040,2025-06-29,441,Standard,2025-07-11,2025-07-10,0,On Time
ORD003373,SUP0027,PRD0004,2026-03-23,1516,High,2026-03-29,2026-03-29,0,On Time
ORD003374,SUP0038,PRD0043,2024-11-26,1646,Standard,2024-12-03,2024-12-03,0,On Time
ORD003375,SUP0014,PRD0023,2026-01-05,1104,Standard,2026-01-08,2026-01-15,7,Delayed
ORD003376,SUP0058,PRD0005,2026-01-01,14,High,2026-01-07,2026-01-07,0,On Time
ORD003377,SUP0017,PRD0019,2025-01-19,1438,High,2025-01-23,2025-01-22,0,On Time
ORD003378,SUP0016,PRD0012,2026-03-23,474,Standard,2026-03-31,2026-04-02,2,Delayed
ORD003379,SUP0030,PRD0035,2025-03-29,856,Standard,2025-04-07,2025-04-06,0,On Time
ORD003380,SUP0011,PRD0010,2025-12-18,458,High,2025-12-23,2025-12-22,0,On Time
ORD003381,SUP0010,PRD0013,2026-01-16,415,Standard,2026-01-23,2026-01-24,1,Delayed
ORD003382,SUP0046,PRD0029,2026-01-13,1249,High,2026-01-16,2026-01-16,0,On Time
ORD003383,SUP0026,PRD0011,2025-11-10,1631,Standard,2025-11-17,2025-11-18,1,Delayed
ORD003384,SUP0037,PRD0004,2025-03-03,1394,Standard,2025-03-10,2025-03-10,0,On Time
ORD003385,SUP0006,PRD0022,2025-12-29,736,Urgent,2026-01-10,2026-01-09,0,On Time
ORD003386,SUP0005,PRD0045,2025-10-13,76,Standard,2025-10-25,2025-10-24,0,On Time
ORD003387,SUP0041,PRD0007,2025-04-09,1724,Standard,2025-04-13,2025-04-12,0,On Time
ORD003388,SUP0035,PRD0043,2026-05-19,925,Standard,2026-05-24,2026-05-23,0,On Time
ORD003389,SUP0024,PRD0022,2025-12-09,1263,Standard,2025-12-17,2025-12-17,0,On Time
ORD003390,SUP0058,PRD0024,2025-04-26,1500,Standard,2025-05-02,2025-05-01,0,On Time
ORD003391,SUP0046,PRD0004,2025-03-14,1874,High,2025-03-17,2025-03-17,0,On Time
ORD003392,SUP0058,PRD0045,2025-09-13,497,Standard,2025-09-19,2025-09-19,0,On Time
ORD003393,SUP0026,PRD0033,2025-08-16,1208,Standard,2025-08-23,2025-08-22,0,On Time
ORD003394,SUP0032,PRD0039,2026-03-01,16,Urgent,2026-03-07,2026-03-07,0,On Time
ORD003395,SUP0045,PRD0034,2025-02-09,1845,Urgent,2025-02-15,2025-02-14,0,On Time
ORD003396,SUP0039,PRD0013,2025-11-18,1988,Standard,2025-11-22,2025-11-22,0,On Time
ORD003397,SUP0004,PRD0042,2025-09-26,296,Standard,2025-10-08,2025-10-08,0,On Time
ORD003398,SUP0007,PRD0025,2024-12-18,528,Standard,2024-12-29,2025-01-04,6,Delayed
ORD003399,SUP0045,PRD0004,2025-10-12,57,Standard,2025-10-18,2025-10-18,0,On Time
ORD003400,SUP0030,PRD0010,2024-10-23,548,Standard,2024-11-01,2024-11-01,0,On Time
ORD003401,SUP0015,PRD0041,2025-05-29,291,Standard,2025-06-04,2025-06-03,0,On Time
ORD003402,SUP0044,PRD0026,2026-01-17,1962,Urgent,2026-01-23,2026-01-23,0,On Time
ORD003403,SUP0019,PRD0034,2026-07-13,907,Standard,2026-07-17,2026-07-17,0,On Time
ORD003404,SUP0026,PRD0033,2026-05-04,391,Standard,2026-05-11,2026-05-11,0,On Time
ORD003405,SUP0002,PRD0008,2026-08-20,901,Standard,2026-08-29,2026-08-28,0,On Time
ORD003406,SUP0017,PRD0038,2025-11-11,90,Standard,2025-11-15,2025-11-14,0,On Time
ORD003407,SUP0008,PRD0022,2026-01-29,1952,Standard,2026-02-07,2026-02-13,6,Delayed
ORD003408,SUP0021,PRD0041,2026-01-25,135,Standard,2026-02-01,2026-01-31,0,On Time
ORD003409,SUP0003,PRD0035,2026-06-18,626,Standard,2026-06-27,2026-06-26,0,On Time
ORD003410,SUP0019,PRD0002,2025-01-15,1297,Urgent,2025-01-19,2025-01-18,0,On Time
ORD003411,SUP0003,PRD0002,2025-02-04,1815,Standard,2025-02-13,2025-02-13,0,On Time
ORD003412,SUP0019,PRD0024,2025-10-29,171,Standard,2025-11-02,2025-11-01,0,On Time
ORD003413,SUP0036,PRD0014,2025-09-09,149,Standard,2025-09-15,2025-09-14,0,On Time
ORD003414,SUP0037,PRD0006,2026-02-28,312,High,2026-03-07,2026-03-07,0,On Time
ORD003415,SUP0040,PRD0024,2026-06-03,346,Standard,2026-06-09,2026-06-08,0,On Time
ORD003416,SUP0056,PRD0002,2026-05-02,830,Urgent,2026-05-07,2026-05-06,0,On Time
ORD003417,SUP0011,PRD0014,2026-05-06,1131,Standard,2026-05-11,2026-05-10,0,On Time
ORD003418,SUP0002,PRD0036,2025-02-10,1237,Standard,2025-02-19,2025-02-19,0,On Time
ORD003419,SUP0044,PRD0021,2025-07-11,1434,Standard,2025-07-17,2025-07-22,5,Delayed
ORD003420,SUP0052,PRD0029,2026-02-04,406,High,2026-02-13,2026-02-12,0,On Time
ORD003421,SUP0044,PRD0008,2025-03-06,572,Standard,2025-03-12,2025-03-12,0,On Time
ORD003422,SUP0034,PRD0035,2026-08-26,406,Standard,2026-08-30,2026-08-30,0,On Time
ORD003423,SUP0060,PRD0009,2024-12-06,37,Standard,2024-12-13,2024-12-13,0,On Time
ORD003424,SUP0007,PRD0044,2025-10-16,242,Standard,2025-10-27,2025-10-26,0,On Time
ORD003425,SUP0005,PRD0012,2026-05-26,1288,Urgent,2026-06-07,2026-06-06,0,On Time
ORD003426,SUP0055,PRD0002,2026-01-23,370,Standard,2026-02-01,2026-01-31,0,On Time
ORD003427,SUP0039,PRD0004,2024-12-02,968,Standard,2024-12-06,2024-12-06,0,On Time
ORD003428,SUP0049,PRD0044,2026-07-25,1867,Standard,2026-08-01,2026-08-07,6,Delayed
ORD003429,SUP0016,PRD0042,2024-11-19,434,Standard,2024-11-27,2024-11-26,0,On Time
ORD003430,SUP0042,PRD0006,2024-10-25,577,High,2024-11-01,2024-11-01,0,On Time
ORD003431,SUP0029,PRD0003,2025-09-06,1747,Standard,2025-09-11,2025-09-14,3,Delayed
ORD003432,SUP0009,PRD0034,2026-01-10,1598,Standard,2026-01-16,2026-01-16,0,On Time
ORD003433,SUP0037,PRD0045,2024-11-09,1910,Standard,2024-11-16,2024-11-16,0,On Time
ORD003434,SUP0029,PRD0007,2025-05-23,1128,Standard,2025-05-28,2025-05-30,2,Delayed
ORD003435,SUP0028,PRD0026,2025-03-29,1141,Standard,2025-04-07,2025-04-07,0,On Time
ORD003436,SUP0044,PRD0025,2025-05-06,1069,Standard,2025-05-12,2025-05-12,0,On Time
ORD003437,SUP0026,PRD0034,2024-10-01,1412,Standard,2024-10-08,2024-10-08,0,On Time
ORD003438,SUP0013,PRD0036,2025-09-29,1416,Standard,2025-10-04,2025-10-04,0,On Time
ORD003439,SUP0037,PRD0026,2026-01-08,1149,Standard,2026-01-15,2026-01-14,0,On Time
ORD003440,SUP0032,PRD0025,2025-02-22,1649,Urgent,2025-02-28,2025-02-27,0,On Time
ORD003441,SUP0023,PRD0011,2026-07-12,1038,High,2026-07-19,2026-07-19,0,On Time
ORD003442,SUP0009,PRD0027,2026-01-14,374,Standard,2026-01-20,2026-01-19,0,On Time
ORD003443,SUP0021,PRD0023,2026-06-02,890,Standard,2026-06-09,2026-06-09,0,On Time
ORD003444,SUP0058,PRD0026,2026-02-07,1762,Standard,2026-02-13,2026-02-13,0,On Time
ORD003445,SUP0046,PRD0025,2025-06-02,819,High,2025-06-05,2025-06-05,0,On Time
ORD003446,SUP0024,PRD0035,2026-07-26,354,Standard,2026-08-03,2026-08-03,0,On Time
ORD003447,SUP0003,PRD0007,2025-02-06,1060,High,2025-02-15,2025-02-14,0,On Time
ORD003448,SUP0006,PRD0013,2025-07-13,1615,Urgent,2025-07-25,2025-07-24,0,On Time
ORD003449,SUP0007,PRD0043,2024-11-01,1143,Standard,2024-11-12,2024-11-15,3,Delayed
ORD003450,SUP0040,PRD0004,2026-09-09,1636,Urgent,2026-09-15,2026-09-15,0,On Time
ORD003451,SUP0003,PRD0030,2024-11-25,900,Standard,2024-12-04,2024-12-07,3,Delayed
ORD003452,SUP0008,PRD0029,2026-08-24,1873,Urgent,2026-09-02,2026-09-07,5,Delayed
ORD003453,SUP0029,PRD0014,2026-05-10,746,Standard,2026-05-15,2026-05-15,0,On Time
ORD003454,SUP0044,PRD0014,2026-05-11,931,Standard,2026-05-17,2026-05-21,4,Delayed
ORD003455,SUP0032,PRD0013,2025-06-05,1453,Standard,2025-06-11,2025-06-11,0,On Time
ORD003456,SUP0039,PRD0037,2026-04-02,857,Standard,2026-04-06,2026-04-05,0,On Time
ORD003457,SUP0058,PRD0009,2025-07-22,1393,Standard,2025-07-28,2025-07-28,0,On Time
ORD003458,SUP0027,PRD0038,2026-01-10,1751,Standard,2026-01-16,2026-01-16,0,On Time
ORD003459,SUP0056,PRD0044,2026-08-28,428,High,2026-09-02,2026-09-01,0,On Time
ORD003460,SUP0046,PRD0019,2026-03-01,1928,High,2026-03-04,2026-03-03,0,On Time
ORD003461,SUP0038,PRD0019,2025-12-05,132,Standard,2025-12-12,2025-12-12,0,On Time
ORD003462,SUP0049,PRD0044,2025-03-14,409,Standard,2025-03-21,2025-03-21,0,On Time
ORD003463,SUP0007,PRD0029,2025-11-28,873,Standard,2025-12-09,2025-12-10,1,Delayed
ORD003464,SUP0006,PRD0012,2026-05-05,1217,High,2026-05-17,2026-05-17,0,On Time
ORD003465,SUP0058,PRD0006,2025-05-28,1713,Standard,2025-06-03,2025-06-02,0,On Time
ORD003466,SUP0031,PRD0029,2025-03-21,1074,Standard,2025-03-30,2025-03-30,0,On Time
ORD003467,SUP0024,PRD0002,2025-12-26,747,Urgent,2026-01-03,2026-01-02,0,On Time
ORD003468,SUP0050,PRD0004,2025-02-05,746,Standard,2025-02-07,2025-02-06,0,On Time
ORD003469,SUP0004,PRD0033,2026-07-11,1320,Standard,2026-07-23,2026-07-22,0,On Time
ORD003470,SUP0046,PRD0044,2025-05-12,1048,Standard,2025-05-15,2025-05-15,0,On Time
ORD003471,SUP0022,PRD0021,2026-07-05,534,Standard,2026-07-13,2026-07-13,0,On Time
ORD003472,SUP0003,PRD0020,2026-01-30,1006,Standard,2026-02-08,2026-02-11,3,Delayed
ORD003473,SUP0017,PRD0041,2026-01-10,1659,High,2026-01-14,2026-01-13,0,On Time
ORD003474,SUP0039,PRD0020,2025-10-24,338,Standard,2025-10-28,2025-10-31,3,Delayed
ORD003475,SUP0019,PRD0015,2026-09-26,532,Standard,2026-09-30,,,In Transit
ORD003476,SUP0006,PRD0001,2025-11-20,709,Standard,2025-12-02,2025-12-04,2,Delayed
ORD003477,SUP0037,PRD0038,2025-09-21,1880,Urgent,2025-09-28,2025-09-27,0,On Time
ORD003478,SUP0029,PRD0011,2024-10-17,153,Standard,2024-10-22,2024-10-21,0,On Time
ORD003479,SUP0052,PRD0026,2025-11-01,670,High,2025-11-10,2025-11-10,0,On Time
ORD003480,SUP0017,PRD0007,2025-01-02,1120,Standard,2025-01-06,2025-01-05,0,On Time
ORD003481,SUP0001,PRD0035,2025-07-10,1086,High,2025-07-22,2025-07-24,2,Delayed
ORD003482,SUP0010,PRD0018,2026-07-30,1330,Standard,2026-08-06,2026-08-06,0,On Time
ORD003483,SUP0030,PRD0031,2025-09-13,642,Urgent,2025-09-22,2025-09-22,0,On Time
ORD003484,SUP0009,PRD0039,2026-03-17,1443,High,2026-03-23,2026-03-23,0,On Time
ORD003485,SUP0032,PRD0015,2025-01-01,1613,Standard,2025-01-07,2025-01-06,0,On Time
ORD003486,SUP0008,PRD0039,2025-05-02,1514,High,2025-05-11,2025-05-10,0,On Time
ORD003487,SUP0026,PRD0032,2025-01-31,295,Standard,2025-02-07,2025-02-06,0,On Time
ORD003488,SUP0056,PRD0035,2025-11-26,763,Standard,2025-12-01,2025-11-30,0,On Time
ORD003489,SUP0023,PRD0009,2026-05-24,1285,Standard,2026-05-31,2026-05-31,0,On Time
ORD003490,SUP0028,PRD0019,2024-10-21,260,High,2024-10-30,2024-10-29,0,On Time
ORD003491,SUP0033,PRD0022,2025-02-26,1897,High,2025-03-04,2025-03-10,6,Delayed
ORD003492,SUP0043,PRD0010,2026-03-24,1788,Standard,2026-03-31,2026-03-31,0,On Time
ORD003493,SUP0029,PRD0007,2026-07-13,1677,High,2026-07-18,2026-07-23,5,Delayed
ORD003494,SUP0019,PRD0035,2025-02-21,1391,Standard,2025-02-25,2025-02-25,0,On Time
ORD003495,SUP0049,PRD0036,2025-07-02,1870,Standard,2025-07-09,2025-07-08,0,On Time
ORD003496,SUP0057,PRD0018,2026-06-29,1568,High,2026-07-04,2026-07-04,0,On Time
ORD003497,SUP0021,PRD0037,2025-06-22,1430,Standard,2025-06-29,2025-06-28,0,On Time
ORD003498,SUP0034,PRD0017,2025-03-10,1940,Urgent,2025-03-14,2025-03-14,0,On Time
ORD003499,SUP0034,PRD0017,2025-10-01,937,Standard,2025-10-05,2025-10-05,0,On Time
ORD003500,SUP0003,PRD0020,2026-03-31,1335,High,2026-04-09,2026-04-10,1,Delayed
ORD003501,SUP0029,PRD0045,2026-04-30,285,Standard,2026-05-05,2026-05-04,0,On Time
ORD003502,SUP0051,PRD0013,2026-09-19,270,High,2026-09-24,2026-09-24,0,On Time
ORD003503,SUP0058,PRD0010,2025-04-24,1702,Standard,2025-04-30,2025-04-30,0,On Time
ORD003504,SUP0007,PRD0042,2025-12-09,340,Standard,2025-12-20,2025-12-19,0,On Time
ORD003505,SUP0017,PRD0027,2025-12-19,1076,Standard,2025-12-23,2025-12-22,0,On Time
ORD003506,SUP0030,PRD0021,2025-11-16,1705,Standard,2025-11-25,2025-11-24,0,On Time
ORD003507,SUP0041,PRD0024,2025-09-16,523,Standard,2025-09-20,2025-09-20,0,On Time
ORD003508,SUP0006,PRD0037,2024-11-14,84,High,2024-11-26,2024-12-01,5,Delayed
ORD003509,SUP0030,PRD0014,2026-07-15,294,High,2026-07-24,2026-07-24,0,On Time
ORD003510,SUP0025,PRD0016,2026-04-08,805,Standard,2026-04-16,2026-04-15,0,On Time
ORD003511,SUP0051,PRD0041,2025-06-06,819,Standard,2025-06-11,2025-06-10,0,On Time
ORD003512,SUP0030,PRD0040,2026-08-31,970,Standard,2026-09-09,2026-09-08,0,On Time
ORD003513,SUP0019,PRD0035,2025-12-26,564,Standard,2025-12-30,2025-12-29,0,On Time
ORD003514,SUP0051,PRD0007,2026-02-24,430,Standard,2026-03-01,2026-03-01,0,On Time
ORD003515,SUP0012,PRD0017,2026-04-01,35,Urgent,2026-04-06,2026-04-13,7,Delayed
ORD003516,SUP0031,PRD0005,2025-11-10,1360,High,2025-11-19,2025-11-18,0,On Time
ORD003517,SUP0035,PRD0029,2024-11-09,1256,Standard,2024-11-14,2024-11-14,0,On Time
ORD003518,SUP0043,PRD0020,2024-11-28,1815,Standard,2024-12-05,2024-12-08,3,Delayed
ORD003519,SUP0014,PRD0002,2025-08-29,722,Standard,2025-09-01,2025-08-31,0,On Time
ORD003520,SUP0052,PRD0019,2024-12-19,1621,High,2024-12-28,2025-01-04,7,Delayed
ORD003521,SUP0004,PRD0036,2026-09-26,340,High,2026-10-08,,,In Transit
ORD003522,SUP0054,PRD0040,2025-07-10,591,Standard,2025-07-16,2025-07-15,0,On Time
ORD003523,SUP0036,PRD0009,2025-05-28,1977,Standard,2025-06-03,2025-06-02,0,On Time
ORD003524,SUP0043,PRD0034,2026-03-25,482,Standard,2026-04-01,2026-04-02,1,Delayed
ORD003525,SUP0003,PRD0044,2024-12-19,382,High,2024-12-28,2024-12-30,2,Delayed
ORD003526,SUP0002,PRD0001,2025-12-09,741,Standard,2025-12-18,2025-12-21,3,Delayed
ORD003527,SUP0060,PRD0038,2025-06-18,559,Standard,2025-06-25,2025-06-25,0,On Time
ORD003528,SUP0053,PRD0003,2025-01-04,1560,Standard,2025-01-09,2025-01-09,0,On Time
ORD003529,SUP0029,PRD0001,2026-01-25,701,Standard,2026-01-30,2026-01-30,0,On Time
ORD003530,SUP0016,PRD0015,2025-03-02,231,Standard,2025-03-10,2025-03-11,1,Delayed
ORD003531,SUP0020,PRD0006,2024-10-15,1263,Urgent,2024-10-19,2024-10-18,0,On Time
ORD003532,SUP0025,PRD0017,2025-12-05,1619,Standard,2025-12-13,2025-12-12,0,On Time
ORD003533,SUP0056,PRD0023,2025-06-20,474,Standard,2025-06-25,2025-06-24,0,On Time
ORD003534,SUP0039,PRD0042,2025-12-18,1413,Urgent,2025-12-22,2025-12-21,0,On Time
ORD003535,SUP0048,PRD0036,2025-05-02,1392,Standard,2025-05-09,2025-05-09,0,On Time
ORD003536,SUP0030,PRD0002,2026-02-09,1574,Standard,2026-02-18,2026-02-17,0,On Time
ORD003537,SUP0017,PRD0004,2025-08-14,232,Standard,2025-08-18,2025-08-17,0,On Time
ORD003538,SUP0015,PRD0010,2025-01-10,1337,Standard,2025-01-16,2025-01-15,0,On Time
ORD003539,SUP0015,PRD0024,2025-09-24,1428,Standard,2025-09-30,2025-09-29,0,On Time
ORD003540,SUP0055,PRD0044,2025-04-04,743,High,2025-04-13,2025-04-13,0,On Time
ORD003541,SUP0050,PRD0040,2025-07-08,95,Standard,2025-07-10,2025-07-09,0,On Time
ORD003542,SUP0017,PRD0030,2025-10-12,718,High,2025-10-16,2025-10-16,0,On Time
ORD003543,SUP0052,PRD0013,2026-08-24,132,Standard,2026-09-02,2026-09-02,0,On Time
ORD003544,SUP0044,PRD0034,2026-02-04,1593,High,2026-02-10,2026-02-10,0,On Time
ORD003545,SUP0050,PRD0008,2025-08-06,1178,Urgent,2025-08-08,2025-08-08,0,On Time
ORD003546,SUP0048,PRD0021,2026-05-01,762,Standard,2026-05-08,2026-05-07,0,On Time
ORD003547,SUP0056,PRD0020,2025-06-27,1792,Standard,2025-07-02,2025-07-02,0,On Time
ORD003548,SUP0028,PRD0018,2025-11-08,1086,Standard,2025-11-17,2025-11-16,0,On Time
ORD003549,SUP0036,PRD0005,2025-11-01,1931,Standard,2025-11-07,2025-11-07,0,On Time
ORD003550,SUP0032,PRD0007,2025-01-27,1261,Standard,2025-02-02,2025-02-01,0,On Time
ORD003551,SUP0046,PRD0008,2025-07-13,569,High,2025-07-16,2025-07-16,0,On Time
ORD003552,SUP0026,PRD0022,2026-09-19,394,Standard,2026-09-26,,,In Transit
ORD003553,SUP0037,PRD0030,2025-10-22,576,Urgent,2025-10-29,2025-10-28,0,On Time
ORD003554,SUP0024,PRD0015,2026-08-19,1404,High,2026-08-27,2026-08-27,0,On Time
ORD003555,SUP0046,PRD0030,2026-03-11,1280,Standard,2026-03-14,2026-03-14,0,On Time
ORD003556,SUP0037,PRD0043,2026-07-30,1169,Standard,2026-08-06,2026-08-05,0,On Time
ORD003557,SUP0025,PRD0009,2025-11-08,1097,Standard,2025-11-16,2025-11-15,0,On Time
ORD003558,SUP0021,PRD0011,2025-09-07,1212,Standard,2025-09-14,2025-09-13,0,On Time
ORD003559,SUP0057,PRD0039,2025-09-01,1803,Standard,2025-09-06,2025-09-05,0,On Time
ORD003560,SUP0046,PRD0035,2025-11-16,85,Standard,2025-11-19,2025-11-19,0,On Time
ORD003561,SUP0046,PRD0020,2026-02-10,1872,Urgent,2026-02-13,2026-02-13,0,On Time
ORD003562,SUP0060,PRD0025,2025-07-13,1965,High,2025-07-20,2025-07-19,0,On Time
ORD003563,SUP0015,PRD0020,2026-02-03,1840,Standard,2026-02-09,2026-02-09,0,On Time
ORD003564,SUP0003,PRD0029,2024-12-06,1720,Standard,2024-12-15,2024-12-16,1,Delayed
ORD003565,SUP0029,PRD0016,2025-11-12,994,Standard,2025-11-17,2025-11-22,5,Delayed
ORD003566,SUP0045,PRD0027,2025-07-24,1292,Standard,2025-07-30,2025-07-30,0,On Time
ORD003567,SUP0049,PRD0026,2026-02-17,1800,Standard,2026-02-24,2026-02-23,0,On Time
ORD003568,SUP0027,PRD0043,2025-01-17,987,Standard,2025-01-23,2025-01-22,0,On Time
ORD003569,SUP0051,PRD0006,2026-03-11,1778,Standard,2026-03-16,2026-03-15,0,On Time
ORD003570,SUP0038,PRD0010,2025-10-17,1321,Urgent,2025-10-24,2025-10-23,0,On Time
ORD003571,SUP0049,PRD0026,2026-06-07,104,High,2026-06-14,2026-06-14,0,On Time
ORD003572,SUP0039,PRD0040,2025-09-21,328,Standard,2025-09-25,2025-09-25,0,On Time
ORD003573,SUP0045,PRD0031,2026-09-25,1869,Standard,2026-10-01,,,In Transit
ORD003574,SUP0001,PRD0024,2025-11-24,1427,Standard,2025-12-06,2025-12-05,0,On Time
ORD003575,SUP0027,PRD0032,2025-04-18,623,High,2025-04-24,2025-04-27,3,Delayed
ORD003576,SUP0050,PRD0043,2025-10-05,976,Standard,2025-10-07,2025-10-07,0,On Time
ORD003577,SUP0025,PRD0014,2026-06-26,875,Standard,2026-07-04,2026-07-04,0,On Time
ORD003578,SUP0018,PRD0013,2026-08-05,1630,Standard,2026-08-11,2026-08-10,0,On Time
ORD003579,SUP0047,PRD0019,2025-01-25,767,Standard,2025-01-30,2025-01-30,0,On Time
ORD003580,SUP0033,PRD0034,2024-11-10,1253,Standard,2024-11-16,2024-11-16,0,On Time
ORD003581,SUP0048,PRD0002,2026-04-08,1019,High,2026-04-15,2026-04-14,0,On Time
ORD003582,SUP0049,PRD0030,2025-12-29,188,Standard,2026-01-05,2026-01-04,0,On Time
ORD003583,SUP0018,PRD0026,2025-07-12,491,Urgent,2025-07-18,2025-07-23,5,Delayed
ORD003584,SUP0039,PRD0010,2026-02-24,1354,Standard,2026-02-28,2026-02-27,0,On Time
ORD003585,SUP0033,PRD0031,2024-11-11,1871,Standard,2024-11-17,2024-11-24,7,Delayed
ORD003586,SUP0019,PRD0041,2024-10-12,439,Standard,2024-10-16,2024-10-15,0,On Time
ORD003587,SUP0029,PRD0012,2025-10-22,1781,Standard,2025-10-27,2025-10-26,0,On Time
ORD003588,SUP0054,PRD0037,2025-04-09,1574,Standard,2025-04-15,2025-04-14,0,On Time
ORD003589,SUP0041,PRD0004,2025-02-27,1090,Urgent,2025-03-03,2025-03-02,0,On Time
ORD003590,SUP0048,PRD0041,2025-01-08,1869,Standard,2025-01-15,2025-01-14,0,On Time
ORD003591,SUP0006,PRD0039,2025-10-21,1130,Standard,2025-11-02,2025-11-05,3,Delayed
ORD003592,SUP0012,PRD0042,2026-09-22,1788,Standard,2026-09-27,,,In Transit
ORD003593,SUP0034,PRD0020,2025-06-28,951,Standard,2025-07-02,2025-07-02,0,On Time
ORD003594,SUP0046,PRD0039,2024-11-10,542,Standard,2024-11-13,2024-11-14,1,Delayed
ORD003595,SUP0007,PRD0032,2025-01-28,1081,High,2025-02-08,2025-02-07,0,On Time
ORD003596,SUP0045,PRD0027,2026-09-11,1988,Standard,2026-09-17,2026-09-17,0,On Time
ORD003597,SUP0029,PRD0041,2025-01-20,1570,Standard,2025-01-25,2025-01-27,2,Delayed
ORD003598,SUP0021,PRD0026,2024-10-25,1230,Standard,2024-11-01,2024-11-01,0,On Time
ORD003599,SUP0049,PRD0004,2026-06-10,1289,Standard,2026-06-17,2026-06-16,0,On Time
ORD003600,SUP0036,PRD0027,2025-06-07,1955,High,2025-06-13,2025-06-13,0,On Time
ORD003601,SUP0020,PRD0011,2025-07-05,90,High,2025-07-09,2025-07-08,0,On Time
ORD003602,SUP0053,PRD0023,2026-05-15,1962,Standard,2026-05-20,2026-05-20,0,On Time
ORD003603,SUP0004,PRD0022,2025-01-28,1445,High,2025-02-09,2025-02-08,0,On Time
ORD003604,SUP0011,PRD0032,2026-03-28,1370,Standard,2026-04-02,2026-04-01,0,On Time
ORD003605,SUP0005,PRD0018,2026-03-17,737,Standard,2026-03-29,2026-03-29,0,On Time
ORD003606,SUP0001,PRD0019,2026-08-27,1523,Standard,2026-09-08,2026-09-08,0,On Time
ORD003607,SUP0001,PRD0007,2026-09-12,1287,High,2026-09-24,2026-09-27,3,Delayed
ORD003608,SUP0045,PRD0038,2026-02-05,1900,Standard,2026-02-11,2026-02-11,0,On Time
ORD003609,SUP0040,PRD0027,2024-11-12,862,Standard,2024-11-18,2024-11-17,0,On Time
ORD003610,SUP0007,PRD0017,2025-12-06,1138,Standard,2025-12-17,2025-12-23,6,Delayed
ORD003611,SUP0042,PRD0031,2026-01-27,70,Urgent,2026-02-03,2026-02-03,0,On Time
ORD003612,SUP0002,PRD0028,2026-06-14,1513,Standard,2026-06-23,2026-06-22,0,On Time
ORD003613,SUP0006,PRD0009,2024-12-31,348,Standard,2025-01-12,2025-01-12,0,On Time
ORD003614,SUP0031,PRD0034,2026-08-20,1597,Standard,2026-08-29,2026-08-28,0,On Time
ORD003615,SUP0019,PRD0008,2024-11-12,1744,High,2024-11-16,2024-11-15,0,On Time
ORD003616,SUP0038,PRD0035,2025-10-04,52,Standard,2025-10-11,2025-10-11,0,On Time
ORD003617,SUP0032,PRD0028,2025-06-18,593,High,2025-06-24,2025-06-27,3,Delayed
ORD003618,SUP0003,PRD0033,2026-02-14,257,Standard,2026-02-23,2026-02-22,0,On Time
ORD003619,SUP0008,PRD0038,2025-11-27,1049,Standard,2025-12-06,2025-12-05,0,On Time
ORD003620,SUP0003,PRD0018,2025-03-07,1088,Urgent,2025-03-16,2025-03-15,0,On Time
ORD003621,SUP0004,PRD0007,2025-01-15,1355,High,2025-01-27,2025-01-26,0,On Time
ORD003622,SUP0028,PRD0027,2026-01-02,290,Urgent,2026-01-11,2026-01-10,0,On Time
ORD003623,SUP0057,PRD0039,2024-12-08,1768,Standard,2024-12-13,2024-12-13,0,On Time
ORD003624,SUP0002,PRD0035,2026-08-23,564,Standard,2026-09-01,2026-09-06,5,Delayed
ORD003625,SUP0015,PRD0038,2025-02-23,1118,Standard,2025-03-01,2025-03-01,0,On Time
ORD003626,SUP0025,PRD0036,2026-04-03,1965,Standard,2026-04-11,2026-04-10,0,On Time
ORD003627,SUP0015,PRD0014,2026-07-02,902,Standard,2026-07-08,2026-07-07,0,On Time
ORD003628,SUP0020,PRD0030,2025-06-21,348,Standard,2025-06-25,2025-06-25,0,On Time
ORD003629,SUP0025,PRD0019,2025-04-21,1008,High,2025-04-29,2025-04-29,0,On Time
ORD003630,SUP0005,PRD0003,2026-03-02,1652,Standard,2026-03-14,2026-03-13,0,On Time
ORD003631,SUP0037,PRD0043,2025-08-04,1278,Standard,2025-08-11,2025-08-11,0,On Time
ORD003632,SUP0023,PRD0039,2025-01-01,580,Standard,2025-01-08,2025-01-08,0,On Time
ORD003633,SUP0027,PRD0033,2026-07-30,263,High,2026-08-05,2026-08-06,1,Delayed
ORD003634,SUP0053,PRD0014,2026-05-02,633,Urgent,2026-05-07,2026-05-07,0,On Time
ORD003635,SUP0015,PRD0030,2025-04-23,489,Standard,2025-04-29,2025-04-29,0,On Time
ORD003636,SUP0060,PRD0034,2026-03-27,1012,Standard,2026-04-03,2026-04-10,7,Delayed
ORD003637,SUP0028,PRD0024,2025-11-29,1824,High,2025-12-08,2025-12-08,0,On Time
ORD003638,SUP0004,PRD0024,2026-07-04,573,Standard,2026-07-16,2026-07-16,0,On Time
ORD003639,SUP0042,PRD0036,2026-08-31,1205,Standard,2026-09-07,2026-09-07,0,On Time
ORD003640,SUP0017,PRD0011,2026-01-13,1974,Standard,2026-01-17,2026-01-16,0,On Time
ORD003641,SUP0059,PRD0018,2026-02-24,957,Standard,2026-03-01,2026-02-28,0,On Time
ORD003642,SUP0057,PRD0037,2026-06-17,1889,Urgent,2026-06-22,2026-06-21,0,On Time
ORD003643,SUP0017,PRD0009,2026-01-22,156,High,2026-01-26,2026-01-26,0,On Time
ORD003644,SUP0011,PRD0005,2026-08-02,109,Standard,2026-08-07,2026-08-11,4,Delayed
ORD003645,SUP0051,PRD0038,2026-08-11,293,Standard,2026-08-16,2026-08-15,0,On Time
ORD003646,SUP0015,PRD0030,2026-05-11,1748,Standard,2026-05-17,2026-05-16,0,On Time
ORD003647,SUP0029,PRD0023,2026-09-23,17,Urgent,2026-09-28,,,In Transit
ORD003648,SUP0056,PRD0031,2025-01-20,1171,Standard,2025-01-25,2025-01-25,0,On Time
ORD003649,SUP0004,PRD0033,2024-11-11,1534,Standard,2024-11-23,2024-11-23,0,On Time
ORD003650,SUP0008,PRD0027,2024-12-17,1466,High,2024-12-26,2024-12-25,0,On Time
ORD003651,SUP0031,PRD0012,2025-06-14,454,Standard,2025-06-23,2025-06-23,0,On Time
ORD003652,SUP0022,PRD0042,2025-09-12,1490,High,2025-09-20,2025-09-27,7,Delayed
ORD003653,SUP0025,PRD0038,2025-05-17,115,Standard,2025-05-25,2025-05-30,5,Delayed
ORD003654,SUP0034,PRD0033,2026-05-13,659,Standard,2026-05-17,2026-05-17,0,On Time
ORD003655,SUP0022,PRD0024,2026-01-11,413,Standard,2026-01-19,2026-01-19,0,On Time
ORD003656,SUP0019,PRD0027,2025-04-13,1736,Standard,2025-04-17,2025-04-17,0,On Time
ORD003657,SUP0001,PRD0040,2026-07-21,102,Standard,2026-08-02,2026-08-04,2,Delayed
ORD003658,SUP0040,PRD0030,2025-05-06,429,Standard,2025-05-12,2025-05-12,0,On Time
ORD003659,SUP0020,PRD0033,2026-06-27,1618,Standard,2026-07-01,2026-07-01,0,On Time
ORD003660,SUP0048,PRD0025,2026-09-02,1894,Standard,2026-09-09,2026-09-08,0,On Time
ORD003661,SUP0003,PRD0004,2026-05-21,1898,Standard,2026-05-30,2026-05-30,0,On Time
ORD003662,SUP0047,PRD0020,2025-07-22,488,Standard,2025-07-27,2025-07-26,0,On Time
ORD003663,SUP0025,PRD0025,2025-07-20,54,Standard,2025-07-28,2025-07-27,0,On Time
ORD003664,SUP0048,PRD0012,2025-06-11,1767,Standard,2025-06-18,2025-06-18,0,On Time
ORD003665,SUP0037,PRD0033,2024-11-20,1401,Standard,2024-11-27,2024-11-27,0,On Time
ORD003666,SUP0019,PRD0010,2025-03-01,469,Standard,2025-03-05,2025-03-10,5,Delayed
ORD003667,SUP0057,PRD0015,2026-05-19,1517,Standard,2026-05-24,2026-05-26,2,Delayed
ORD003668,SUP0009,PRD0033,2024-11-01,1628,Urgent,2024-11-07,2024-11-07,0,On Time
ORD003669,SUP0044,PRD0032,2025-02-25,401,Standard,2025-03-03,2025-03-02,0,On Time
ORD003670,SUP0030,PRD0011,2026-07-18,691,Standard,2026-07-27,2026-07-27,0,On Time
ORD003671,SUP0016,PRD0027,2024-12-26,379,Standard,2025-01-03,2025-01-03,0,On Time
ORD003672,SUP0034,PRD0004,2025-03-15,571,Standard,2025-03-19,2025-03-19,0,On Time
ORD003673,SUP0009,PRD0020,2025-09-07,964,Standard,2025-09-13,2025-09-13,0,On Time
ORD003674,SUP0008,PRD0022,2025-11-29,1894,Standard,2025-12-08,2025-12-11,3,Delayed
ORD003675,SUP0010,PRD0042,2024-11-11,841,High,2024-11-18,2024-11-18,0,On Time
ORD003676,SUP0001,PRD0043,2025-11-29,356,Standard,2025-12-11,2025-12-11,0,On Time
ORD003677,SUP0008,PRD0029,2025-10-20,1974,Standard,2025-10-29,2025-11-02,4,Delayed
ORD003678,SUP0060,PRD0010,2026-03-07,30,Standard,2026-03-14,2026-03-14,0,On Time
ORD003679,SUP0016,PRD0002,2025-04-19,1523,Standard,2025-04-27,2025-04-27,0,On Time
ORD003680,SUP0024,PRD0004,2025-12-30,920,Standard,2026-01-07,2026-01-07,0,On Time
ORD003681,SUP0026,PRD0039,2026-08-28,905,Standard,2026-09-04,2026-09-03,0,On Time
ORD003682,SUP0043,PRD0041,2026-03-18,398,High,2026-03-25,2026-03-25,0,On Time
ORD003683,SUP0020,PRD0010,2026-03-08,242,Standard,2026-03-12,2026-03-12,0,On Time
ORD003684,SUP0059,PRD0042,2025-03-18,1432,Standard,2025-03-23,2025-03-23,0,On Time
ORD003685,SUP0049,PRD0038,2025-11-02,375,Standard,2025-11-09,2025-11-09,0,On Time
ORD003686,SUP0004,PRD0020,2025-04-25,758,High,2025-05-07,2025-05-10,3,Delayed
ORD003687,SUP0034,PRD0038,2024-10-20,663,Standard,2024-10-24,2024-10-23,0,On Time
ORD003688,SUP0038,PRD0016,2026-05-02,306,Standard,2026-05-09,2026-05-09,0,On Time
ORD003689,SUP0012,PRD0001,2025-11-28,208,Standard,2025-12-03,2025-12-02,0,On Time
ORD003690,SUP0040,PRD0039,2025-08-15,299,Standard,2025-08-21,2025-08-20,0,On Time
ORD003691,SUP0024,PRD0006,2025-10-24,461,Standard,2025-11-01,2025-11-01,0,On Time
ORD003692,SUP0060,PRD0011,2026-04-29,1059,Urgent,2026-05-06,2026-05-06,0,On Time
ORD003693,SUP0012,PRD0010,2024-10-30,812,Standard,2024-11-04,2024-11-04,0,On Time
ORD003694,SUP0047,PRD0001,2025-11-06,1806,Standard,2025-11-11,2025-11-10,0,On Time
ORD003695,SUP0019,PRD0020,2025-09-07,435,Standard,2025-09-11,2025-09-11,0,On Time
ORD003696,SUP0030,PRD0038,2025-12-23,1463,High,2026-01-01,2026-01-01,0,On Time
ORD003697,SUP0001,PRD0041,2025-09-20,1922,High,2025-10-02,2025-10-02,0,On Time
ORD003698,SUP0056,PRD0002,2026-05-30,309,Standard,2026-06-04,2026-06-03,0,On Time
ORD003699,SUP0006,PRD0044,2025-12-12,1492,Standard,2025-12-24,2025-12-28,4,Delayed
ORD003700,SUP0021,PRD0010,2026-05-28,66,Standard,2026-06-04,2026-06-04,0,On Time
ORD003701,SUP0030,PRD0037,2026-06-06,1747,High,2026-06-15,2026-06-17,2,Delayed
ORD003702,SUP0051,PRD0043,2024-10-27,987,Standard,2024-11-01,2024-10-31,0,On Time
ORD003703,SUP0012,PRD0015,2025-03-28,1179,High,2025-04-02,2025-04-02,0,On Time
ORD003704,SUP0044,PRD0026,2024-11-19,1912,Standard,2024-11-25,2024-11-24,0,On Time
ORD003705,SUP0002,PRD0006,2025-08-15,120,Standard,2025-08-24,2025-08-23,0,On Time
ORD003706,SUP0003,PRD0012,2025-01-11,1129,Standard,2025-01-20,2025-01-25,5,Delayed
ORD003707,SUP0025,PRD0042,2026-07-08,158,Standard,2026-07-16,2026-07-15,0,On Time
ORD003708,SUP0002,PRD0023,2026-03-09,638,Standard,2026-03-18,2026-03-20,2,Delayed
ORD003709,SUP0040,PRD0013,2025-05-29,1993,Standard,2025-06-04,2025-06-03,0,On Time
ORD003710,SUP0030,PRD0015,2025-09-04,300,Standard,2025-09-13,2025-09-20,7,Delayed
ORD003711,SUP0040,PRD0032,2025-12-26,1758,Standard,2026-01-01,2026-01-01,0,On Time
ORD003712,SUP0025,PRD0014,2025-06-18,584,Standard,2025-06-26,2025-06-26,0,On Time
ORD003713,SUP0007,PRD0043,2024-10-13,1532,Urgent,2024-10-24,2024-10-28,4,Delayed
ORD003714,SUP0017,PRD0023,2026-05-22,1473,Standard,2026-05-26,2026-05-26,0,On Time
ORD003715,SUP0060,PRD0012,2026-05-11,735,Standard,2026-05-18,2026-05-17,0,On Time
ORD003716,SUP0014,PRD0025,2026-07-16,1095,High,2026-07-19,2026-07-18,0,On Time
ORD003717,SUP0021,PRD0044,2025-03-04,1921,Standard,2025-03-11,2025-03-10,0,On Time
ORD003718,SUP0038,PRD0031,2026-04-11,946,Standard,2026-04-18,2026-04-18,0,On Time
ORD003719,SUP0059,PRD0028,2025-11-11,1064,Standard,2025-11-16,2025-11-16,0,On Time
ORD003720,SUP0005,PRD0029,2025-02-27,1217,Standard,2025-03-11,2025-03-18,7,Delayed
ORD003721,SUP0022,PRD0026,2025-04-01,1829,High,2025-04-09,2025-04-08,0,On Time
ORD003722,SUP0045,PRD0011,2025-05-04,1560,Standard,2025-05-10,2025-05-09,0,On Time
ORD003723,SUP0017,PRD0036,2026-07-31,590,Standard,2026-08-04,2026-08-05,1,Delayed
ORD003724,SUP0015,PRD0003,2026-02-17,1926,Standard,2026-02-23,2026-02-22,0,On Time
ORD003725,SUP0050,PRD0030,2026-01-13,522,Standard,2026-01-15,2026-01-14,0,On Time
ORD003726,SUP0048,PRD0020,2026-07-21,1638,Standard,2026-07-28,2026-07-27,0,On Time
ORD003727,SUP0007,PRD0013,2025-12-17,1413,Standard,2025-12-28,2025-12-28,0,On Time
ORD003728,SUP0001,PRD0040,2026-05-29,1654,Standard,2026-06-10,2026-06-09,0,On Time
ORD003729,SUP0037,PRD0040,2025-08-12,1395,High,2025-08-19,2025-08-19,0,On Time
ORD003730,SUP0057,PRD0012,2025-04-11,847,High,2025-04-16,2025-04-15,0,On Time
ORD003731,SUP0012,PRD0011,2025-02-12,1091,High,2025-02-17,2025-02-16,0,On Time
ORD003732,SUP0046,PRD0027,2026-02-07,386,Urgent,2026-02-10,2026-02-10,0,On Time
ORD003733,SUP0006,PRD0014,2025-02-07,1651,Standard,2025-02-19,2025-02-21,2,Delayed
ORD003734,SUP0038,PRD0009,2025-10-21,394,Standard,2025-10-28,2025-10-28,0,On Time
ORD003735,SUP0024,PRD0007,2025-07-10,908,Standard,2025-07-18,2025-07-18,0,On Time
ORD003736,SUP0025,PRD0034,2026-02-04,129,Standard,2026-02-12,2026-02-12,0,On Time
ORD003737,SUP0013,PRD0005,2026-01-09,1406,Standard,2026-01-14,2026-01-13,0,On Time
ORD003738,SUP0053,PRD0021,2024-11-06,1230,Standard,2024-11-11,2024-11-10,0,On Time
ORD003739,SUP0045,PRD0031,2025-01-06,1969,Standard,2025-01-12,2025-01-11,0,On Time
ORD003740,SUP0011,PRD0035,2026-03-17,1592,High,2026-03-22,2026-03-22,0,On Time
ORD003741,SUP0051,PRD0028,2024-10-08,876,Urgent,2024-10-13,2024-10-12,0,On Time
ORD003742,SUP0012,PRD0001,2026-06-17,813,Urgent,2026-06-22,2026-06-21,0,On Time
ORD003743,SUP0051,PRD0004,2026-06-14,1663,High,2026-06-19,2026-06-18,0,On Time
ORD003744,SUP0009,PRD0004,2025-03-01,973,High,2025-03-07,2025-03-06,0,On Time
ORD003745,SUP0012,PRD0003,2025-06-05,1713,Standard,2025-06-10,2025-06-09,0,On Time
ORD003746,SUP0009,PRD0030,2026-09-17,1093,Standard,2026-09-23,2026-09-22,0,On Time
ORD003747,SUP0054,PRD0023,2024-11-20,1037,High,2024-11-26,2024-11-26,0,On Time
ORD003748,SUP0008,PRD0019,2025-12-24,831,Standard,2026-01-02,2026-01-01,0,On Time
ORD003749,SUP0023,PRD0016,2025-12-14,593,Standard,2025-12-21,2025-12-20,0,On Time
ORD003750,SUP0056,PRD0003,2026-04-05,1880,Standard,2026-04-10,2026-04-12,2,Delayed
ORD003751,SUP0024,PRD0031,2026-05-15,1227,Standard,2026-05-23,2026-05-22,0,On Time
ORD003752,SUP0043,PRD0004,2026-06-01,1785,Standard,2026-06-08,2026-06-08,0,On Time
ORD003753,SUP0052,PRD0009,2026-05-23,1050,Standard,2026-06-01,2026-05-31,0,On Time
ORD003754,SUP0060,PRD0022,2026-01-09,399,High,2026-01-16,2026-01-15,0,On Time
ORD003755,SUP0041,PRD0043,2026-03-28,571,Standard,2026-04-01,2026-03-31,0,On Time
ORD003756,SUP0054,PRD0020,2026-01-24,373,Standard,2026-01-30,2026-01-30,0,On Time
ORD003757,SUP0056,PRD0003,2026-05-03,127,High,2026-05-08,2026-05-08,0,On Time
ORD003758,SUP0006,PRD0021,2025-01-10,411,Standard,2025-01-22,2025-01-28,6,Delayed
ORD003759,SUP0003,PRD0003,2025-04-13,437,Standard,2025-04-22,2025-04-22,0,On Time
ORD003760,SUP0013,PRD0015,2026-02-05,1479,Standard,2026-02-10,2026-02-09,0,On Time
ORD003761,SUP0058,PRD0024,2025-09-01,532,Standard,2025-09-07,2025-09-06,0,On Time
ORD003762,SUP0036,PRD0044,2025-08-21,793,Standard,2025-08-27,2025-08-26,0,On Time
ORD003763,SUP0030,PRD0027,2026-06-09,372,Urgent,2026-06-18,2026-06-17,0,On Time
ORD003764,SUP0031,PRD0039,2025-06-13,848,Standard,2025-06-22,2025-06-21,0,On Time
ORD003765,SUP0005,PRD0012,2025-08-23,924,Standard,2025-09-04,2025-09-08,4,Delayed
ORD003766,SUP0049,PRD0016,2025-02-28,21,Standard,2025-03-07,2025-03-06,0,On Time
ORD003767,SUP0047,PRD0042,2025-09-21,1206,High,2025-09-26,2025-09-25,0,On Time
ORD003768,SUP0048,PRD0002,2025-12-17,959,Standard,2025-12-24,2025-12-24,0,On Time
ORD003769,SUP0040,PRD0037,2024-10-13,129,Standard,2024-10-19,2024-10-19,0,On Time
ORD003770,SUP0033,PRD0020,2025-05-05,1685,Standard,2025-05-11,2025-05-11,0,On Time
ORD003771,SUP0014,PRD0023,2026-09-09,1618,Standard,2026-09-12,2026-09-11,0,On Time
ORD003772,SUP0041,PRD0039,2024-11-04,1129,High,2024-11-08,2024-11-07,0,On Time
ORD003773,SUP0011,PRD0032,2024-10-29,1898,Standard,2024-11-03,2024-11-02,0,On Time
ORD003774,SUP0017,PRD0012,2025-05-20,437,Standard,2025-05-24,2025-05-24,0,On Time
ORD003775,SUP0028,PRD0004,2025-07-19,789,Urgent,2025-07-28,2025-07-27,0,On Time
ORD003776,SUP0010,PRD0008,2025-09-05,1981,Standard,2025-09-12,2025-09-11,0,On Time
ORD003777,SUP0013,PRD0009,2025-10-28,620,High,2025-11-02,2025-11-02,0,On Time
ORD003778,SUP0010,PRD0003,2026-05-17,913,High,2026-05-24,2026-05-24,0,On Time
ORD003779,SUP0032,PRD0019,2025-10-28,641,Urgent,2025-11-03,2025-11-03,0,On Time
ORD003780,SUP0021,PRD0023,2025-01-18,513,Standard,2025-01-25,2025-01-24,0,On Time
ORD003781,SUP0029,PRD0011,2026-07-06,1968,Standard,2026-07-11,2026-07-15,4,Delayed
ORD003782,SUP0038,PRD0028,2025-07-18,1866,Standard,2025-07-25,2025-07-24,0,On Time
ORD003783,SUP0011,PRD0027,2025-07-13,1281,High,2025-07-18,2025-07-18,0,On Time
ORD003784,SUP0034,PRD0025,2026-02-26,853,High,2026-03-02,2026-03-02,0,On Time
ORD003785,SUP0006,PRD0027,2025-04-14,479,Standard,2025-04-26,2025-04-28,2,Delayed
ORD003786,SUP0005,PRD0013,2025-10-02,431,Urgent,2025-10-14,2025-10-21,7,Delayed
ORD003787,SUP0041,PRD0010,2025-09-23,1401,High,2025-09-27,2025-09-27,0,On Time
ORD003788,SUP0012,PRD0037,2025-02-20,248,Standard,2025-02-25,2025-03-04,7,Delayed
ORD003789,SUP0036,PRD0031,2025-01-10,1612,Standard,2025-01-16,2025-01-15,0,On Time
ORD003790,SUP0057,PRD0006,2026-08-04,91,High,2026-08-09,2026-08-09,0,On Time
ORD003791,SUP0038,PRD0034,2025-08-06,1103,Standard,2025-08-13,2025-08-12,0,On Time
ORD003792,SUP0060,PRD0006,2026-09-23,1661,High,2026-09-30,,,In Transit
ORD003793,SUP0031,PRD0022,2026-06-29,1196,Standard,2026-07-08,2026-07-08,0,On Time
ORD003794,SUP0051,PRD0012,2024-10-05,1246,Standard,2024-10-10,2024-10-09,0,On Time
ORD003795,SUP0037,PRD0009,2026-01-27,1787,Standard,2026-02-03,2026-02-02,0,On Time
ORD003796,SUP0051,PRD0010,2025-07-09,1793,Standard,2025-07-14,2025-07-13,0,On Time
ORD003797,SUP0014,PRD0031,2025-07-18,1214,Standard,2025-07-21,2025-07-20,0,On Time
ORD003798,SUP0032,PRD0045,2024-11-19,1262,Standard,2024-11-25,2024-12-01,6,Delayed
ORD003799,SUP0027,PRD0033,2025-09-23,1127,High,2025-09-29,2025-09-30,1,Delayed
ORD003800,SUP0025,PRD0044,2025-08-11,1068,Urgent,2025-08-19,2025-08-19,0,On Time
ORD003801,SUP0034,PRD0005,2024-11-26,969,Standard,2024-11-30,2024-11-30,0,On Time
ORD003802,SUP0029,PRD0033,2026-01-18,465,Standard,2026-01-23,2026-01-22,0,On Time
ORD003803,SUP0010,PRD0029,2026-03-13,478,High,2026-03-20,2026-03-27,7,Delayed
ORD003804,SUP0043,PRD0009,2026-02-27,1635,High,2026-03-06,2026-03-05,0,On Time
ORD003805,SUP0058,PRD0014,2025-12-09,1266,High,2025-12-15,2025-12-14,0,On Time
ORD003806,SUP0042,PRD0033,2025-01-16,1826,Standard,2025-01-23,2025-01-23,0,On Time
ORD003807,SUP0011,PRD0005,2024-12-13,1304,Standard,2024-12-18,2024-12-23,5,Delayed
ORD003808,SUP0056,PRD0027,2025-10-08,969,Standard,2025-10-13,2025-10-12,0,On Time
ORD003809,SUP0019,PRD0018,2024-10-03,1360,High,2024-10-07,2024-10-06,0,On Time
ORD003810,SUP0049,PRD0001,2026-01-13,1701,Standard,2026-01-20,2026-01-23,3,Delayed
ORD003811,SUP0049,PRD0010,2026-08-31,221,Urgent,2026-09-07,2026-09-06,0,On Time
ORD003812,SUP0057,PRD0008,2025-01-06,306,Standard,2025-01-11,2025-01-11,0,On Time
ORD003813,SUP0057,PRD0044,2025-09-28,765,Standard,2025-10-03,2025-10-03,0,On Time
ORD003814,SUP0047,PRD0034,2024-12-18,1260,Urgent,2024-12-23,2024-12-23,0,On Time
ORD003815,SUP0023,PRD0033,2026-04-01,296,Standard,2026-04-08,2026-04-07,0,On Time
ORD003816,SUP0060,PRD0037,2024-10-01,840,Standard,2024-10-08,2024-10-08,0,On Time
ORD003817,SUP0001,PRD0011,2025-06-11,130,Standard,2025-06-23,2025-06-23,0,On Time
ORD003818,SUP0056,PRD0042,2025-02-04,1924,High,2025-02-09,2025-02-08,0,On Time
ORD003819,SUP0005,PRD0035,2026-01-03,1539,Standard,2026-01-15,2026-01-18,3,Delayed
ORD003820,SUP0025,PRD0019,2024-10-18,1933,Standard,2024-10-26,2024-10-25,0,On Time
ORD003821,SUP0024,PRD0018,2026-01-13,1250,Standard,2026-01-21,2026-01-21,0,On Time
ORD003822,SUP0032,PRD0026,2025-01-23,31,High,2025-01-29,2025-01-28,0,On Time
ORD003823,SUP0009,PRD0025,2025-06-05,112,Urgent,2025-06-11,2025-06-11,0,On Time
ORD003824,SUP0053,PRD0045,2026-04-03,1508,Urgent,2026-04-08,2026-04-07,0,On Time
ORD003825,SUP0006,PRD0031,2025-03-16,603,Standard,2025-03-28,2025-03-28,0,On Time
ORD003826,SUP0047,PRD0014,2025-02-02,1018,High,2025-02-07,2025-02-07,0,On Time
ORD003827,SUP0056,PRD0035,2025-08-09,1991,Standard,2025-08-14,2025-08-13,0,On Time
ORD003828,SUP0034,PRD0010,2025-09-03,111,Standard,2025-09-07,2025-09-07,0,On Time
ORD003829,SUP0028,PRD0042,2026-06-30,1672,Urgent,2026-07-09,2026-07-08,0,On Time
ORD003830,SUP0037,PRD0023,2025-06-25,1750,Standard,2025-07-02,2025-07-01,0,On Time
ORD003831,SUP0056,PRD0035,2026-07-30,806,Standard,2026-08-04,2026-08-04,0,On Time
ORD003832,SUP0020,PRD0031,2026-06-14,560,Standard,2026-06-18,2026-06-18,0,On Time
ORD003833,SUP0051,PRD0031,2025-02-28,1294,Standard,2025-03-05,2025-03-05,0,On Time
ORD003834,SUP0009,PRD0038,2025-01-30,1279,Standard,2025-02-05,2025-02-05,0,On Time
ORD003835,SUP0031,PRD0036,2025-01-08,719,High,2025-01-17,2025-01-17,0,On Time
ORD003836,SUP0022,PRD0023,2026-01-01,1527,Standard,2026-01-09,2026-01-09,0,On Time
ORD003837,SUP0037,PRD0035,2024-12-25,460,Standard,2025-01-01,2024-12-31,0,On Time
ORD003838,SUP0028,PRD0041,2026-04-28,142,Standard,2026-05-07,2026-05-07,0,On Time
ORD003839,SUP0025,PRD0025,2026-01-16,1696,Standard,2026-01-24,2026-01-24,0,On Time
ORD003840,SUP0050,PRD0014,2026-08-17,1358,Standard,2026-08-19,2026-08-19,0,On Time
ORD003841,SUP0001,PRD0026,2025-02-05,1444,Urgent,2025-02-17,2025-02-17,0,On Time
ORD003842,SUP0017,PRD0044,2025-09-16,466,Standard,2025-09-20,2025-09-20,0,On Time
ORD003843,SUP0019,PRD0029,2025-10-30,1311,Standard,2025-11-03,2025-11-03,0,On Time
ORD003844,SUP0033,PRD0030,2026-02-28,1854,High,2026-03-06,2026-03-06,0,On Time
ORD003845,SUP0028,PRD0005,2024-12-27,972,Standard,2025-01-05,2025-01-04,0,On Time
ORD003846,SUP0038,PRD0039,2025-12-04,1858,Standard,2025-12-11,2025-12-10,0,On Time
ORD003847,SUP0032,PRD0009,2024-12-26,69,High,2025-01-01,2025-01-07,6,Delayed
ORD003848,SUP0027,PRD0009,2026-05-31,1643,High,2026-06-06,2026-06-12,6,Delayed
ORD003849,SUP0051,PRD0033,2025-07-15,405,Standard,2025-07-20,2025-07-19,0,On Time
ORD003850,SUP0011,PRD0021,2026-06-11,1853,Urgent,2026-06-16,2026-06-15,0,On Time
ORD003851,SUP0015,PRD0018,2025-06-19,87,Standard,2025-06-25,2025-06-24,0,On Time
ORD003852,SUP0049,PRD0041,2026-06-20,977,High,2026-06-27,2026-06-26,0,On Time
ORD003853,SUP0045,PRD0044,2025-12-10,1529,Standard,2025-12-16,2025-12-15,0,On Time
ORD003854,SUP0058,PRD0015,2025-04-29,458,Standard,2025-05-05,2025-05-05,0,On Time
ORD003855,SUP0054,PRD0029,2026-04-01,521,Standard,2026-04-07,2026-04-07,0,On Time
ORD003856,SUP0024,PRD0034,2025-10-11,261,High,2025-10-19,2025-10-18,0,On Time
ORD003857,SUP0005,PRD0018,2025-08-01,112,Standard,2025-08-13,2025-08-13,0,On Time
ORD003858,SUP0010,PRD0045,2025-11-25,424,Standard,2025-12-02,2025-12-07,5,Delayed
ORD003859,SUP0041,PRD0038,2025-12-07,1284,Standard,2025-12-11,2025-12-10,0,On Time
ORD003860,SUP0057,PRD0005,2026-09-25,704,Standard,2026-09-30,,,In Transit
ORD003861,SUP0006,PRD0017,2025-01-08,554,Standard,2025-01-20,2025-01-20,0,On Time
ORD003862,SUP0042,PRD0001,2024-12-12,1022,Standard,2024-12-19,2024-12-18,0,On Time
ORD003863,SUP0033,PRD0012,2025-05-07,444,Standard,2025-05-13,2025-05-12,0,On Time
ORD003864,SUP0033,PRD0010,2025-03-19,25,Urgent,2025-03-25,2025-03-24,0,On Time
ORD003865,SUP0040,PRD0014,2025-02-05,730,Standard,2025-02-11,2025-02-11,0,On Time
ORD003866,SUP0029,PRD0042,2025-07-30,1272,Standard,2025-08-04,2025-08-03,0,On Time
ORD003867,SUP0033,PRD0013,2026-04-27,522,High,2026-05-03,2026-05-03,0,On Time
ORD003868,SUP0051,PRD0045,2025-05-13,1734,Standard,2025-05-18,2025-05-18,0,On Time
ORD003869,SUP0040,PRD0023,2025-06-05,1940,High,2025-06-11,2025-06-10,0,On Time
ORD003870,SUP0045,PRD0016,2025-09-03,1944,High,2025-09-09,2025-09-08,0,On Time
ORD003871,SUP0030,PRD0035,2026-09-18,1265,Urgent,2026-09-27,,,In Transit
ORD003872,SUP0001,PRD0023,2026-09-20,1434,High,2026-10-02,,,In Transit
ORD003873,SUP0021,PRD0042,2026-03-30,1210,Standard,2026-04-06,2026-04-05,0,On Time
ORD003874,SUP0023,PRD0035,2024-10-17,86,High,2024-10-24,2024-10-23,0,On Time
ORD003875,SUP0014,PRD0014,2025-07-21,1926,Standard,2025-07-24,2025-07-23,0,On Time
ORD003876,SUP0050,PRD0024,2025-08-29,288,Standard,2025-08-31,2025-08-30,0,On Time
ORD003877,SUP0014,PRD0042,2026-05-27,1901,Standard,2026-05-30,2026-05-30,0,On Time
ORD003878,SUP0014,PRD0006,2025-08-08,599,Standard,2025-08-11,2025-08-14,3,Delayed
ORD003879,SUP0058,PRD0005,2026-06-01,1852,Standard,2026-06-07,2026-06-07,0,On Time
ORD003880,SUP0019,PRD0032,2026-09-07,210,High,2026-09-11,2026-09-10,0,On Time
ORD003881,SUP0059,PRD0003,2026-07-30,976,High,2026-08-04,2026-08-05,1,Delayed
ORD003882,SUP0010,PRD0028,2025-11-29,417,High,2025-12-06,2025-12-05,0,On Time
ORD003883,SUP0017,PRD0008,2026-01-30,529,Standard,2026-02-03,2026-02-03,0,On Time
ORD003884,SUP0015,PRD0033,2026-06-03,1562,Standard,2026-06-09,2026-06-08,0,On Time
ORD003885,SUP0012,PRD0003,2026-05-01,1863,High,2026-05-06,2026-05-06,0,On Time
ORD003886,SUP0001,PRD0008,2026-04-19,168,High,2026-05-01,2026-04-30,0,On Time
ORD003887,SUP0029,PRD0032,2026-01-08,1149,Standard,2026-01-13,2026-01-13,0,On Time
ORD003888,SUP0039,PRD0022,2026-07-01,66,Standard,2026-07-05,2026-07-09,4,Delayed
ORD003889,SUP0049,PRD0009,2025-09-02,1281,Standard,2025-09-09,2025-09-08,0,On Time
ORD003890,SUP0043,PRD0004,2026-02-27,1852,Standard,2026-03-06,2026-03-05,0,On Time
ORD003891,SUP0010,PRD0010,2025-10-31,1381,Standard,2025-11-07,2025-11-06,0,On Time
ORD003892,SUP0019,PRD0044,2025-04-04,1063,Standard,2025-04-08,2025-04-07,0,On Time
ORD003893,SUP0039,PRD0028,2026-04-06,1461,High,2026-04-10,2026-04-09,0,On Time
ORD003894,SUP0027,PRD0033,2026-04-15,760,Standard,2026-04-21,2026-04-20,0,On Time
ORD003895,SUP0013,PRD0045,2024-11-25,551,Standard,2024-11-30,2024-11-29,0,On Time
ORD003896,SUP0023,PRD0012,2025-07-30,588,Standard,2025-08-06,2025-08-05,0,On Time
ORD003897,SUP0030,PRD0005,2025-04-10,1736,Standard,2025-04-19,2025-04-18,0,On Time
ORD003898,SUP0057,PRD0007,2026-05-10,1556,High,2026-05-15,2026-05-14,0,On Time
ORD003899,SUP0060,PRD0039,2024-10-20,1714,High,2024-10-27,2024-10-26,0,On Time
ORD003900,SUP0022,PRD0022,2024-12-17,686,Standard,2024-12-25,2024-12-25,0,On Time
ORD003901,SUP0035,PRD0037,2025-06-05,41,Standard,2025-06-10,2025-06-10,0,On Time
ORD003902,SUP0044,PRD0029,2025-04-01,419,High,2025-04-07,2025-04-07,0,On Time
ORD003903,SUP0007,PRD0013,2025-12-17,427,Standard,2025-12-28,2026-01-03,6,Delayed
ORD003904,SUP0015,PRD0008,2025-02-10,653,Standard,2025-02-16,2025-02-16,0,On Time
ORD003905,SUP0027,PRD0001,2026-02-15,896,Standard,2026-02-21,2026-02-21,0,On Time
ORD003906,SUP0022,PRD0031,2024-11-04,1770,Standard,2024-11-12,2024-11-12,0,On Time
ORD003907,SUP0023,PRD0030,2025-06-15,1154,Standard,2025-06-22,2025-06-21,0,On Time
ORD003908,SUP0034,PRD0004,2024-11-23,671,Standard,2024-11-27,2024-11-26,0,On Time
ORD003909,SUP0016,PRD0012,2026-09-08,880,Standard,2026-09-16,2026-09-15,0,On Time
ORD003910,SUP0019,PRD0017,2026-09-05,1618,High,2026-09-09,2026-09-08,0,On Time
ORD003911,SUP0055,PRD0027,2025-02-16,1351,Standard,2025-02-25,2025-02-25,0,On Time
ORD003912,SUP0017,PRD0029,2025-05-15,1473,Standard,2025-05-19,2025-05-18,0,On Time
ORD003913,SUP0028,PRD0026,2026-04-17,351,Standard,2026-04-26,2026-04-26,0,On Time
ORD003914,SUP0020,PRD0045,2025-07-26,50,Standard,2025-07-30,2025-08-01,2,Delayed
ORD003915,SUP0023,PRD0028,2025-12-12,845,Standard,2025-12-19,2025-12-18,0,On Time
ORD003916,SUP0036,PRD0030,2025-02-28,760,Standard,2025-03-06,2025-03-06,0,On Time
ORD003917,SUP0024,PRD0031,2025-06-10,309,Standard,2025-06-18,2025-06-17,0,On Time
ORD003918,SUP0058,PRD0016,2026-05-19,51,Standard,2026-05-25,2026-05-25,0,On Time
ORD003919,SUP0056,PRD0041,2026-08-05,955,Standard,2026-08-10,2026-08-11,1,Delayed
ORD003920,SUP0005,PRD0019,2024-11-20,1220,Urgent,2024-12-02,2024-12-07,5,Delayed
ORD003921,SUP0020,PRD0037,2025-05-12,1037,Standard,2025-05-16,2025-05-15,0,On Time
ORD003922,SUP0006,PRD0013,2024-10-17,438,High,2024-10-29,2024-11-05,7,Delayed
ORD003923,SUP0016,PRD0021,2025-09-13,1844,High,2025-09-21,2025-09-21,0,On Time
ORD003924,SUP0027,PRD0003,2025-06-10,854,Standard,2025-06-16,2025-06-17,1,Delayed
ORD003925,SUP0033,PRD0017,2026-03-09,1982,Standard,2026-03-15,2026-03-15,0,On Time
ORD003926,SUP0007,PRD0017,2026-02-25,1608,Standard,2026-03-08,2026-03-08,0,On Time
ORD003927,SUP0035,PRD0023,2024-10-12,399,High,2024-10-17,2024-10-16,0,On Time
ORD003928,SUP0042,PRD0008,2025-01-24,213,Standard,2025-01-31,2025-01-31,0,On Time
ORD003929,SUP0022,PRD0031,2025-07-07,181,Urgent,2025-07-15,2025-07-15,0,On Time
ORD003930,SUP0057,PRD0017,2025-07-19,1043,Standard,2025-07-24,2025-07-24,0,On Time
ORD003931,SUP0023,PRD0027,2025-10-30,1119,Standard,2025-11-06,2025-11-06,0,On Time
ORD003932,SUP0037,PRD0002,2026-06-09,1828,Urgent,2026-06-16,2026-06-15,0,On Time
ORD003933,SUP0006,PRD0005,2025-03-04,1978,Standard,2025-03-16,2025-03-16,0,On Time
ORD003934,SUP0050,PRD0044,2025-02-19,985,Standard,2025-02-21,2025-02-20,0,On Time
ORD003935,SUP0013,PRD0042,2025-01-08,1047,High,2025-01-13,2025-01-13,0,On Time
ORD003936,SUP0051,PRD0044,2026-05-15,1861,High,2026-05-20,2026-05-20,0,On Time
ORD003937,SUP0046,PRD0013,2025-10-13,161,Standard,2025-10-16,2025-10-15,0,On Time
ORD003938,SUP0019,PRD0006,2025-08-20,1564,Standard,2025-08-24,2025-08-23,0,On Time
ORD003939,SUP0035,PRD0019,2026-06-14,968,High,2026-06-19,2026-06-18,0,On Time
ORD003940,SUP0046,PRD0012,2025-04-13,1027,Urgent,2025-04-16,2025-04-16,0,On Time
ORD003941,SUP0002,PRD0033,2025-11-17,1439,Standard,2025-11-26,2025-11-30,4,Delayed
ORD003942,SUP0039,PRD0022,2025-10-22,905,Standard,2025-10-26,2025-10-26,0,On Time
ORD003943,SUP0001,PRD0010,2026-06-26,1292,Standard,2026-07-08,2026-07-07,0,On Time
ORD003944,SUP0010,PRD0014,2025-10-16,1791,Standard,2025-10-23,2025-10-22,0,On Time
ORD003945,SUP0005,PRD0005,2026-02-18,88,Standard,2026-03-02,2026-03-02,0,On Time
ORD003946,SUP0055,PRD0007,2025-05-11,730,Standard,2025-05-20,2025-05-20,0,On Time
ORD003947,SUP0047,PRD0030,2026-01-27,69,Standard,2026-02-01,2026-01-31,0,On Time
ORD003948,SUP0019,PRD0019,2026-03-19,1920,Urgent,2026-03-23,2026-03-23,0,On Time
ORD003949,SUP0033,PRD0018,2025-03-16,1152,Urgent,2025-03-22,2025-03-21,0,On Time
ORD003950,SUP0043,PRD0030,2025-10-06,1312,Standard,2025-10-13,2025-10-12,0,On Time
ORD003951,SUP0009,PRD0006,2026-08-02,1474,Standard,2026-08-08,2026-08-07,0,On Time
ORD003952,SUP0025,PRD0004,2025-05-06,593,Urgent,2025-05-14,2025-05-19,5,Delayed
ORD003953,SUP0008,PRD0004,2026-07-23,341,Standard,2026-08-01,2026-07-31,0,On Time
ORD003954,SUP0020,PRD0037,2025-02-01,619,Standard,2025-02-05,2025-02-05,0,On Time
ORD003955,SUP0056,PRD0032,2026-03-07,489,High,2026-03-12,2026-03-12,0,On Time
ORD003956,SUP0033,PRD0036,2024-10-11,1286,Standard,2024-10-17,2024-10-16,0,On Time
ORD003957,SUP0013,PRD0031,2026-02-24,322,Standard,2026-03-01,2026-03-01,0,On Time
ORD003958,SUP0010,PRD0033,2024-10-12,1699,Standard,2024-10-19,2024-10-19,0,On Time
ORD003959,SUP0015,PRD0034,2025-05-18,588,Standard,2025-05-24,2025-05-24,0,On Time
ORD003960,SUP0044,PRD0008,2025-03-26,22,Standard,2025-04-01,2025-04-01,0,On Time
ORD003961,SUP0053,PRD0037,2025-04-13,654,Standard,2025-04-18,2025-04-18,0,On Time
ORD003962,SUP0046,PRD0037,2025-07-15,837,Standard,2025-07-18,2025-07-18,0,On Time
ORD003963,SUP0018,PRD0004,2026-01-14,1895,Standard,2026-01-20,2026-01-19,0,On Time
ORD003964,SUP0021,PRD0009,2025-07-11,1545,Standard,2025-07-18,2025-07-17,0,On Time
ORD003965,SUP0025,PRD0003,2025-05-04,314,Standard,2025-05-12,2025-05-17,5,Delayed
ORD003966,SUP0006,PRD0015,2025-07-16,660,Standard,2025-07-28,2025-07-31,3,Delayed
ORD003967,SUP0029,PRD0004,2024-11-15,524,Standard,2024-11-20,2024-11-22,2,Delayed
ORD003968,SUP0019,PRD0019,2025-12-18,736,Standard,2025-12-22,2025-12-22,0,On Time
ORD003969,SUP0049,PRD0023,2026-01-26,542,High,2026-02-02,2026-02-09,7,Delayed
ORD003970,SUP0048,PRD0029,2024-12-19,1954,Standard,2024-12-26,2024-12-26,0,On Time
ORD003971,SUP0031,PRD0040,2025-07-25,1425,Standard,2025-08-03,2025-08-03,0,On Time
ORD003972,SUP0020,PRD0044,2025-05-23,1177,Standard,2025-05-27,2025-05-27,0,On Time
ORD003973,SUP0032,PRD0001,2026-05-15,432,Standard,2026-05-21,2026-05-21,0,On Time
ORD003974,SUP0024,PRD0041,2025-09-07,872,High,2025-09-15,2025-09-14,0,On Time
ORD003975,SUP0053,PRD0034,2025-03-15,865,High,2025-03-20,2025-03-19,0,On Time
ORD003976,SUP0003,PRD0032,2026-02-07,1580,Standard,2026-02-16,2026-02-16,0,On Time
ORD003977,SUP0046,PRD0009,2026-09-22,724,Standard,2026-09-25,2026-09-25,0,On Time
ORD003978,SUP0043,PRD0017,2024-12-27,1220,High,2025-01-03,2025-01-02,0,On Time
ORD003979,SUP0021,PRD0009,2025-01-12,77,High,2025-01-19,2025-01-19,0,On Time
ORD003980,SUP0047,PRD0042,2025-02-01,469,High,2025-02-06,2025-02-06,0,On Time
ORD003981,SUP0014,PRD0017,2024-11-19,378,Standard,2024-11-22,2024-11-21,0,On Time
ORD003982,SUP0035,PRD0003,2025-04-27,1081,Standard,2025-05-02,2025-05-02,0,On Time
ORD003983,SUP0053,PRD0040,2025-05-01,1700,Urgent,2025-05-06,2025-05-05,0,On Time
ORD003984,SUP0034,PRD0003,2025-02-22,1333,Urgent,2025-02-26,2025-02-25,0,On Time
ORD003985,SUP0046,PRD0029,2024-10-18,169,Standard,2024-10-21,2024-10-21,0,On Time
ORD003986,SUP0049,PRD0038,2026-09-26,1874,Standard,2026-10-03,,,In Transit
ORD003987,SUP0041,PRD0011,2026-07-19,1360,Standard,2026-07-23,2026-07-24,1,Delayed
ORD003988,SUP0044,PRD0045,2025-01-06,104,Standard,2025-01-12,2025-01-11,0,On Time
ORD003989,SUP0045,PRD0022,2025-09-08,1019,Standard,2025-09-14,2025-09-14,0,On Time
ORD003990,SUP0017,PRD0038,2026-01-12,741,Standard,2026-01-16,2026-01-15,0,On Time
ORD003991,SUP0054,PRD0013,2026-08-18,898,Standard,2026-08-24,2026-08-29,5,Delayed
ORD003992,SUP0026,PRD0019,2026-03-06,463,Standard,2026-03-13,2026-03-13,0,On Time
ORD003993,SUP0030,PRD0002,2025-08-23,297,High,2025-09-01,2025-09-01,0,On Time
ORD003994,SUP0036,PRD0024,2025-09-07,1007,Standard,2025-09-13,2025-09-12,0,On Time
ORD003995,SUP0014,PRD0036,2026-08-13,727,Standard,2026-08-16,2026-08-16,0,On Time
ORD003996,SUP0051,PRD0030,2025-05-12,1407,Standard,2025-05-17,2025-05-17,0,On Time
ORD003997,SUP0009,PRD0041,2026-01-24,107,Urgent,2026-01-30,2026-02-01,2,Delayed
ORD003998,SUP0054,PRD0022,2026-05-28,1847,Standard,2026-06-03,2026-06-02,0,On Time
ORD003999,SUP0011,PRD0003,2025-05-22,791,Standard,2025-05-27,2025-05-27,0,On Time
ORD004000,SUP0002,PRD0039,2025-04-12,1895,Standard,2025-04-21,2025-04-20,0,On Time
